{
  "type": "FeatureCollection",
  "features": [
    {
      "type": "Feature",
      "geometry": {
        "type": "Polygon",
        "coordinates": [
          [
            [
              -70.0369,
              -12.9587
            ],
            [
              -70.0369,
              -12.9589
            ],
            [
              -70.03710000000001,
              -12.9589
            ],
            [
              -70.03710000000001,
              -12.959000000000001
            ],
            [
              -70.037,
              -12.959000000000001
            ],
            [
              -70.037,
              -12.959200000000001
            ],
            [
              -70.0369,
              -12.959200000000001
            ],
            [
              -70.0369,
              -12.9593
            ],
            [
              -70.03670000000001,
              -12.9593
            ],
            [
              -70.03670000000001,
              -12.9594
            ],
            [
              -70.0368,
              -12.9594
            ],
            [
              -70.0368,
              -12.9595
            ],
            [
              -70.03670000000001,
              -12.9595
            ],
            [
              -70.03670000000001,
              -12.9597
            ],
            [
              -70.0366,
              -12.9597
            ],
            [
              -70.0366,
              -12.9596
            ],
            [
              -70.0365,
              -12.9596
            ],
            [
              -70.0365,
              -12.9595
            ],
            [
              -70.0366,
              -12.9595
            ],
            [
              -70.0366,
              -12.959200000000001
            ],
            [
              -70.0364,
              -12.959200000000001
            ],
            [
              -70.0364,
              -12.959000000000001
            ],
            [
              -70.0365,
              -12.959000000000001
            ],
            [
              -70.0365,
              -12.9589
            ],
            [
              -70.0366,
              -12.9589
            ],
            [
              -70.0366,
              -12.959100000000001
            ],
            [
              -70.0368,
              -12.959100000000001
            ],
            [
              -70.0368,
              -12.9587
            ],
            [
              -70.0369,
              -12.9587
            ]
          ]
        ]
      },
      "properties": {
        "oe_start_time": "2025-10-06T00:00:00Z",
        "oe_end_time": "2025-10-06T00:00:00Z",
        "oe_prediction_result_id": null,
        "oe_prediction_result_file_id": null,
        "oe_created_at": null,
        "center_pixel": [
          99632,
          29591
        ],
        "end_time": "2025-10-06T00:00:00+00:00",
        "start_time": "2025-10-06T00:00:00+00:00",
        "tif_fname": "080W_20S_070W_10S.tif",
        "new_label": "mining",
        "probs": [
          0.0014851534506306052,
          0.9681978821754456,
          0.0002806086849886924,
          0.00017998149269260466,
          0.00003204466702300124,
          0.0019775228574872017,
          0.00009541895269649103,
          5.6951043916342314e-6,
          0.014418822713196278,
          0.013326757587492466
        ]
      }
    },
    {
      "type": "Feature",
      "geometry": {
        "type": "Polygon",
        "coordinates": [
          [
            [
              -71.30980000000001,
              -12.8947
            ],
            [
              -71.30980000000001,
              -12.8948
            ],
            [
              -71.3096,
              -12.8948
            ],
            [
              -71.3096,
              -12.8949
            ],
            [
              -71.30980000000001,
              -12.8949
            ],
            [
              -71.30980000000001,
              -12.8952
            ],
            [
              -71.3096,
              -12.8952
            ],
            [
              -71.3096,
              -12.8953
            ],
            [
              -71.3094,
              -12.8953
            ],
            [
              -71.3094,
              -12.895100000000001
            ],
            [
              -71.3092,
              -12.895100000000001
            ],
            [
              -71.3092,
              -12.895000000000001
            ],
            [
              -71.3094,
              -12.895000000000001
            ],
            [
              -71.3094,
              -12.8947
            ],
            [
              -71.30980000000001,
              -12.8947
            ]
          ]
        ]
      },
      "properties": {
        "oe_start_time": "2025-09-11T00:00:00Z",
        "oe_end_time": "2025-09-11T00:00:00Z",
        "oe_prediction_result_id": null,
        "oe_prediction_result_file_id": null,
        "oe_created_at": null,
        "center_pixel": [
          86904,
          28949
        ],
        "end_time": "2025-09-11T00:00:00+00:00",
        "start_time": "2025-09-11T00:00:00+00:00",
        "tif_fname": "080W_20S_070W_10S.tif",
        "new_label": "agriculture",
        "probs": [
          0.20023348927497864,
          0.0251004658639431,
          0.07507681101560593,
          0.1420840471982956,
          0.08622509241104126,
          0.06397584825754166,
          0.16790229082107544,
          0.0208731759339571,
          0.030712194740772247,
          0.1878165900707245
        ]
      }
    },
    {
      "type": "Feature",
      "geometry": {
        "type": "Polygon",
        "coordinates": [
          [
            [
              -74.507,
              -11.0824
            ],
            [
              -74.507,
              -11.0828
            ],
            [
              -74.5068,
              -11.0828
            ],
            [
              -74.5068,
              -11.0829
            ],
            [
              -74.5069,
              -11.0829
            ],
            [
              -74.5069,
              -11.083
            ],
            [
              -74.50670000000001,
              -11.083
            ],
            [
              -74.50670000000001,
              -11.0828
            ],
            [
              -74.5065,
              -11.0828
            ],
            [
              -74.5065,
              -11.082500000000001
            ],
            [
              -74.5066,
              -11.082500000000001
            ],
            [
              -74.5066,
              -11.0824
            ],
            [
              -74.507,
              -11.0824
            ]
          ]
        ]
      },
      "properties": {
        "oe_start_time": "2025-08-30T00:00:00Z",
        "oe_end_time": "2025-08-30T00:00:00Z",
        "oe_prediction_result_id": null,
        "oe_prediction_result_file_id": null,
        "oe_created_at": null,
        "center_pixel": [
          54932,
          10826
        ],
        "end_time": "2025-08-30T00:00:00+00:00",
        "start_time": "2025-08-30T00:00:00+00:00",
        "tif_fname": "080W_20S_070W_10S.tif",
        "new_label": "agriculture",
        "probs": [
          0.9744092226028442,
          0.00006636362377321348,
          0.0008410015143454075,
          0.008586542680859566,
          0.00044819206232205033,
          0.006851281970739365,
          0.00009599648910807446,
          0.00037953496212139726,
          0.0002535062958486378,
          0.00806843489408493
        ]
      }
    },
    {
      "type": "Feature",
      "geometry": {
        "type": "Polygon",
        "coordinates": [
          [
            [
              -70.58290000000001,
              -12.4748
            ],
            [
              -70.58290000000001,
              -12.4749
            ],
            [
              -70.5831,
              -12.4749
            ],
            [
              -70.5831,
              -12.475100000000001
            ],
            [
              -70.58290000000001,
              -12.475100000000001
            ],
            [
              -70.58290000000001,
              -12.4757
            ],
            [
              -70.5827,
              -12.4757
            ],
            [
              -70.5827,
              -12.4756
            ],
            [
              -70.5826,
              -12.4756
            ],
            [
              -70.5826,
              -12.4754
            ],
            [
              -70.5827,
              -12.4754
            ],
            [
              -70.5827,
              -12.4749
            ],
            [
              -70.5828,
              -12.4749
            ],
            [
              -70.5828,
              -12.4748
            ],
            [
              -70.58290000000001,
              -12.4748
            ]
          ]
        ]
      },
      "properties": {
        "oe_start_time": "2025-09-23T00:00:00Z",
        "oe_end_time": "2025-09-23T00:00:00Z",
        "oe_prediction_result_id": null,
        "oe_prediction_result_file_id": null,
        "oe_created_at": null,
        "center_pixel": [
          94171,
          24752
        ],
        "end_time": "2025-09-23T00:00:00+00:00",
        "start_time": "2025-09-23T00:00:00+00:00",
        "tif_fname": "080W_20S_070W_10S.tif",
        "new_label": "agriculture",
        "probs": [
          0.9945996999740601,
          8.524929398845416e-6,
          0.00008258158050011843,
          0.0007255258969962597,
          0.000016708630937500857,
          0.00129022728651762,
          1.0168466815230204e-6,
          0.000021931895389570855,
          0.00008623686881037429,
          0.0031675512436777353
        ]
      }
    },
    {
      "type": "Feature",
      "geometry": {
        "type": "Polygon",
        "coordinates": [
          [
            [
              -71.1622,
              -10.4931
            ],
            [
              -71.1622,
              -10.4932
            ],
            [
              -71.1623,
              -10.4932
            ],
            [
              -71.1623,
              -10.4933
            ],
            [
              -71.1622,
              -10.4933
            ],
            [
              -71.1622,
              -10.493500000000001
            ],
            [
              -71.1623,
              -10.493500000000001
            ],
            [
              -71.1623,
              -10.4936
            ],
            [
              -71.1624,
              -10.4936
            ],
            [
              -71.1624,
              -10.493500000000001
            ],
            [
              -71.16250000000001,
              -10.493500000000001
            ],
            [
              -71.16250000000001,
              -10.4937
            ],
            [
              -71.1624,
              -10.4937
            ],
            [
              -71.1624,
              -10.494200000000001
            ],
            [
              -71.1623,
              -10.494200000000001
            ],
            [
              -71.1623,
              -10.494100000000001
            ],
            [
              -71.1622,
              -10.494100000000001
            ],
            [
              -71.1622,
              -10.4943
            ],
            [
              -71.16210000000001,
              -10.4943
            ],
            [
              -71.16210000000001,
              -10.494
            ],
            [
              -71.162,
              -10.494
            ],
            [
              -71.162,
              -10.4939
            ],
            [
              -71.16210000000001,
              -10.4939
            ],
            [
              -71.16210000000001,
              -10.4938
            ],
            [
              -71.1622,
              -10.4938
            ],
            [
              -71.1622,
              -10.4936
            ],
            [
              -71.162,
              -10.4936
            ],
            [
              -71.162,
              -10.493500000000001
            ],
            [
              -71.16210000000001,
              -10.493500000000001
            ],
            [
              -71.16210000000001,
              -10.4931
            ],
            [
              -71.1622,
              -10.4931
            ]
          ],
          [
            [
              -71.1623,
              -10.4939
            ],
            [
              -71.1622,
              -10.4939
            ],
            [
              -71.1622,
              -10.494
            ],
            [
              -71.1623,
              -10.494
            ],
            [
              -71.1623,
              -10.4939
            ]
          ]
        ]
      },
      "properties": {
        "oe_start_time": "2025-09-16T00:00:00Z",
        "oe_end_time": "2025-09-16T00:00:00Z",
        "oe_prediction_result_id": null,
        "oe_prediction_result_file_id": null,
        "oe_created_at": null,
        "center_pixel": [
          88377,
          4937
        ],
        "end_time": "2025-09-16T00:00:00+00:00",
        "start_time": "2025-09-16T00:00:00+00:00",
        "tif_fname": "080W_20S_070W_10S.tif",
        "new_label": "burned",
        "probs": [
          0.007452530320733786,
          0.0013432076666504145,
          0.008131720125675201,
          0.009602675214409828,
          0.2376796007156372,
          0.32141560316085815,
          0.0008523421711288393,
          0.11874070763587952,
          0.005473943427205086,
          0.28930771350860596
        ]
      }
    },
    {
      "type": "Feature",
      "geometry": {
        "type": "Polygon",
        "coordinates": [
          [
            [
              -73.6953,
              -11.282300000000001
            ],
            [
              -73.6953,
              -11.2827
            ],
            [
              -73.6957,
              -11.2827
            ],
            [
              -73.6957,
              -11.2829
            ],
            [
              -73.69500000000001,
              -11.2829
            ],
            [
              -73.69500000000001,
              -11.2826
            ],
            [
              -73.6951,
              -11.2826
            ],
            [
              -73.6951,
              -11.2825
            ],
            [
              -73.69500000000001,
              -11.2825
            ],
            [
              -73.69500000000001,
              -11.2824
            ],
            [
              -73.6951,
              -11.2824
            ],
            [
              -73.6951,
              -11.282300000000001
            ],
            [
              -73.6953,
              -11.282300000000001
            ]
          ]
        ]
      },
      "properties": {
        "oe_start_time": "2025-09-16T00:00:00Z",
        "oe_end_time": "2025-09-16T00:00:00Z",
        "oe_prediction_result_id": null,
        "oe_prediction_result_file_id": null,
        "oe_created_at": null,
        "center_pixel": [
          63047,
          12826
        ],
        "end_time": "2025-09-16T00:00:00+00:00",
        "start_time": "2025-09-16T00:00:00+00:00",
        "tif_fname": "080W_20S_070W_10S.tif",
        "new_label": "agriculture",
        "probs": [
          0.9977522492408752,
          5.751904154749354e-6,
          0.0002889151801355183,
          0.0011602441081777215,
          0.000017228951037395746,
          0.0004215401131659746,
          1.6923168004723266e-6,
          0.000013039370060141664,
          0.000024364566343137994,
          0.0003149605472572148
        ]
      }
    },
    {
      "type": "Feature",
      "geometry": {
        "type": "Polygon",
        "coordinates": [
          [
            [
              -72.99300000000001,
              -12.3443
            ],
            [
              -72.99300000000001,
              -12.3444
            ],
            [
              -72.9928,
              -12.3444
            ],
            [
              -72.9928,
              -12.344700000000001
            ],
            [
              -72.9929,
              -12.344700000000001
            ],
            [
              -72.9929,
              -12.3446
            ],
            [
              -72.99300000000001,
              -12.3446
            ],
            [
              -72.99300000000001,
              -12.344800000000001
            ],
            [
              -72.9924,
              -12.344800000000001
            ],
            [
              -72.9924,
              -12.3446
            ],
            [
              -72.99260000000001,
              -12.3446
            ],
            [
              -72.99260000000001,
              -12.3443
            ],
            [
              -72.99300000000001,
              -12.3443
            ]
          ]
        ]
      },
      "properties": {
        "oe_start_time": "2025-09-14T00:00:00Z",
        "oe_end_time": "2025-09-14T00:00:00Z",
        "oe_prediction_result_id": null,
        "oe_prediction_result_file_id": null,
        "oe_created_at": null,
        "center_pixel": [
          70072,
          23445
        ],
        "end_time": "2025-09-14T00:00:00+00:00",
        "start_time": "2025-09-14T00:00:00+00:00",
        "tif_fname": "080W_20S_070W_10S.tif",
        "new_label": "agriculture",
        "probs": [
          0.9998737573623657,
          2.0950046746293083e-6,
          0.00005739891639677808,
          0.00002473492168064695,
          9.062096637535433e-7,
          8.645732123113703e-6,
          1.2857346121109003e-7,
          0.000016704721929272637,
          2.421371391392313e-6,
          0.000013192876394896302
        ]
      }
    },
    {
      "type": "Feature",
      "geometry": {
        "type": "Polygon",
        "coordinates": [
          [
            [
              -73.9008,
              -10.019300000000001
            ],
            [
              -73.9008,
              -10.019400000000001
            ],
            [
              -73.9012,
              -10.019400000000001
            ],
            [
              -73.9012,
              -10.0196
            ],
            [
              -73.90140000000001,
              -10.0196
            ],
            [
              -73.90140000000001,
              -10.0198
            ],
            [
              -73.90180000000001,
              -10.0198
            ],
            [
              -73.90180000000001,
              -10.020000000000001
            ],
            [
              -73.902,
              -10.020000000000001
            ],
            [
              -73.902,
              -10.020100000000001
            ],
            [
              -73.9021,
              -10.020100000000001
            ],
            [
              -73.9021,
              -10.0207
            ],
            [
              -73.902,
              -10.0207
            ],
            [
              -73.902,
              -10.021
            ],
            [
              -73.9023,
              -10.021
            ],
            [
              -73.9023,
              -10.0212
            ],
            [
              -73.9025,
              -10.0212
            ],
            [
              -73.9025,
              -10.021600000000001
            ],
            [
              -73.9023,
              -10.021600000000001
            ],
            [
              -73.9023,
              -10.022
            ],
            [
              -73.90220000000001,
              -10.022
            ],
            [
              -73.90220000000001,
              -10.0221
            ],
            [
              -73.9021,
              -10.0221
            ],
            [
              -73.9021,
              -10.022300000000001
            ],
            [
              -73.90180000000001,
              -10.022300000000001
            ],
            [
              -73.90180000000001,
              -10.0221
            ],
            [
              -73.9012,
              -10.0221
            ],
            [
              -73.9012,
              -10.022
            ],
            [
              -73.9011,
              -10.022
            ],
            [
              -73.9011,
              -10.0219
            ],
            [
              -73.9006,
              -10.0219
            ],
            [
              -73.9006,
              -10.022
            ],
            [
              -73.9007,
              -10.022
            ],
            [
              -73.9007,
              -10.0221
            ],
            [
              -73.9003,
              -10.0221
            ],
            [
              -73.9003,
              -10.0219
            ],
            [
              -73.90050000000001,
              -10.0219
            ],
            [
              -73.90050000000001,
              -10.0218
            ],
            [
              -73.9004,
              -10.0218
            ],
            [
              -73.9004,
              -10.021700000000001
            ],
            [
              -73.90050000000001,
              -10.021700000000001
            ],
            [
              -73.90050000000001,
              -10.0215
            ],
            [
              -73.9003,
              -10.0215
            ],
            [
              -73.9003,
              -10.0214
            ],
            [
              -73.9,
              -10.0214
            ],
            [
              -73.9,
              -10.0212
            ],
            [
              -73.8998,
              -10.0212
            ],
            [
              -73.8998,
              -10.021
            ],
            [
              -73.89970000000001,
              -10.021
            ],
            [
              -73.89970000000001,
              -10.020900000000001
            ],
            [
              -73.8994,
              -10.020900000000001
            ],
            [
              -73.8994,
              -10.021
            ],
            [
              -73.89920000000001,
              -10.021
            ],
            [
              -73.89920000000001,
              -10.020900000000001
            ],
            [
              -73.8993,
              -10.020900000000001
            ],
            [
              -73.8993,
              -10.0207
            ],
            [
              -73.8994,
              -10.0207
            ],
            [
              -73.8994,
              -10.0206
            ],
            [
              -73.8995,
              -10.0206
            ],
            [
              -73.8995,
              -10.0205
            ],
            [
              -73.8996,
              -10.0205
            ],
            [
              -73.8996,
              -10.0203
            ],
            [
              -73.89970000000001,
              -10.0203
            ],
            [
              -73.89970000000001,
              -10.0204
            ],
            [
              -73.8998,
              -10.0204
            ],
            [
              -73.8998,
              -10.020000000000001
            ],
            [
              -73.8999,
              -10.020000000000001
            ],
            [
              -73.8999,
              -10.0199
            ],
            [
              -73.8998,
              -10.0199
            ],
            [
              -73.8998,
              -10.0197
            ],
            [
              -73.8999,
              -10.0197
            ],
            [
              -73.8999,
              -10.0198
            ],
            [
              -73.90010000000001,
              -10.0198
            ],
            [
              -73.90010000000001,
              -10.0195
            ],
            [
              -73.9002,
              -10.0195
            ],
            [
              -73.9002,
              -10.019400000000001
            ],
            [
              -73.9007,
              -10.019400000000001
            ],
            [
              -73.9007,
              -10.019300000000001
            ],
            [
              -73.9008,
              -10.019300000000001
            ]
          ],
          [
            [
              -73.90220000000001,
              -10.0219
            ],
            [
              -73.9021,
              -10.0219
            ],
            [
              -73.9021,
              -10.022
            ],
            [
              -73.90220000000001,
              -10.022
            ],
            [
              -73.90220000000001,
              -10.0219
            ]
          ]
        ]
      },
      "properties": {
        "oe_start_time": "2025-09-24T00:00:00Z",
        "oe_end_time": "2025-09-24T00:00:00Z",
        "oe_prediction_result_id": null,
        "oe_prediction_result_file_id": null,
        "oe_created_at": null,
        "center_pixel": [
          60989,
          207
        ],
        "end_time": "2025-09-24T00:00:00+00:00",
        "start_time": "2025-09-24T00:00:00+00:00",
        "tif_fname": "080W_20S_070W_10S.tif",
        "new_label": "agriculture",
        "probs": [
          0.9990078806877136,
          2.601770120236324e-6,
          0.000023571466954308562,
          8.484870704705827e-6,
          5.71777263758122e-7,
          0.0007628042949363589,
          3.6162635552727806e-8,
          0.000016714544472051784,
          0.00001923445233842358,
          0.0001580202515469864
        ]
      }
    },
    {
      "type": "Feature",
      "geometry": {
        "type": "Polygon",
        "coordinates": [
          [
            [
              -70.2934,
              -12.5777
            ],
            [
              -70.2934,
              -12.5784
            ],
            [
              -70.2938,
              -12.5784
            ],
            [
              -70.2938,
              -12.578000000000001
            ],
            [
              -70.294,
              -12.578000000000001
            ],
            [
              -70.294,
              -12.577900000000001
            ],
            [
              -70.2941,
              -12.577900000000001
            ],
            [
              -70.2941,
              -12.578000000000001
            ],
            [
              -70.2942,
              -12.578000000000001
            ],
            [
              -70.2942,
              -12.577900000000001
            ],
            [
              -70.2943,
              -12.577900000000001
            ],
            [
              -70.2943,
              -12.5784
            ],
            [
              -70.294,
              -12.5784
            ],
            [
              -70.294,
              -12.5785
            ],
            [
              -70.2941,
              -12.5785
            ],
            [
              -70.2941,
              -12.5786
            ],
            [
              -70.2938,
              -12.5786
            ],
            [
              -70.2938,
              -12.5791
            ],
            [
              -70.29310000000001,
              -12.5791
            ],
            [
              -70.29310000000001,
              -12.579
            ],
            [
              -70.2933,
              -12.579
            ],
            [
              -70.2933,
              -12.5789
            ],
            [
              -70.2934,
              -12.5789
            ],
            [
              -70.2934,
              -12.578800000000001
            ],
            [
              -70.29350000000001,
              -12.578800000000001
            ],
            [
              -70.29350000000001,
              -12.578700000000001
            ],
            [
              -70.2936,
              -12.578700000000001
            ],
            [
              -70.2936,
              -12.5786
            ],
            [
              -70.2934,
              -12.5786
            ],
            [
              -70.2934,
              -12.578700000000001
            ],
            [
              -70.2933,
              -12.578700000000001
            ],
            [
              -70.2933,
              -12.578800000000001
            ],
            [
              -70.2932,
              -12.578800000000001
            ],
            [
              -70.2932,
              -12.5786
            ],
            [
              -70.293,
              -12.5786
            ],
            [
              -70.293,
              -12.5784
            ],
            [
              -70.2932,
              -12.5784
            ],
            [
              -70.2932,
              -12.578000000000001
            ],
            [
              -70.2933,
              -12.578000000000001
            ],
            [
              -70.2933,
              -12.5777
            ],
            [
              -70.2934,
              -12.5777
            ]
          ],
          [
            [
              -70.2933,
              -12.5784
            ],
            [
              -70.2932,
              -12.5784
            ],
            [
              -70.2932,
              -12.5785
            ],
            [
              -70.2933,
              -12.5785
            ],
            [
              -70.2933,
              -12.5784
            ]
          ],
          [
            [
              -70.2937,
              -12.578800000000001
            ],
            [
              -70.2936,
              -12.578800000000001
            ],
            [
              -70.2936,
              -12.579
            ],
            [
              -70.2937,
              -12.579
            ],
            [
              -70.2937,
              -12.578800000000001
            ]
          ]
        ]
      },
      "properties": {
        "oe_start_time": "2025-09-11T00:00:00Z",
        "oe_end_time": "2025-09-11T00:00:00Z",
        "oe_prediction_result_id": null,
        "oe_prediction_result_file_id": null,
        "oe_created_at": null,
        "center_pixel": [
          97063,
          25784
        ],
        "end_time": "2025-09-11T00:00:00+00:00",
        "start_time": "2025-09-11T00:00:00+00:00",
        "tif_fname": "080W_20S_070W_10S.tif",
        "new_label": "mining",
        "probs": [
          0.05305767431855202,
          0.8876398801803589,
          0.024937698617577553,
          0.03223255276679993,
          0.00010356007987866178,
          0.00003653889143606648,
          0.0003338207025080919,
          4.322779659560183e-6,
          0.0008186415652744472,
          0.00083546043606475
        ]
      }
    },
    {
      "type": "Feature",
      "geometry": {
        "type": "Polygon",
        "coordinates": [
          [
            [
              -74.3979,
              -11.4968
            ],
            [
              -74.3979,
              -11.497
            ],
            [
              -74.3978,
              -11.497
            ],
            [
              -74.3978,
              -11.497200000000001
            ],
            [
              -74.3979,
              -11.497200000000001
            ],
            [
              -74.3979,
              -11.497300000000001
            ],
            [
              -74.3976,
              -11.497300000000001
            ],
            [
              -74.3976,
              -11.4974
            ],
            [
              -74.3977,
              -11.4974
            ],
            [
              -74.3977,
              -11.4975
            ],
            [
              -74.3978,
              -11.4975
            ],
            [
              -74.3978,
              -11.4976
            ],
            [
              -74.3976,
              -11.4976
            ],
            [
              -74.3976,
              -11.4977
            ],
            [
              -74.3978,
              -11.4977
            ],
            [
              -74.3978,
              -11.4978
            ],
            [
              -74.39750000000001,
              -11.4978
            ],
            [
              -74.39750000000001,
              -11.4977
            ],
            [
              -74.3974,
              -11.4977
            ],
            [
              -74.3974,
              -11.4978
            ],
            [
              -74.3969,
              -11.4978
            ],
            [
              -74.3969,
              -11.4977
            ],
            [
              -74.3968,
              -11.4977
            ],
            [
              -74.3968,
              -11.4976
            ],
            [
              -74.39670000000001,
              -11.4976
            ],
            [
              -74.39670000000001,
              -11.4974
            ],
            [
              -74.3968,
              -11.4974
            ],
            [
              -74.3968,
              -11.4975
            ],
            [
              -74.3969,
              -11.4975
            ],
            [
              -74.3969,
              -11.497200000000001
            ],
            [
              -74.39750000000001,
              -11.497200000000001
            ],
            [
              -74.39750000000001,
              -11.497100000000001
            ],
            [
              -74.3976,
              -11.497100000000001
            ],
            [
              -74.3976,
              -11.4968
            ],
            [
              -74.3979,
              -11.4968
            ]
          ],
          [
            [
              -74.3972,
              -11.497300000000001
            ],
            [
              -74.397,
              -11.497300000000001
            ],
            [
              -74.397,
              -11.4975
            ],
            [
              -74.3972,
              -11.4975
            ],
            [
              -74.3972,
              -11.497300000000001
            ]
          ]
        ]
      },
      "properties": {
        "oe_start_time": "2025-10-06T00:00:00Z",
        "oe_end_time": "2025-10-06T00:00:00Z",
        "oe_prediction_result_id": null,
        "oe_prediction_result_file_id": null,
        "oe_created_at": null,
        "center_pixel": [
          56026,
          14974
        ],
        "end_time": "2025-10-06T00:00:00+00:00",
        "start_time": "2025-10-06T00:00:00+00:00",
        "tif_fname": "080W_20S_070W_10S.tif",
        "new_label": "agriculture",
        "probs": [
          0.9694038033485413,
          0.00004368448571767658,
          0.0004593456687871367,
          0.0022557396441698074,
          0.0001899733324535191,
          0.014790800400078297,
          0.00008062878623604774,
          0.0005530804046429694,
          0.00017012852185871452,
          0.012052780948579311
        ]
      }
    },
    {
      "type": "Feature",
      "geometry": {
        "type": "Polygon",
        "coordinates": [
          [
            [
              -74.6897,
              -10.8141
            ],
            [
              -74.6897,
              -10.814200000000001
            ],
            [
              -74.68950000000001,
              -10.814200000000001
            ],
            [
              -74.68950000000001,
              -10.814300000000001
            ],
            [
              -74.6898,
              -10.814300000000001
            ],
            [
              -74.6898,
              -10.8145
            ],
            [
              -74.68950000000001,
              -10.8145
            ],
            [
              -74.68950000000001,
              -10.8146
            ],
            [
              -74.6894,
              -10.8146
            ],
            [
              -74.6894,
              -10.8147
            ],
            [
              -74.68950000000001,
              -10.8147
            ],
            [
              -74.68950000000001,
              -10.8148
            ],
            [
              -74.6894,
              -10.8148
            ],
            [
              -74.6894,
              -10.815000000000001
            ],
            [
              -74.6893,
              -10.815000000000001
            ],
            [
              -74.6893,
              -10.814300000000001
            ],
            [
              -74.68910000000001,
              -10.814300000000001
            ],
            [
              -74.68910000000001,
              -10.814200000000001
            ],
            [
              -74.6893,
              -10.814200000000001
            ],
            [
              -74.6893,
              -10.8141
            ],
            [
              -74.6897,
              -10.8141
            ]
          ]
        ]
      },
      "properties": {
        "oe_start_time": "2025-08-23T00:00:00Z",
        "oe_end_time": "2025-08-23T00:00:00Z",
        "oe_prediction_result_id": null,
        "oe_prediction_result_file_id": null,
        "oe_created_at": null,
        "center_pixel": [
          53105,
          8144
        ],
        "end_time": "2025-08-23T00:00:00+00:00",
        "start_time": "2025-08-23T00:00:00+00:00",
        "tif_fname": "080W_20S_070W_10S.tif",
        "new_label": "agriculture",
        "probs": [
          0.9803581237792969,
          0.00005652344043483026,
          0.0005631032981909811,
          0.002914854558184743,
          0.0003711618483066559,
          0.004794941749423742,
          0.000010620267858030275,
          0.0005243748310022056,
          0.00014505343278869987,
          0.010261227376759052
        ]
      }
    },
    {
      "type": "Feature",
      "geometry": {
        "type": "Polygon",
        "coordinates": [
          [
            [
              -74.3771,
              -10.6808
            ],
            [
              -74.3771,
              -10.680900000000001
            ],
            [
              -74.3773,
              -10.680900000000001
            ],
            [
              -74.3773,
              -10.681000000000001
            ],
            [
              -74.3775,
              -10.681000000000001
            ],
            [
              -74.3775,
              -10.6815
            ],
            [
              -74.37740000000001,
              -10.6815
            ],
            [
              -74.37740000000001,
              -10.6814
            ],
            [
              -74.3772,
              -10.6814
            ],
            [
              -74.3772,
              -10.6813
            ],
            [
              -74.3771,
              -10.6813
            ],
            [
              -74.3771,
              -10.6812
            ],
            [
              -74.37700000000001,
              -10.6812
            ],
            [
              -74.37700000000001,
              -10.6811
            ],
            [
              -74.3769,
              -10.6811
            ],
            [
              -74.3769,
              -10.680900000000001
            ],
            [
              -74.37700000000001,
              -10.680900000000001
            ],
            [
              -74.37700000000001,
              -10.6808
            ],
            [
              -74.3771,
              -10.6808
            ]
          ]
        ]
      },
      "properties": {
        "oe_start_time": "2025-09-06T00:00:00Z",
        "oe_end_time": "2025-09-06T00:00:00Z",
        "oe_prediction_result_id": null,
        "oe_prediction_result_file_id": null,
        "oe_created_at": null,
        "center_pixel": [
          56227,
          6811
        ],
        "end_time": "2025-09-06T00:00:00+00:00",
        "start_time": "2025-09-06T00:00:00+00:00",
        "tif_fname": "080W_20S_070W_10S.tif",
        "new_label": "agriculture",
        "probs": [
          0.997246265411377,
          3.5302243759360863e-6,
          0.00009784128633327782,
          0.001338449539616704,
          0.00002547253097873181,
          0.0005219154991209507,
          2.7698110898199957e-6,
          0.00002502193092368543,
          0.000010732116606959607,
          0.0007281574071384966
        ]
      }
    },
    {
      "type": "Feature",
      "geometry": {
        "type": "Polygon",
        "coordinates": [
          [
            [
              -73.0707,
              -11.658100000000001
            ],
            [
              -73.0707,
              -11.6582
            ],
            [
              -73.07050000000001,
              -11.6582
            ],
            [
              -73.07050000000001,
              -11.658700000000001
            ],
            [
              -73.0708,
              -11.658700000000001
            ],
            [
              -73.0708,
              -11.658800000000001
            ],
            [
              -73.0707,
              -11.658800000000001
            ],
            [
              -73.0707,
              -11.659
            ],
            [
              -73.0703,
              -11.659
            ],
            [
              -73.0703,
              -11.658700000000001
            ],
            [
              -73.07000000000001,
              -11.658700000000001
            ],
            [
              -73.07000000000001,
              -11.6583
            ],
            [
              -73.0701,
              -11.6583
            ],
            [
              -73.0701,
              -11.6582
            ],
            [
              -73.0703,
              -11.6582
            ],
            [
              -73.0703,
              -11.658100000000001
            ],
            [
              -73.0707,
              -11.658100000000001
            ]
          ],
          [
            [
              -73.0706,
              -11.658800000000001
            ],
            [
              -73.07050000000001,
              -11.658800000000001
            ],
            [
              -73.07050000000001,
              -11.658900000000001
            ],
            [
              -73.0706,
              -11.658900000000001
            ],
            [
              -73.0706,
              -11.658800000000001
            ]
          ]
        ]
      },
      "properties": {
        "oe_start_time": "2025-08-30T00:00:00Z",
        "oe_end_time": "2025-08-30T00:00:00Z",
        "oe_prediction_result_id": null,
        "oe_prediction_result_file_id": null,
        "oe_created_at": null,
        "center_pixel": [
          69296,
          16585
        ],
        "end_time": "2025-08-30T00:00:00+00:00",
        "start_time": "2025-08-30T00:00:00+00:00",
        "tif_fname": "080W_20S_070W_10S.tif",
        "new_label": "agriculture",
        "probs": [
          0.8913140296936035,
          0.001012970693409443,
          0.014367343857884407,
          0.009895086288452148,
          0.002131280256435275,
          0.002011113101616502,
          0.00003779571125051007,
          0.0006022250163368881,
          0.0701783299446106,
          0.008449800312519073
        ]
      }
    },
    {
      "type": "Feature",
      "geometry": {
        "type": "Polygon",
        "coordinates": [
          [
            [
              -70.4274,
              -13.243500000000001
            ],
            [
              -70.4274,
              -13.2436
            ],
            [
              -70.42790000000001,
              -13.2436
            ],
            [
              -70.42790000000001,
              -13.2437
            ],
            [
              -70.4277,
              -13.2437
            ],
            [
              -70.4277,
              -13.244
            ],
            [
              -70.4276,
              -13.244
            ],
            [
              -70.4276,
              -13.244200000000001
            ],
            [
              -70.42750000000001,
              -13.244200000000001
            ],
            [
              -70.42750000000001,
              -13.2439
            ],
            [
              -70.4274,
              -13.2439
            ],
            [
              -70.4274,
              -13.2438
            ],
            [
              -70.4272,
              -13.2438
            ],
            [
              -70.4272,
              -13.2437
            ],
            [
              -70.42710000000001,
              -13.2437
            ],
            [
              -70.42710000000001,
              -13.2436
            ],
            [
              -70.4272,
              -13.2436
            ],
            [
              -70.4272,
              -13.243500000000001
            ],
            [
              -70.4274,
              -13.243500000000001
            ]
          ]
        ]
      },
      "properties": {
        "oe_start_time": "2025-09-01T00:00:00Z",
        "oe_end_time": "2025-09-01T00:00:00Z",
        "oe_prediction_result_id": null,
        "oe_prediction_result_file_id": null,
        "oe_created_at": null,
        "center_pixel": [
          95725,
          32437
        ],
        "end_time": "2025-09-01T00:00:00+00:00",
        "start_time": "2025-09-01T00:00:00+00:00",
        "tif_fname": "080W_20S_070W_10S.tif",
        "new_label": "agriculture",
        "probs": [
          0.9997267127037048,
          8.650368954477017e-7,
          0.000024777533326414414,
          0.00009368027531309053,
          7.423493570968276e-7,
          0.00006519804446725175,
          9.260594424631563e-8,
          1.3140344208295573e-6,
          4.22482253270573e-6,
          0.00008244461787398905
        ]
      }
    },
    {
      "type": "Feature",
      "geometry": {
        "type": "Polygon",
        "coordinates": [
          [
            [
              -74.8187,
              -10.46
            ],
            [
              -74.8187,
              -10.4602
            ],
            [
              -74.8189,
              -10.4602
            ],
            [
              -74.8189,
              -10.4604
            ],
            [
              -74.819,
              -10.4604
            ],
            [
              -74.819,
              -10.460700000000001
            ],
            [
              -74.8185,
              -10.460700000000001
            ],
            [
              -74.8185,
              -10.4609
            ],
            [
              -74.81830000000001,
              -10.4609
            ],
            [
              -74.81830000000001,
              -10.4608
            ],
            [
              -74.8182,
              -10.4608
            ],
            [
              -74.8182,
              -10.4609
            ],
            [
              -74.8181,
              -10.4609
            ],
            [
              -74.8181,
              -10.4604
            ],
            [
              -74.8182,
              -10.4604
            ],
            [
              -74.8182,
              -10.4602
            ],
            [
              -74.818,
              -10.4602
            ],
            [
              -74.818,
              -10.4601
            ],
            [
              -74.81830000000001,
              -10.4601
            ],
            [
              -74.81830000000001,
              -10.46
            ],
            [
              -74.8185,
              -10.46
            ],
            [
              -74.8185,
              -10.4601
            ],
            [
              -74.8186,
              -10.4601
            ],
            [
              -74.8186,
              -10.46
            ],
            [
              -74.8187,
              -10.46
            ]
          ],
          [
            [
              -74.8186,
              -10.4605
            ],
            [
              -74.8185,
              -10.4605
            ],
            [
              -74.8185,
              -10.460600000000001
            ],
            [
              -74.8186,
              -10.460600000000001
            ],
            [
              -74.8186,
              -10.4605
            ]
          ]
        ]
      },
      "properties": {
        "oe_start_time": "2025-09-02T00:00:00Z",
        "oe_end_time": "2025-09-02T00:00:00Z",
        "oe_prediction_result_id": null,
        "oe_prediction_result_file_id": null,
        "oe_created_at": null,
        "center_pixel": [
          51815,
          4604
        ],
        "end_time": "2025-09-02T00:00:00+00:00",
        "start_time": "2025-09-02T00:00:00+00:00",
        "tif_fname": "080W_20S_070W_10S.tif",
        "new_label": "agriculture",
        "probs": [
          0.9998844861984253,
          6.197431616783433e-7,
          0.000019616638383013196,
          0.00002594179386505857,
          5.146987973603245e-7,
          0.00004225136945024133,
          2.9457650541075964e-8,
          1.9150847947457805e-6,
          1.7922844790518866e-6,
          0.00002280092849105131
        ]
      }
    },
    {
      "type": "Feature",
      "geometry": {
        "type": "Polygon",
        "coordinates": [
          [
            [
              -73.3495,
              -10.7234
            ],
            [
              -73.3495,
              -10.723500000000001
            ],
            [
              -73.34960000000001,
              -10.723500000000001
            ],
            [
              -73.34960000000001,
              -10.723600000000001
            ],
            [
              -73.3495,
              -10.723600000000001
            ],
            [
              -73.3495,
              -10.7238
            ],
            [
              -73.3493,
              -10.7238
            ],
            [
              -73.3493,
              -10.723700000000001
            ],
            [
              -73.34920000000001,
              -10.723700000000001
            ],
            [
              -73.34920000000001,
              -10.7238
            ],
            [
              -73.349,
              -10.7238
            ],
            [
              -73.349,
              -10.723700000000001
            ],
            [
              -73.3489,
              -10.723700000000001
            ],
            [
              -73.3489,
              -10.723600000000001
            ],
            [
              -73.349,
              -10.723600000000001
            ],
            [
              -73.349,
              -10.723500000000001
            ],
            [
              -73.3494,
              -10.723500000000001
            ],
            [
              -73.3494,
              -10.7234
            ],
            [
              -73.3495,
              -10.7234
            ]
          ]
        ]
      },
      "properties": {
        "oe_start_time": "2025-10-24T00:00:00Z",
        "oe_end_time": "2025-10-24T00:00:00Z",
        "oe_prediction_result_id": null,
        "oe_prediction_result_file_id": null,
        "oe_created_at": null,
        "center_pixel": [
          66507,
          7236
        ],
        "end_time": "2025-10-24T00:00:00+00:00",
        "start_time": "2025-10-24T00:00:00+00:00",
        "tif_fname": "080W_20S_070W_10S.tif",
        "new_label": "agriculture",
        "probs": [
          0.9979606866836548,
          4.607974460668629e-6,
          0.00007683187868678942,
          0.00024692059378139675,
          2.582471324785729e-6,
          0.0011999077396467328,
          3.0926312888368557e-7,
          3.280717010056833e-6,
          0.00002131218025169801,
          0.0004835754807572812
        ]
      }
    },
    {
      "type": "Feature",
      "geometry": {
        "type": "Polygon",
        "coordinates": [
          [
            [
              -73.0926,
              -12.4778
            ],
            [
              -73.0926,
              -12.4779
            ],
            [
              -73.09270000000001,
              -12.4779
            ],
            [
              -73.09270000000001,
              -12.478
            ],
            [
              -73.0928,
              -12.478
            ],
            [
              -73.0928,
              -12.4787
            ],
            [
              -73.09270000000001,
              -12.4787
            ],
            [
              -73.09270000000001,
              -12.478800000000001
            ],
            [
              -73.0928,
              -12.478800000000001
            ],
            [
              -73.0928,
              -12.478900000000001
            ],
            [
              -73.0925,
              -12.478900000000001
            ],
            [
              -73.0925,
              -12.479000000000001
            ],
            [
              -73.0924,
              -12.479000000000001
            ],
            [
              -73.0924,
              -12.478900000000001
            ],
            [
              -73.09230000000001,
              -12.478900000000001
            ],
            [
              -73.09230000000001,
              -12.478800000000001
            ],
            [
              -73.0922,
              -12.478800000000001
            ],
            [
              -73.0922,
              -12.4786
            ],
            [
              -73.092,
              -12.4786
            ],
            [
              -73.092,
              -12.478200000000001
            ],
            [
              -73.0922,
              -12.478200000000001
            ],
            [
              -73.0922,
              -12.478100000000001
            ],
            [
              -73.0921,
              -12.478100000000001
            ],
            [
              -73.0921,
              -12.478
            ],
            [
              -73.0922,
              -12.478
            ],
            [
              -73.0922,
              -12.4779
            ],
            [
              -73.09230000000001,
              -12.4779
            ],
            [
              -73.09230000000001,
              -12.478
            ],
            [
              -73.0924,
              -12.478
            ],
            [
              -73.0924,
              -12.4778
            ],
            [
              -73.0926,
              -12.4778
            ]
          ]
        ]
      },
      "properties": {
        "oe_start_time": "2025-08-30T00:00:00Z",
        "oe_end_time": "2025-08-30T00:00:00Z",
        "oe_prediction_result_id": null,
        "oe_prediction_result_file_id": null,
        "oe_created_at": null,
        "center_pixel": [
          69075,
          24783
        ],
        "end_time": "2025-08-30T00:00:00+00:00",
        "start_time": "2025-08-30T00:00:00+00:00",
        "tif_fname": "080W_20S_070W_10S.tif",
        "new_label": "agriculture",
        "probs": [
          0.9998481273651123,
          1.8240137933389633e-6,
          0.00003411824945942499,
          0.00006127776578068733,
          1.0851787237697863e-6,
          0.000013125650184520055,
          3.85062932650726e-8,
          3.0073306334088556e-6,
          3.876302798744291e-6,
          0.00003343499338370748
        ]
      }
    },
    {
      "type": "Feature",
      "geometry": {
        "type": "Polygon",
        "coordinates": [
          [
            [
              -74.7921,
              -10.062700000000001
            ],
            [
              -74.7921,
              -10.062800000000001
            ],
            [
              -74.792,
              -10.062800000000001
            ],
            [
              -74.792,
              -10.063
            ],
            [
              -74.7919,
              -10.063
            ],
            [
              -74.7919,
              -10.0633
            ],
            [
              -74.7916,
              -10.0633
            ],
            [
              -74.7916,
              -10.0631
            ],
            [
              -74.7917,
              -10.0631
            ],
            [
              -74.7917,
              -10.063
            ],
            [
              -74.7916,
              -10.063
            ],
            [
              -74.7916,
              -10.062700000000001
            ],
            [
              -74.7917,
              -10.062700000000001
            ],
            [
              -74.7917,
              -10.0629
            ],
            [
              -74.79180000000001,
              -10.0629
            ],
            [
              -74.79180000000001,
              -10.062800000000001
            ],
            [
              -74.7919,
              -10.062800000000001
            ],
            [
              -74.7919,
              -10.062700000000001
            ],
            [
              -74.7921,
              -10.062700000000001
            ]
          ]
        ]
      },
      "properties": {
        "oe_start_time": "2025-09-12T00:00:00Z",
        "oe_end_time": "2025-09-12T00:00:00Z",
        "oe_prediction_result_id": null,
        "oe_prediction_result_file_id": null,
        "oe_created_at": null,
        "center_pixel": [
          52082,
          629
        ],
        "end_time": "2025-09-12T00:00:00+00:00",
        "start_time": "2025-09-12T00:00:00+00:00",
        "tif_fname": "080W_20S_070W_10S.tif",
        "new_label": "logging",
        "probs": [
          0.004634148441255093,
          0.00021387709421105683,
          0.0036163772456347942,
          0.02430066652595997,
          0.5476911664009094,
          0.022190269082784653,
          0.00046883223694749177,
          0.33693718910217285,
          0.0004480152274481952,
          0.05949949845671654
        ]
      }
    },
    {
      "type": "Feature",
      "geometry": {
        "type": "Polygon",
        "coordinates": [
          [
            [
              -70.4963,
              -12.6662
            ],
            [
              -70.4963,
              -12.666300000000001
            ],
            [
              -70.49640000000001,
              -12.666300000000001
            ],
            [
              -70.49640000000001,
              -12.666400000000001
            ],
            [
              -70.49680000000001,
              -12.666400000000001
            ],
            [
              -70.49680000000001,
              -12.666500000000001
            ],
            [
              -70.4967,
              -12.666500000000001
            ],
            [
              -70.4967,
              -12.6667
            ],
            [
              -70.49680000000001,
              -12.6667
            ],
            [
              -70.49680000000001,
              -12.6666
            ],
            [
              -70.4969,
              -12.6666
            ],
            [
              -70.4969,
              -12.6669
            ],
            [
              -70.497,
              -12.6669
            ],
            [
              -70.497,
              -12.6668
            ],
            [
              -70.49730000000001,
              -12.6668
            ],
            [
              -70.49730000000001,
              -12.667
            ],
            [
              -70.4972,
              -12.667
            ],
            [
              -70.4972,
              -12.667200000000001
            ],
            [
              -70.4971,
              -12.667200000000001
            ],
            [
              -70.4971,
              -12.667300000000001
            ],
            [
              -70.4967,
              -12.667300000000001
            ],
            [
              -70.4967,
              -12.6675
            ],
            [
              -70.49640000000001,
              -12.6675
            ],
            [
              -70.49640000000001,
              -12.6676
            ],
            [
              -70.4961,
              -12.6676
            ],
            [
              -70.4961,
              -12.6677
            ],
            [
              -70.4959,
              -12.6677
            ],
            [
              -70.4959,
              -12.6676
            ],
            [
              -70.49600000000001,
              -12.6676
            ],
            [
              -70.49600000000001,
              -12.666500000000001
            ],
            [
              -70.4959,
              -12.666500000000001
            ],
            [
              -70.4959,
              -12.666300000000001
            ],
            [
              -70.4958,
              -12.666300000000001
            ],
            [
              -70.4958,
              -12.6662
            ],
            [
              -70.49600000000001,
              -12.6662
            ],
            [
              -70.49600000000001,
              -12.666400000000001
            ],
            [
              -70.4961,
              -12.666400000000001
            ],
            [
              -70.4961,
              -12.666300000000001
            ],
            [
              -70.4962,
              -12.666300000000001
            ],
            [
              -70.4962,
              -12.6662
            ],
            [
              -70.4963,
              -12.6662
            ]
          ],
          [
            [
              -70.4972,
              -12.6669
            ],
            [
              -70.4971,
              -12.6669
            ],
            [
              -70.4971,
              -12.667
            ],
            [
              -70.4972,
              -12.667
            ],
            [
              -70.4972,
              -12.6669
            ]
          ],
          [
            [
              -70.4962,
              -12.6669
            ],
            [
              -70.4961,
              -12.6669
            ],
            [
              -70.4961,
              -12.667100000000001
            ],
            [
              -70.4962,
              -12.667100000000001
            ],
            [
              -70.4962,
              -12.6669
            ]
          ],
          [
            [
              -70.49680000000001,
              -12.667100000000001
            ],
            [
              -70.4967,
              -12.667100000000001
            ],
            [
              -70.4967,
              -12.667200000000001
            ],
            [
              -70.49680000000001,
              -12.667200000000001
            ],
            [
              -70.49680000000001,
              -12.667100000000001
            ]
          ],
          [
            [
              -70.4966,
              -12.667300000000001
            ],
            [
              -70.49640000000001,
              -12.667300000000001
            ],
            [
              -70.49640000000001,
              -12.6674
            ],
            [
              -70.4966,
              -12.6674
            ],
            [
              -70.4966,
              -12.667300000000001
            ]
          ]
        ]
      },
      "properties": {
        "oe_start_time": "2025-10-06T00:00:00Z",
        "oe_end_time": "2025-10-06T00:00:00Z",
        "oe_prediction_result_id": null,
        "oe_prediction_result_file_id": null,
        "oe_created_at": null,
        "center_pixel": [
          95035,
          26669
        ],
        "end_time": "2025-10-06T00:00:00+00:00",
        "start_time": "2025-10-06T00:00:00+00:00",
        "tif_fname": "080W_20S_070W_10S.tif",
        "new_label": "mining",
        "probs": [
          0.07674989849328995,
          0.88144451379776,
          0.016391348093748093,
          0.016094742342829704,
          0.0005174167454242706,
          0.0003050980158150196,
          0.000340761587722227,
          0.00011491521581774577,
          0.00212520407512784,
          0.005916082300245762
        ]
      }
    },
    {
      "type": "Feature",
      "geometry": {
        "type": "Polygon",
        "coordinates": [
          [
            [
              -72.929,
              -11.964
            ],
            [
              -72.929,
              -11.9643
            ],
            [
              -72.9289,
              -11.9643
            ],
            [
              -72.9289,
              -11.9642
            ],
            [
              -72.92880000000001,
              -11.9642
            ],
            [
              -72.92880000000001,
              -11.9646
            ],
            [
              -72.9285,
              -11.9646
            ],
            [
              -72.9285,
              -11.964400000000001
            ],
            [
              -72.92830000000001,
              -11.964400000000001
            ],
            [
              -72.92830000000001,
              -11.9642
            ],
            [
              -72.9282,
              -11.9642
            ],
            [
              -72.9282,
              -11.9641
            ],
            [
              -72.92840000000001,
              -11.9641
            ],
            [
              -72.92840000000001,
              -11.9642
            ],
            [
              -72.9285,
              -11.9642
            ],
            [
              -72.9285,
              -11.964
            ],
            [
              -72.929,
              -11.964
            ]
          ]
        ]
      },
      "properties": {
        "oe_start_time": "2025-08-30T00:00:00Z",
        "oe_end_time": "2025-08-30T00:00:00Z",
        "oe_prediction_result_id": null,
        "oe_prediction_result_file_id": null,
        "oe_created_at": null,
        "center_pixel": [
          70713,
          19642
        ],
        "end_time": "2025-08-30T00:00:00+00:00",
        "start_time": "2025-08-30T00:00:00+00:00",
        "tif_fname": "080W_20S_070W_10S.tif",
        "new_label": "agriculture",
        "probs": [
          0.9996515512466431,
          1.7244365153601393e-6,
          0.00003801978527917527,
          0.00008081330452114344,
          1.6127839899127139e-6,
          0.00007549018482677639,
          6.894430981674304e-8,
          4.635708592104493e-6,
          0.0000129485888464842,
          0.00013302279694471508
        ]
      }
    },
    {
      "type": "Feature",
      "geometry": {
        "type": "Polygon",
        "coordinates": [
          [
            [
              -70.2964,
              -12.5504
            ],
            [
              -70.2964,
              -12.550600000000001
            ],
            [
              -70.2963,
              -12.550600000000001
            ],
            [
              -70.2963,
              -12.5508
            ],
            [
              -70.2964,
              -12.5508
            ],
            [
              -70.2964,
              -12.551
            ],
            [
              -70.2963,
              -12.551
            ],
            [
              -70.2963,
              -12.5511
            ],
            [
              -70.2962,
              -12.5511
            ],
            [
              -70.2962,
              -12.5508
            ],
            [
              -70.29610000000001,
              -12.5508
            ],
            [
              -70.29610000000001,
              -12.5507
            ],
            [
              -70.296,
              -12.5507
            ],
            [
              -70.296,
              -12.550500000000001
            ],
            [
              -70.2958,
              -12.550500000000001
            ],
            [
              -70.2958,
              -12.550600000000001
            ],
            [
              -70.2953,
              -12.550600000000001
            ],
            [
              -70.2953,
              -12.5504
            ],
            [
              -70.2964,
              -12.5504
            ]
          ]
        ]
      },
      "properties": {
        "oe_start_time": "2025-08-22T00:00:00Z",
        "oe_end_time": "2025-08-22T00:00:00Z",
        "oe_prediction_result_id": null,
        "oe_prediction_result_file_id": null,
        "oe_created_at": null,
        "center_pixel": [
          97040,
          25506
        ],
        "end_time": "2025-08-22T00:00:00+00:00",
        "start_time": "2025-08-22T00:00:00+00:00",
        "tif_fname": "080W_20S_070W_10S.tif",
        "new_label": "mining",
        "probs": [
          0.008057115599513054,
          0.9374827742576599,
          0.0020401636138558388,
          0.02805960737168789,
          0.0009332250338047743,
          0.0001866308448370546,
          0.00009529144153930247,
          0.000028080979973310605,
          0.004362702369689941,
          0.018754469230771065
        ]
      }
    },
    {
      "type": "Feature",
      "geometry": {
        "type": "Polygon",
        "coordinates": [
          [
            [
              -74.8836,
              -10.379000000000001
            ],
            [
              -74.8836,
              -10.379100000000001
            ],
            [
              -74.8837,
              -10.379100000000001
            ],
            [
              -74.8837,
              -10.3794
            ],
            [
              -74.8835,
              -10.3794
            ],
            [
              -74.8835,
              -10.3796
            ],
            [
              -74.8832,
              -10.3796
            ],
            [
              -74.8832,
              -10.3795
            ],
            [
              -74.8829,
              -10.3795
            ],
            [
              -74.8829,
              -10.3796
            ],
            [
              -74.8824,
              -10.3796
            ],
            [
              -74.8824,
              -10.3795
            ],
            [
              -74.88250000000001,
              -10.3795
            ],
            [
              -74.88250000000001,
              -10.3794
            ],
            [
              -74.8827,
              -10.3794
            ],
            [
              -74.8827,
              -10.3792
            ],
            [
              -74.8829,
              -10.3792
            ],
            [
              -74.8829,
              -10.3794
            ],
            [
              -74.8833,
              -10.3794
            ],
            [
              -74.8833,
              -10.3792
            ],
            [
              -74.88340000000001,
              -10.3792
            ],
            [
              -74.88340000000001,
              -10.379000000000001
            ],
            [
              -74.8836,
              -10.379000000000001
            ]
          ]
        ]
      },
      "properties": {
        "oe_start_time": "2025-10-07T00:00:00Z",
        "oe_end_time": "2025-10-07T00:00:00Z",
        "oe_prediction_result_id": null,
        "oe_prediction_result_file_id": null,
        "oe_created_at": null,
        "center_pixel": [
          51168,
          3794
        ],
        "end_time": "2025-10-07T00:00:00+00:00",
        "start_time": "2025-10-07T00:00:00+00:00",
        "tif_fname": "080W_20S_070W_10S.tif",
        "new_label": "agriculture",
        "probs": [
          0.997585654258728,
          0.00019567797426134348,
          0.00033269982668571174,
          0.00023728031374048442,
          6.472666427725926e-6,
          0.0007186874863691628,
          1.3808203220833093e-6,
          0.000046515680878655985,
          0.00020120307453908026,
          0.0006744518759660423
        ]
      }
    },
    {
      "type": "Feature",
      "geometry": {
        "type": "Polygon",
        "coordinates": [
          [
            [
              -75.0895,
              -10.3765
            ],
            [
              -75.0895,
              -10.3772
            ],
            [
              -75.08930000000001,
              -10.3772
            ],
            [
              -75.08930000000001,
              -10.376700000000001
            ],
            [
              -75.089,
              -10.376700000000001
            ],
            [
              -75.089,
              -10.3765
            ],
            [
              -75.0895,
              -10.3765
            ]
          ]
        ]
      },
      "properties": {
        "oe_start_time": "2025-10-07T00:00:00Z",
        "oe_end_time": "2025-10-07T00:00:00Z",
        "oe_prediction_result_id": null,
        "oe_prediction_result_file_id": null,
        "oe_created_at": null,
        "center_pixel": [
          49106,
          3767
        ],
        "end_time": "2025-10-07T00:00:00+00:00",
        "start_time": "2025-10-07T00:00:00+00:00",
        "tif_fname": "080W_20S_070W_10S.tif",
        "new_label": "agriculture",
        "probs": [
          0.9992881417274475,
          8.55905545904534e-6,
          0.0002398553042439744,
          0.00028651044704020023,
          0.000010592331818770617,
          0.00003510303940856829,
          8.788401828496717e-7,
          0.00006067118010832928,
          8.192593668354675e-6,
          0.00006142559868749231
        ]
      }
    },
    {
      "type": "Feature",
      "geometry": {
        "type": "Polygon",
        "coordinates": [
          [
            [
              -74.06110000000001,
              -11.989500000000001
            ],
            [
              -74.06110000000001,
              -11.989600000000001
            ],
            [
              -74.0612,
              -11.989600000000001
            ],
            [
              -74.0612,
              -11.9898
            ],
            [
              -74.06110000000001,
              -11.9898
            ],
            [
              -74.06110000000001,
              -11.9899
            ],
            [
              -74.0612,
              -11.9899
            ],
            [
              -74.0612,
              -11.99
            ],
            [
              -74.06110000000001,
              -11.99
            ],
            [
              -74.06110000000001,
              -11.990300000000001
            ],
            [
              -74.061,
              -11.990300000000001
            ],
            [
              -74.061,
              -11.9902
            ],
            [
              -74.0609,
              -11.9902
            ],
            [
              -74.0609,
              -11.990300000000001
            ],
            [
              -74.0607,
              -11.990300000000001
            ],
            [
              -74.0607,
              -11.99
            ],
            [
              -74.0608,
              -11.99
            ],
            [
              -74.0608,
              -11.9898
            ],
            [
              -74.0607,
              -11.9898
            ],
            [
              -74.0607,
              -11.989600000000001
            ],
            [
              -74.061,
              -11.989600000000001
            ],
            [
              -74.061,
              -11.989500000000001
            ],
            [
              -74.06110000000001,
              -11.989500000000001
            ]
          ]
        ]
      },
      "properties": {
        "oe_start_time": "2025-08-30T00:00:00Z",
        "oe_end_time": "2025-08-30T00:00:00Z",
        "oe_prediction_result_id": null,
        "oe_prediction_result_file_id": null,
        "oe_created_at": null,
        "center_pixel": [
          59390,
          19899
        ],
        "end_time": "2025-08-30T00:00:00+00:00",
        "start_time": "2025-08-30T00:00:00+00:00",
        "tif_fname": "080W_20S_070W_10S.tif",
        "new_label": "agriculture",
        "probs": [
          0.9996143579483032,
          8.930658168537775e-7,
          0.000021438752810354345,
          0.00028209201991558075,
          1.9616436475189403e-6,
          0.000013609923371404875,
          4.646494744520169e-8,
          1.2457626326067839e-6,
          2.0583763671311317e-6,
          0.0000623587766312994
        ]
      }
    },
    {
      "type": "Feature",
      "geometry": {
        "type": "Polygon",
        "coordinates": [
          [
            [
              -70.4184,
              -12.6881
            ],
            [
              -70.4184,
              -12.6882
            ],
            [
              -70.41850000000001,
              -12.6882
            ],
            [
              -70.41850000000001,
              -12.688400000000001
            ],
            [
              -70.4186,
              -12.688400000000001
            ],
            [
              -70.4186,
              -12.6888
            ],
            [
              -70.41850000000001,
              -12.6888
            ],
            [
              -70.41850000000001,
              -12.6887
            ],
            [
              -70.4184,
              -12.6887
            ],
            [
              -70.4184,
              -12.688600000000001
            ],
            [
              -70.4183,
              -12.688600000000001
            ],
            [
              -70.4183,
              -12.688500000000001
            ],
            [
              -70.4182,
              -12.688500000000001
            ],
            [
              -70.4182,
              -12.6883
            ],
            [
              -70.4183,
              -12.6883
            ],
            [
              -70.4183,
              -12.6881
            ],
            [
              -70.4184,
              -12.6881
            ]
          ]
        ]
      },
      "properties": {
        "oe_start_time": "2025-10-11T00:00:00Z",
        "oe_end_time": "2025-10-11T00:00:00Z",
        "oe_prediction_result_id": null,
        "oe_prediction_result_file_id": null,
        "oe_created_at": null,
        "center_pixel": [
          95815,
          26884
        ],
        "end_time": "2025-10-11T00:00:00+00:00",
        "start_time": "2025-10-11T00:00:00+00:00",
        "tif_fname": "080W_20S_070W_10S.tif",
        "new_label": "mining",
        "probs": [
          0.04646558687090874,
          0.9469141960144043,
          0.0028759585693478584,
          0.0012787578161805868,
          0.00001775933924363926,
          0.000059837937442352995,
          0.000010866693628486246,
          2.9308766897884198e-6,
          0.0011048782616853714,
          0.0012692868476733565
        ]
      }
    },
    {
      "type": "Feature",
      "geometry": {
        "type": "Polygon",
        "coordinates": [
          [
            [
              -70.02250000000001,
              -12.8001
            ],
            [
              -70.02250000000001,
              -12.8002
            ],
            [
              -70.0229,
              -12.8002
            ],
            [
              -70.0229,
              -12.8003
            ],
            [
              -70.0228,
              -12.8003
            ],
            [
              -70.0228,
              -12.800500000000001
            ],
            [
              -70.0226,
              -12.800500000000001
            ],
            [
              -70.0226,
              -12.800600000000001
            ],
            [
              -70.0224,
              -12.800600000000001
            ],
            [
              -70.0224,
              -12.8009
            ],
            [
              -70.0222,
              -12.8009
            ],
            [
              -70.0222,
              -12.801
            ],
            [
              -70.0223,
              -12.801
            ],
            [
              -70.0223,
              -12.8011
            ],
            [
              -70.0222,
              -12.8011
            ],
            [
              -70.0222,
              -12.801300000000001
            ],
            [
              -70.022,
              -12.801300000000001
            ],
            [
              -70.022,
              -12.8011
            ],
            [
              -70.0219,
              -12.8011
            ],
            [
              -70.0219,
              -12.801200000000001
            ],
            [
              -70.0218,
              -12.801200000000001
            ],
            [
              -70.0218,
              -12.8011
            ],
            [
              -70.02170000000001,
              -12.8011
            ],
            [
              -70.02170000000001,
              -12.8007
            ],
            [
              -70.0216,
              -12.8007
            ],
            [
              -70.0216,
              -12.800600000000001
            ],
            [
              -70.02170000000001,
              -12.800600000000001
            ],
            [
              -70.02170000000001,
              -12.8004
            ],
            [
              -70.0218,
              -12.8004
            ],
            [
              -70.0218,
              -12.8002
            ],
            [
              -70.0223,
              -12.8002
            ],
            [
              -70.0223,
              -12.8001
            ],
            [
              -70.02250000000001,
              -12.8001
            ]
          ]
        ]
      },
      "properties": {
        "oe_start_time": "2025-09-01T00:00:00Z",
        "oe_end_time": "2025-09-01T00:00:00Z",
        "oe_prediction_result_id": null,
        "oe_prediction_result_file_id": null,
        "oe_created_at": null,
        "center_pixel": [
          99778,
          28006
        ],
        "end_time": "2025-09-01T00:00:00+00:00",
        "start_time": "2025-09-01T00:00:00+00:00",
        "tif_fname": "080W_20S_070W_10S.tif",
        "new_label": "agriculture",
        "probs": [
          0.9995718598365784,
          2.2039191662770463e-6,
          0.000042024283175123855,
          0.0001267615589313209,
          6.133118404250126e-6,
          0.0000408974192396272,
          4.961831479022294e-8,
          0.00002016437611018773,
          5.4654269661114085e-6,
          0.00018443450971972197
        ]
      }
    },
    {
      "type": "Feature",
      "geometry": {
        "type": "Polygon",
        "coordinates": [
          [
            [
              -75.2591,
              -10.7962
            ],
            [
              -75.2591,
              -10.7964
            ],
            [
              -75.259,
              -10.7964
            ],
            [
              -75.259,
              -10.7965
            ],
            [
              -75.2592,
              -10.7965
            ],
            [
              -75.2592,
              -10.7963
            ],
            [
              -75.25930000000001,
              -10.7963
            ],
            [
              -75.25930000000001,
              -10.7964
            ],
            [
              -75.2595,
              -10.7964
            ],
            [
              -75.2595,
              -10.7966
            ],
            [
              -75.2594,
              -10.7966
            ],
            [
              -75.2594,
              -10.796800000000001
            ],
            [
              -75.2592,
              -10.796800000000001
            ],
            [
              -75.2592,
              -10.7966
            ],
            [
              -75.25880000000001,
              -10.7966
            ],
            [
              -75.25880000000001,
              -10.7964
            ],
            [
              -75.2589,
              -10.7964
            ],
            [
              -75.2589,
              -10.7962
            ],
            [
              -75.2591,
              -10.7962
            ]
          ],
          [
            [
              -75.2594,
              -10.7965
            ],
            [
              -75.25930000000001,
              -10.7965
            ],
            [
              -75.25930000000001,
              -10.7966
            ],
            [
              -75.2594,
              -10.7966
            ],
            [
              -75.2594,
              -10.7965
            ]
          ]
        ]
      },
      "properties": {
        "oe_start_time": "2025-08-30T00:00:00Z",
        "oe_end_time": "2025-08-30T00:00:00Z",
        "oe_prediction_result_id": null,
        "oe_prediction_result_file_id": null,
        "oe_created_at": null,
        "center_pixel": [
          47408,
          7965
        ],
        "end_time": "2025-08-30T00:00:00+00:00",
        "start_time": "2025-08-30T00:00:00+00:00",
        "tif_fname": "080W_20S_070W_10S.tif",
        "new_label": "agriculture",
        "probs": [
          0.9851765632629395,
          0.00019256892846897244,
          0.0027921264991164207,
          0.003508884459733963,
          0.00010823390039149672,
          0.005518755875527859,
          0.000028390621082508005,
          0.00011638054274953902,
          0.00017187798221129924,
          0.002386102918535471
        ]
      }
    },
    {
      "type": "Feature",
      "geometry": {
        "type": "Polygon",
        "coordinates": [
          [
            [
              -70.42830000000001,
              -12.885100000000001
            ],
            [
              -70.42830000000001,
              -12.8853
            ],
            [
              -70.4284,
              -12.8853
            ],
            [
              -70.4284,
              -12.8855
            ],
            [
              -70.4286,
              -12.8855
            ],
            [
              -70.4286,
              -12.8856
            ],
            [
              -70.429,
              -12.8856
            ],
            [
              -70.429,
              -12.885800000000001
            ],
            [
              -70.42880000000001,
              -12.885800000000001
            ],
            [
              -70.42880000000001,
              -12.886000000000001
            ],
            [
              -70.4278,
              -12.886000000000001
            ],
            [
              -70.4278,
              -12.885800000000001
            ],
            [
              -70.4277,
              -12.885800000000001
            ],
            [
              -70.4277,
              -12.886000000000001
            ],
            [
              -70.42750000000001,
              -12.886000000000001
            ],
            [
              -70.42750000000001,
              -12.885900000000001
            ],
            [
              -70.4272,
              -12.885900000000001
            ],
            [
              -70.4272,
              -12.885800000000001
            ],
            [
              -70.4276,
              -12.885800000000001
            ],
            [
              -70.4276,
              -12.8857
            ],
            [
              -70.4277,
              -12.8857
            ],
            [
              -70.4277,
              -12.8856
            ],
            [
              -70.4278,
              -12.8856
            ],
            [
              -70.4278,
              -12.8855
            ],
            [
              -70.42790000000001,
              -12.8855
            ],
            [
              -70.42790000000001,
              -12.8853
            ],
            [
              -70.428,
              -12.8853
            ],
            [
              -70.428,
              -12.8854
            ],
            [
              -70.4281,
              -12.8854
            ],
            [
              -70.4281,
              -12.8853
            ],
            [
              -70.4282,
              -12.8853
            ],
            [
              -70.4282,
              -12.885100000000001
            ],
            [
              -70.42830000000001,
              -12.885100000000001
            ]
          ]
        ]
      },
      "properties": {
        "oe_start_time": "2025-09-01T00:00:00Z",
        "oe_end_time": "2025-09-01T00:00:00Z",
        "oe_prediction_result_id": null,
        "oe_prediction_result_file_id": null,
        "oe_created_at": null,
        "center_pixel": [
          95717,
          28857
        ],
        "end_time": "2025-09-01T00:00:00+00:00",
        "start_time": "2025-09-01T00:00:00+00:00",
        "tif_fname": "080W_20S_070W_10S.tif",
        "new_label": "agriculture",
        "probs": [
          0.9943448305130005,
          0.0006751179462298751,
          0.0017300102626904845,
          0.00025115319294855,
          0.00003317225491628051,
          0.0008708006353117526,
          2.6978973437508103e-6,
          0.0001658750552451238,
          0.0005823153187520802,
          0.001344003714621067
        ]
      }
    },
    {
      "type": "Feature",
      "geometry": {
        "type": "Polygon",
        "coordinates": [
          [
            [
              -72.7736,
              -11.9312
            ],
            [
              -72.7736,
              -11.931600000000001
            ],
            [
              -72.7732,
              -11.931600000000001
            ],
            [
              -72.7732,
              -11.9313
            ],
            [
              -72.7731,
              -11.9313
            ],
            [
              -72.7731,
              -11.9312
            ],
            [
              -72.7736,
              -11.9312
            ]
          ],
          [
            [
              -72.7735,
              -11.9314
            ],
            [
              -72.77340000000001,
              -11.9314
            ],
            [
              -72.77340000000001,
              -11.9315
            ],
            [
              -72.7735,
              -11.9315
            ],
            [
              -72.7735,
              -11.9314
            ]
          ]
        ]
      },
      "properties": {
        "oe_start_time": "2025-10-19T00:00:00Z",
        "oe_end_time": "2025-10-19T00:00:00Z",
        "oe_prediction_result_id": null,
        "oe_prediction_result_file_id": null,
        "oe_created_at": null,
        "center_pixel": [
          72266,
          19313
        ],
        "end_time": "2025-10-19T00:00:00+00:00",
        "start_time": "2025-10-19T00:00:00+00:00",
        "tif_fname": "080W_20S_070W_10S.tif",
        "new_label": "logging",
        "probs": [
          0.07266224175691605,
          0.019615141674876213,
          0.122115358710289,
          0.04215327277779579,
          0.2969313859939575,
          0.027866335585713387,
          0.0019514999585226178,
          0.011392262764275074,
          0.26377734541893005,
          0.14153516292572021
        ]
      }
    },
    {
      "type": "Feature",
      "geometry": {
        "type": "Polygon",
        "coordinates": [
          [
            [
              -73.6881,
              -10.117
            ],
            [
              -73.6881,
              -10.1172
            ],
            [
              -73.68820000000001,
              -10.1172
            ],
            [
              -73.68820000000001,
              -10.1175
            ],
            [
              -73.6883,
              -10.1175
            ],
            [
              -73.6883,
              -10.117600000000001
            ],
            [
              -73.6888,
              -10.117600000000001
            ],
            [
              -73.6888,
              -10.1183
            ],
            [
              -73.68860000000001,
              -10.1183
            ],
            [
              -73.68860000000001,
              -10.1188
            ],
            [
              -73.6877,
              -10.1188
            ],
            [
              -73.6877,
              -10.1187
            ],
            [
              -73.68780000000001,
              -10.1187
            ],
            [
              -73.68780000000001,
              -10.1186
            ],
            [
              -73.6875,
              -10.1186
            ],
            [
              -73.6875,
              -10.1183
            ],
            [
              -73.6874,
              -10.1183
            ],
            [
              -73.6874,
              -10.1182
            ],
            [
              -73.6875,
              -10.1182
            ],
            [
              -73.6875,
              -10.1181
            ],
            [
              -73.6874,
              -10.1181
            ],
            [
              -73.6874,
              -10.118
            ],
            [
              -73.6875,
              -10.118
            ],
            [
              -73.6875,
              -10.1178
            ],
            [
              -73.6874,
              -10.1178
            ],
            [
              -73.6874,
              -10.1172
            ],
            [
              -73.6875,
              -10.1172
            ],
            [
              -73.6875,
              -10.117
            ],
            [
              -73.6881,
              -10.117
            ]
          ],
          [
            [
              -73.688,
              -10.1178
            ],
            [
              -73.6879,
              -10.1178
            ],
            [
              -73.6879,
              -10.1179
            ],
            [
              -73.688,
              -10.1179
            ],
            [
              -73.688,
              -10.1178
            ]
          ],
          [
            [
              -73.6885,
              -10.1186
            ],
            [
              -73.6884,
              -10.1186
            ],
            [
              -73.6884,
              -10.1187
            ],
            [
              -73.6885,
              -10.1187
            ],
            [
              -73.6885,
              -10.1186
            ]
          ]
        ]
      },
      "properties": {
        "oe_start_time": "2025-08-30T00:00:00Z",
        "oe_end_time": "2025-08-30T00:00:00Z",
        "oe_prediction_result_id": null,
        "oe_prediction_result_file_id": null,
        "oe_created_at": null,
        "center_pixel": [
          63119,
          1179
        ],
        "end_time": "2025-08-30T00:00:00+00:00",
        "start_time": "2025-08-30T00:00:00+00:00",
        "tif_fname": "080W_20S_070W_10S.tif",
        "new_label": "agriculture",
        "probs": [
          0.9989160299301147,
          0.0000152513503053342,
          0.0002236696454929188,
          0.0002979968849103898,
          5.884895472263452e-6,
          0.00020864552061539143,
          2.2422265999466617e-7,
          0.000012829678780690301,
          0.0000350311202055309,
          0.00028452175320126116
        ]
      }
    },
    {
      "type": "Feature",
      "geometry": {
        "type": "Polygon",
        "coordinates": [
          [
            [
              -70.5972,
              -12.7926
            ],
            [
              -70.5972,
              -12.7928
            ],
            [
              -70.59740000000001,
              -12.7928
            ],
            [
              -70.59740000000001,
              -12.793000000000001
            ],
            [
              -70.5976,
              -12.793000000000001
            ],
            [
              -70.5976,
              -12.7931
            ],
            [
              -70.5975,
              -12.7931
            ],
            [
              -70.5975,
              -12.7932
            ],
            [
              -70.59740000000001,
              -12.7932
            ],
            [
              -70.59740000000001,
              -12.7931
            ],
            [
              -70.5973,
              -12.7931
            ],
            [
              -70.5973,
              -12.7932
            ],
            [
              -70.5972,
              -12.7932
            ],
            [
              -70.5972,
              -12.792900000000001
            ],
            [
              -70.5971,
              -12.792900000000001
            ],
            [
              -70.5971,
              -12.793000000000001
            ],
            [
              -70.59700000000001,
              -12.793000000000001
            ],
            [
              -70.59700000000001,
              -12.7926
            ],
            [
              -70.5972,
              -12.7926
            ]
          ]
        ]
      },
      "properties": {
        "oe_start_time": "2025-09-11T00:00:00Z",
        "oe_end_time": "2025-09-11T00:00:00Z",
        "oe_prediction_result_id": null,
        "oe_prediction_result_file_id": null,
        "oe_created_at": null,
        "center_pixel": [
          94027,
          27929
        ],
        "end_time": "2025-09-11T00:00:00+00:00",
        "start_time": "2025-09-11T00:00:00+00:00",
        "tif_fname": "080W_20S_070W_10S.tif",
        "new_label": "mining",
        "probs": [
          0.002395158400759101,
          0.9931331276893616,
          0.001013066153973341,
          0.00018999674648512155,
          9.520824278297368e-6,
          0.00017417730123270303,
          0.000010918209227384068,
          1.640901018618024e-6,
          0.0020580480340868235,
          0.0010143317049369216
        ]
      }
    },
    {
      "type": "Feature",
      "geometry": {
        "type": "Polygon",
        "coordinates": [
          [
            [
              -73.5032,
              -10.6721
            ],
            [
              -73.5032,
              -10.6722
            ],
            [
              -73.50330000000001,
              -10.6722
            ],
            [
              -73.50330000000001,
              -10.672500000000001
            ],
            [
              -73.5032,
              -10.672500000000001
            ],
            [
              -73.5032,
              -10.6724
            ],
            [
              -73.5031,
              -10.6724
            ],
            [
              -73.5031,
              -10.672500000000001
            ],
            [
              -73.5029,
              -10.672500000000001
            ],
            [
              -73.5029,
              -10.672600000000001
            ],
            [
              -73.5027,
              -10.672600000000001
            ],
            [
              -73.5027,
              -10.672500000000001
            ],
            [
              -73.5026,
              -10.672500000000001
            ],
            [
              -73.5026,
              -10.6722
            ],
            [
              -73.5027,
              -10.6722
            ],
            [
              -73.5027,
              -10.6723
            ],
            [
              -73.50280000000001,
              -10.6723
            ],
            [
              -73.50280000000001,
              -10.6721
            ],
            [
              -73.5032,
              -10.6721
            ]
          ]
        ]
      },
      "properties": {
        "oe_start_time": "2025-09-09T00:00:00Z",
        "oe_end_time": "2025-09-09T00:00:00Z",
        "oe_prediction_result_id": null,
        "oe_prediction_result_file_id": null,
        "oe_created_at": null,
        "center_pixel": [
          64970,
          6723
        ],
        "end_time": "2025-09-09T00:00:00+00:00",
        "start_time": "2025-09-09T00:00:00+00:00",
        "tif_fname": "080W_20S_070W_10S.tif",
        "new_label": "agriculture",
        "probs": [
          0.5338272452354431,
          0.0002187745994888246,
          0.0010417487937957048,
          0.00199051178060472,
          0.00018793872732203454,
          0.020462235435843468,
          0.000014353424376167823,
          0.00003938891313737258,
          0.40223172307014465,
          0.03998608514666557
        ]
      }
    },
    {
      "type": "Feature",
      "geometry": {
        "type": "Polygon",
        "coordinates": [
          [
            [
              -70.02380000000001,
              -12.8185
            ],
            [
              -70.02380000000001,
              -12.8186
            ],
            [
              -70.0237,
              -12.8186
            ],
            [
              -70.0237,
              -12.818800000000001
            ],
            [
              -70.02340000000001,
              -12.818800000000001
            ],
            [
              -70.02340000000001,
              -12.819
            ],
            [
              -70.0233,
              -12.819
            ],
            [
              -70.0233,
              -12.818800000000001
            ],
            [
              -70.0232,
              -12.818800000000001
            ],
            [
              -70.0232,
              -12.8186
            ],
            [
              -70.0233,
              -12.8186
            ],
            [
              -70.0233,
              -12.8185
            ],
            [
              -70.02380000000001,
              -12.8185
            ]
          ],
          [
            [
              -70.0235,
              -12.8186
            ],
            [
              -70.02340000000001,
              -12.8186
            ],
            [
              -70.02340000000001,
              -12.8187
            ],
            [
              -70.0235,
              -12.8187
            ],
            [
              -70.0235,
              -12.8186
            ]
          ]
        ]
      },
      "properties": {
        "oe_start_time": "2025-09-01T00:00:00Z",
        "oe_end_time": "2025-09-01T00:00:00Z",
        "oe_prediction_result_id": null,
        "oe_prediction_result_file_id": null,
        "oe_created_at": null,
        "center_pixel": [
          99765,
          28187
        ],
        "end_time": "2025-09-01T00:00:00+00:00",
        "start_time": "2025-09-01T00:00:00+00:00",
        "tif_fname": "080W_20S_070W_10S.tif",
        "new_label": "agriculture",
        "probs": [
          0.9976682066917419,
          0.00005271434201858938,
          0.0003524946514517069,
          0.0011672351974993944,
          0.00006660255166934803,
          0.000030106561098364182,
          2.412573110177618e-7,
          0.00010524861863814294,
          0.000024719087377889082,
          0.0005324040539562702
        ]
      }
    },
    {
      "type": "Feature",
      "geometry": {
        "type": "Polygon",
        "coordinates": [
          [
            [
              -73.3229,
              -10.574100000000001
            ],
            [
              -73.3229,
              -10.574200000000001
            ],
            [
              -73.3227,
              -10.574200000000001
            ],
            [
              -73.3227,
              -10.574300000000001
            ],
            [
              -73.32260000000001,
              -10.574300000000001
            ],
            [
              -73.32260000000001,
              -10.574200000000001
            ],
            [
              -73.3225,
              -10.574200000000001
            ],
            [
              -73.3225,
              -10.5744
            ],
            [
              -73.3228,
              -10.5744
            ],
            [
              -73.3228,
              -10.5745
            ],
            [
              -73.3227,
              -10.5745
            ],
            [
              -73.3227,
              -10.5746
            ],
            [
              -73.3229,
              -10.5746
            ],
            [
              -73.3229,
              -10.5748
            ],
            [
              -73.32300000000001,
              -10.5748
            ],
            [
              -73.32300000000001,
              -10.5752
            ],
            [
              -73.3231,
              -10.5752
            ],
            [
              -73.3231,
              -10.575000000000001
            ],
            [
              -73.3232,
              -10.575000000000001
            ],
            [
              -73.3232,
              -10.5754
            ],
            [
              -73.3234,
              -10.5754
            ],
            [
              -73.3234,
              -10.575700000000001
            ],
            [
              -73.3236,
              -10.575700000000001
            ],
            [
              -73.3236,
              -10.5761
            ],
            [
              -73.3231,
              -10.5761
            ],
            [
              -73.3231,
              -10.5762
            ],
            [
              -73.3228,
              -10.5762
            ],
            [
              -73.3228,
              -10.5761
            ],
            [
              -73.3225,
              -10.5761
            ],
            [
              -73.3225,
              -10.5755
            ],
            [
              -73.3223,
              -10.5755
            ],
            [
              -73.3223,
              -10.5752
            ],
            [
              -73.3225,
              -10.5752
            ],
            [
              -73.3225,
              -10.5747
            ],
            [
              -73.3223,
              -10.5747
            ],
            [
              -73.3223,
              -10.5745
            ],
            [
              -73.32220000000001,
              -10.5745
            ],
            [
              -73.32220000000001,
              -10.574300000000001
            ],
            [
              -73.3223,
              -10.574300000000001
            ],
            [
              -73.3223,
              -10.574100000000001
            ],
            [
              -73.3229,
              -10.574100000000001
            ]
          ]
        ]
      },
      "properties": {
        "oe_start_time": "2025-08-30T00:00:00Z",
        "oe_end_time": "2025-08-30T00:00:00Z",
        "oe_prediction_result_id": null,
        "oe_prediction_result_file_id": null,
        "oe_created_at": null,
        "center_pixel": [
          66771,
          5753
        ],
        "end_time": "2025-08-30T00:00:00+00:00",
        "start_time": "2025-08-30T00:00:00+00:00",
        "tif_fname": "080W_20S_070W_10S.tif",
        "new_label": "agriculture",
        "probs": [
          0.9959498643875122,
          5.984315066598356e-6,
          0.00014319685578811914,
          0.00026990871992893517,
          6.879245574964443e-6,
          0.002713593654334545,
          3.8129113022478123e-7,
          0.000010696057870518416,
          0.00003050160376005806,
          0.0008689492242410779
        ]
      }
    },
    {
      "type": "Feature",
      "geometry": {
        "type": "Polygon",
        "coordinates": [
          [
            [
              -74.0213,
              -11.060500000000001
            ],
            [
              -74.0213,
              -11.0606
            ],
            [
              -74.0215,
              -11.0606
            ],
            [
              -74.0215,
              -11.0614
            ],
            [
              -74.0207,
              -11.0614
            ],
            [
              -74.0207,
              -11.0615
            ],
            [
              -74.02040000000001,
              -11.0615
            ],
            [
              -74.02040000000001,
              -11.0608
            ],
            [
              -74.0205,
              -11.0608
            ],
            [
              -74.0205,
              -11.061200000000001
            ],
            [
              -74.0213,
              -11.061200000000001
            ],
            [
              -74.0213,
              -11.0607
            ],
            [
              -74.0206,
              -11.0607
            ],
            [
              -74.0206,
              -11.0606
            ],
            [
              -74.021,
              -11.0606
            ],
            [
              -74.021,
              -11.060500000000001
            ],
            [
              -74.0213,
              -11.060500000000001
            ]
          ]
        ]
      },
      "properties": {
        "oe_start_time": "2025-09-19T00:00:00Z",
        "oe_end_time": "2025-09-19T00:00:00Z",
        "oe_prediction_result_id": null,
        "oe_prediction_result_file_id": null,
        "oe_created_at": null,
        "center_pixel": [
          59789,
          10612
        ],
        "end_time": "2025-09-19T00:00:00+00:00",
        "start_time": "2025-09-19T00:00:00+00:00",
        "tif_fname": "080W_20S_070W_10S.tif",
        "new_label": "agriculture",
        "probs": [
          0.9996439218521118,
          8.590660627305624e-7,
          0.00007508014095947146,
          0.00023342773783951998,
          2.0438114916032646e-6,
          7.989614459802397e-6,
          9.048434890246426e-7,
          0.000011152294064231683,
          1.4313501424112474e-6,
          0.000023189686544355936
        ]
      }
    },
    {
      "type": "Feature",
      "geometry": {
        "type": "Polygon",
        "coordinates": [
          [
            [
              -73.5664,
              -11.2733
            ],
            [
              -73.5664,
              -11.2734
            ],
            [
              -73.56620000000001,
              -11.2734
            ],
            [
              -73.56620000000001,
              -11.2735
            ],
            [
              -73.5664,
              -11.2735
            ],
            [
              -73.5664,
              -11.274000000000001
            ],
            [
              -73.56620000000001,
              -11.274000000000001
            ],
            [
              -73.56620000000001,
              -11.2742
            ],
            [
              -73.5659,
              -11.2742
            ],
            [
              -73.5659,
              -11.2744
            ],
            [
              -73.56580000000001,
              -11.2744
            ],
            [
              -73.56580000000001,
              -11.2742
            ],
            [
              -73.5656,
              -11.2742
            ],
            [
              -73.5656,
              -11.2741
            ],
            [
              -73.5655,
              -11.2741
            ],
            [
              -73.5655,
              -11.274000000000001
            ],
            [
              -73.5657,
              -11.274000000000001
            ],
            [
              -73.5657,
              -11.273800000000001
            ],
            [
              -73.5659,
              -11.273800000000001
            ],
            [
              -73.5659,
              -11.2737
            ],
            [
              -73.566,
              -11.2737
            ],
            [
              -73.566,
              -11.2733
            ],
            [
              -73.5664,
              -11.2733
            ]
          ]
        ]
      },
      "properties": {
        "oe_start_time": "2025-09-16T00:00:00Z",
        "oe_end_time": "2025-09-16T00:00:00Z",
        "oe_prediction_result_id": null,
        "oe_prediction_result_file_id": null,
        "oe_created_at": null,
        "center_pixel": [
          64339,
          12738
        ],
        "end_time": "2025-09-16T00:00:00+00:00",
        "start_time": "2025-09-16T00:00:00+00:00",
        "tif_fname": "080W_20S_070W_10S.tif",
        "new_label": "agriculture",
        "probs": [
          0.999358594417572,
          2.4423382001259597e-6,
          0.00009686844714451581,
          0.0002952164795715362,
          3.4610216061992105e-6,
          0.00009076131391339004,
          1.0863197275057246e-7,
          2.1848779852007283e-6,
          0.000011616626579780132,
          0.0001387109368806705
        ]
      }
    },
    {
      "type": "Feature",
      "geometry": {
        "type": "Polygon",
        "coordinates": [
          [
            [
              -71.89920000000001,
              -11.800500000000001
            ],
            [
              -71.89920000000001,
              -11.801
            ],
            [
              -71.8994,
              -11.801
            ],
            [
              -71.8994,
              -11.8011
            ],
            [
              -71.8995,
              -11.8011
            ],
            [
              -71.8995,
              -11.801300000000001
            ],
            [
              -71.8994,
              -11.801300000000001
            ],
            [
              -71.8994,
              -11.801400000000001
            ],
            [
              -71.8993,
              -11.801400000000001
            ],
            [
              -71.8993,
              -11.8015
            ],
            [
              -71.89920000000001,
              -11.8015
            ],
            [
              -71.89920000000001,
              -11.801400000000001
            ],
            [
              -71.899,
              -11.801400000000001
            ],
            [
              -71.899,
              -11.8011
            ],
            [
              -71.89880000000001,
              -11.8011
            ],
            [
              -71.89880000000001,
              -11.8009
            ],
            [
              -71.899,
              -11.8009
            ],
            [
              -71.899,
              -11.800500000000001
            ],
            [
              -71.89920000000001,
              -11.800500000000001
            ]
          ]
        ]
      },
      "properties": {
        "oe_start_time": "2025-09-13T00:00:00Z",
        "oe_end_time": "2025-09-13T00:00:00Z",
        "oe_prediction_result_id": null,
        "oe_prediction_result_file_id": null,
        "oe_created_at": null,
        "center_pixel": [
          81008,
          18010
        ],
        "end_time": "2025-09-13T00:00:00+00:00",
        "start_time": "2025-09-13T00:00:00+00:00",
        "tif_fname": "080W_20S_070W_10S.tif",
        "new_label": "agriculture",
        "probs": [
          0.9875246286392212,
          0.00004350214294390753,
          0.0004783914773724973,
          0.002231008606031537,
          0.00017073246999643743,
          0.0041430857963860035,
          2.6295010684407316e-6,
          0.000465389370219782,
          0.00006206963735166937,
          0.004878615960478783
        ]
      }
    },
    {
      "type": "Feature",
      "geometry": {
        "type": "Polygon",
        "coordinates": [
          [
            [
              -70.89280000000001,
              -12.9395
            ],
            [
              -70.89280000000001,
              -12.9398
            ],
            [
              -70.8929,
              -12.9398
            ],
            [
              -70.8929,
              -12.940000000000001
            ],
            [
              -70.89280000000001,
              -12.940000000000001
            ],
            [
              -70.89280000000001,
              -12.940100000000001
            ],
            [
              -70.8926,
              -12.940100000000001
            ],
            [
              -70.8926,
              -12.9402
            ],
            [
              -70.8922,
              -12.9402
            ],
            [
              -70.8922,
              -12.9403
            ],
            [
              -70.8923,
              -12.9403
            ],
            [
              -70.8923,
              -12.9404
            ],
            [
              -70.8921,
              -12.9404
            ],
            [
              -70.8921,
              -12.940100000000001
            ],
            [
              -70.89200000000001,
              -12.940100000000001
            ],
            [
              -70.89200000000001,
              -12.9402
            ],
            [
              -70.8919,
              -12.9402
            ],
            [
              -70.8919,
              -12.940000000000001
            ],
            [
              -70.8917,
              -12.940000000000001
            ],
            [
              -70.8917,
              -12.9399
            ],
            [
              -70.8919,
              -12.9399
            ],
            [
              -70.8919,
              -12.9398
            ],
            [
              -70.8917,
              -12.9398
            ],
            [
              -70.8917,
              -12.9396
            ],
            [
              -70.8919,
              -12.9396
            ],
            [
              -70.8919,
              -12.9395
            ],
            [
              -70.89200000000001,
              -12.9395
            ],
            [
              -70.89200000000001,
              -12.9396
            ],
            [
              -70.8922,
              -12.9396
            ],
            [
              -70.8922,
              -12.9397
            ],
            [
              -70.8923,
              -12.9397
            ],
            [
              -70.8923,
              -12.9396
            ],
            [
              -70.89240000000001,
              -12.9396
            ],
            [
              -70.89240000000001,
              -12.9395
            ],
            [
              -70.89280000000001,
              -12.9395
            ]
          ]
        ]
      },
      "properties": {
        "oe_start_time": "2025-09-13T00:00:00Z",
        "oe_end_time": "2025-09-13T00:00:00Z",
        "oe_prediction_result_id": null,
        "oe_prediction_result_file_id": null,
        "oe_created_at": null,
        "center_pixel": [
          91076,
          29398
        ],
        "end_time": "2025-09-13T00:00:00+00:00",
        "start_time": "2025-09-13T00:00:00+00:00",
        "tif_fname": "080W_20S_070W_10S.tif",
        "new_label": "hurricane",
        "probs": [
          0.02816566452383995,
          0.004633293021470308,
          0.02918921411037445,
          0.015398649498820305,
          0.15285959839820862,
          0.009358072653412819,
          0.001251965411938727,
          0.7288004755973816,
          0.0010462902719154954,
          0.02929678186774254
        ]
      }
    },
    {
      "type": "Feature",
      "geometry": {
        "type": "Polygon",
        "coordinates": [
          [
            [
              -70.0014,
              -12.9449
            ],
            [
              -70.0014,
              -12.945
            ],
            [
              -70.0013,
              -12.945
            ],
            [
              -70.0013,
              -12.9451
            ],
            [
              -70.0012,
              -12.9451
            ],
            [
              -70.0012,
              -12.945300000000001
            ],
            [
              -70.0009,
              -12.945300000000001
            ],
            [
              -70.0009,
              -12.9452
            ],
            [
              -70.0008,
              -12.9452
            ],
            [
              -70.0008,
              -12.945300000000001
            ],
            [
              -70.0006,
              -12.945300000000001
            ],
            [
              -70.0006,
              -12.945400000000001
            ],
            [
              -70.00070000000001,
              -12.945400000000001
            ],
            [
              -70.00070000000001,
              -12.945500000000001
            ],
            [
              -70.0005,
              -12.945500000000001
            ],
            [
              -70.0005,
              -12.945400000000001
            ],
            [
              -70.0004,
              -12.945400000000001
            ],
            [
              -70.0004,
              -12.945300000000001
            ],
            [
              -70.00030000000001,
              -12.945300000000001
            ],
            [
              -70.00030000000001,
              -12.9452
            ],
            [
              -70.0004,
              -12.9452
            ],
            [
              -70.0004,
              -12.9451
            ],
            [
              -70.0005,
              -12.9451
            ],
            [
              -70.0005,
              -12.9452
            ],
            [
              -70.0006,
              -12.9452
            ],
            [
              -70.0006,
              -12.9451
            ],
            [
              -70.00070000000001,
              -12.9451
            ],
            [
              -70.00070000000001,
              -12.945
            ],
            [
              -70.0008,
              -12.945
            ],
            [
              -70.0008,
              -12.9449
            ],
            [
              -70.0014,
              -12.9449
            ]
          ]
        ]
      },
      "properties": {
        "oe_start_time": "2025-09-13T00:00:00Z",
        "oe_end_time": "2025-09-13T00:00:00Z",
        "oe_prediction_result_id": null,
        "oe_prediction_result_file_id": null,
        "oe_created_at": null,
        "center_pixel": [
          99991,
          29451
        ],
        "end_time": "2025-09-13T00:00:00+00:00",
        "start_time": "2025-09-13T00:00:00+00:00",
        "tif_fname": "080W_20S_070W_10S.tif",
        "new_label": "mining",
        "probs": [
          0.002337946090847254,
          0.9946174025535583,
          0.0004887099494226277,
          0.000556189042981714,
          0.000011525922673172317,
          0.00007234863005578518,
          0.000016456957382615656,
          9.077285767489229e-7,
          0.0006892239907756448,
          0.0012092532124370337
        ]
      }
    },
    {
      "type": "Feature",
      "geometry": {
        "type": "Polygon",
        "coordinates": [
          [
            [
              -74.3669,
              -11.251700000000001
            ],
            [
              -74.3669,
              -11.251800000000001
            ],
            [
              -74.367,
              -11.251800000000001
            ],
            [
              -74.367,
              -11.252
            ],
            [
              -74.3672,
              -11.252
            ],
            [
              -74.3672,
              -11.2521
            ],
            [
              -74.36710000000001,
              -11.2521
            ],
            [
              -74.36710000000001,
              -11.2524
            ],
            [
              -74.3669,
              -11.2524
            ],
            [
              -74.3669,
              -11.252600000000001
            ],
            [
              -74.3666,
              -11.252600000000001
            ],
            [
              -74.3666,
              -11.2524
            ],
            [
              -74.3665,
              -11.2524
            ],
            [
              -74.3665,
              -11.252500000000001
            ],
            [
              -74.3664,
              -11.252500000000001
            ],
            [
              -74.3664,
              -11.2524
            ],
            [
              -74.3662,
              -11.2524
            ],
            [
              -74.3662,
              -11.2523
            ],
            [
              -74.3661,
              -11.2523
            ],
            [
              -74.3661,
              -11.2522
            ],
            [
              -74.3662,
              -11.2522
            ],
            [
              -74.3662,
              -11.252
            ],
            [
              -74.366,
              -11.252
            ],
            [
              -74.366,
              -11.251700000000001
            ],
            [
              -74.3662,
              -11.251700000000001
            ],
            [
              -74.3662,
              -11.251800000000001
            ],
            [
              -74.3664,
              -11.251800000000001
            ],
            [
              -74.3664,
              -11.251700000000001
            ],
            [
              -74.3669,
              -11.251700000000001
            ]
          ]
        ]
      },
      "properties": {
        "oe_start_time": "2025-08-30T00:00:00Z",
        "oe_end_time": "2025-08-30T00:00:00Z",
        "oe_prediction_result_id": null,
        "oe_prediction_result_file_id": null,
        "oe_created_at": null,
        "center_pixel": [
          56334,
          12521
        ],
        "end_time": "2025-08-30T00:00:00+00:00",
        "start_time": "2025-08-30T00:00:00+00:00",
        "tif_fname": "080W_20S_070W_10S.tif",
        "new_label": "agriculture",
        "probs": [
          0.9971717000007629,
          0.000014155827557260636,
          0.00021002307767048478,
          0.0006020350265316665,
          0.000015766985598020256,
          0.0012742055114358664,
          1.3703411241294816e-6,
          0.000022473161152447574,
          0.00003398077024030499,
          0.0006543251220136881
        ]
      }
    },
    {
      "type": "Feature",
      "geometry": {
        "type": "Polygon",
        "coordinates": [
          [
            [
              -73.52600000000001,
              -11.441500000000001
            ],
            [
              -73.52600000000001,
              -11.4417
            ],
            [
              -73.5263,
              -11.4417
            ],
            [
              -73.5263,
              -11.442
            ],
            [
              -73.5262,
              -11.442
            ],
            [
              -73.5262,
              -11.4429
            ],
            [
              -73.5257,
              -11.4429
            ],
            [
              -73.5257,
              -11.4427
            ],
            [
              -73.5256,
              -11.4427
            ],
            [
              -73.5256,
              -11.4422
            ],
            [
              -73.5258,
              -11.4422
            ],
            [
              -73.5258,
              -11.441500000000001
            ],
            [
              -73.52600000000001,
              -11.441500000000001
            ]
          ]
        ]
      },
      "properties": {
        "oe_start_time": "2025-09-16T00:00:00Z",
        "oe_end_time": "2025-09-16T00:00:00Z",
        "oe_prediction_result_id": null,
        "oe_prediction_result_file_id": null,
        "oe_created_at": null,
        "center_pixel": [
          64740,
          14422
        ],
        "end_time": "2025-09-16T00:00:00+00:00",
        "start_time": "2025-09-16T00:00:00+00:00",
        "tif_fname": "080W_20S_070W_10S.tif",
        "new_label": "agriculture",
        "probs": [
          0.9720714092254639,
          0.002133428817614913,
          0.019655581563711166,
          0.001975451596081257,
          0.0001655360247241333,
          0.0002611385134514421,
          0.000013926701285527088,
          0.0000869697832968086,
          0.0025147488340735435,
          0.0011218651197850704
        ]
      }
    },
    {
      "type": "Feature",
      "geometry": {
        "type": "Polygon",
        "coordinates": [
          [
            [
              -72.4522,
              -12.419
            ],
            [
              -72.4522,
              -12.4192
            ],
            [
              -72.45230000000001,
              -12.4192
            ],
            [
              -72.45230000000001,
              -12.4193
            ],
            [
              -72.4524,
              -12.4193
            ],
            [
              -72.4524,
              -12.419400000000001
            ],
            [
              -72.45230000000001,
              -12.419400000000001
            ],
            [
              -72.45230000000001,
              -12.419500000000001
            ],
            [
              -72.4522,
              -12.419500000000001
            ],
            [
              -72.4522,
              -12.4196
            ],
            [
              -72.4521,
              -12.4196
            ],
            [
              -72.4521,
              -12.4197
            ],
            [
              -72.452,
              -12.4197
            ],
            [
              -72.452,
              -12.4198
            ],
            [
              -72.4514,
              -12.4198
            ],
            [
              -72.4514,
              -12.4196
            ],
            [
              -72.45150000000001,
              -12.4196
            ],
            [
              -72.45150000000001,
              -12.419500000000001
            ],
            [
              -72.4518,
              -12.419500000000001
            ],
            [
              -72.4518,
              -12.4192
            ],
            [
              -72.452,
              -12.4192
            ],
            [
              -72.452,
              -12.4191
            ],
            [
              -72.4521,
              -12.4191
            ],
            [
              -72.4521,
              -12.419
            ],
            [
              -72.4522,
              -12.419
            ]
          ]
        ]
      },
      "properties": {
        "oe_start_time": "2025-09-06T00:00:00Z",
        "oe_end_time": "2025-09-06T00:00:00Z",
        "oe_prediction_result_id": null,
        "oe_prediction_result_file_id": null,
        "oe_created_at": null,
        "center_pixel": [
          75480,
          24194
        ],
        "end_time": "2025-09-06T00:00:00+00:00",
        "start_time": "2025-09-06T00:00:00+00:00",
        "tif_fname": "080W_20S_070W_10S.tif",
        "new_label": "agriculture",
        "probs": [
          0.9703210592269897,
          0.00005447784860734828,
          0.0013272654032334685,
          0.0028075361624360085,
          0.0004931967705488205,
          0.013490588404238224,
          0.00005330892963684164,
          0.0005127997137606144,
          0.000462819094536826,
          0.010476922616362572
        ]
      }
    },
    {
      "type": "Feature",
      "geometry": {
        "type": "Polygon",
        "coordinates": [
          [
            [
              -75.55810000000001,
              -10.0249
            ],
            [
              -75.55810000000001,
              -10.0251
            ],
            [
              -75.5583,
              -10.0251
            ],
            [
              -75.5583,
              -10.0253
            ],
            [
              -75.55810000000001,
              -10.0253
            ],
            [
              -75.55810000000001,
              -10.0256
            ],
            [
              -75.5578,
              -10.0256
            ],
            [
              -75.5578,
              -10.0257
            ],
            [
              -75.5577,
              -10.0257
            ],
            [
              -75.5577,
              -10.0256
            ],
            [
              -75.55760000000001,
              -10.0256
            ],
            [
              -75.55760000000001,
              -10.025500000000001
            ],
            [
              -75.5575,
              -10.025500000000001
            ],
            [
              -75.5575,
              -10.025400000000001
            ],
            [
              -75.5574,
              -10.025400000000001
            ],
            [
              -75.5574,
              -10.0253
            ],
            [
              -75.55720000000001,
              -10.0253
            ],
            [
              -75.55720000000001,
              -10.0252
            ],
            [
              -75.5578,
              -10.0252
            ],
            [
              -75.5578,
              -10.0249
            ],
            [
              -75.55810000000001,
              -10.0249
            ]
          ]
        ]
      },
      "properties": {
        "oe_start_time": "2025-09-22T00:00:00Z",
        "oe_end_time": "2025-09-22T00:00:00Z",
        "oe_prediction_result_id": null,
        "oe_prediction_result_file_id": null,
        "oe_created_at": null,
        "center_pixel": [
          44421,
          252
        ],
        "end_time": "2025-09-22T00:00:00+00:00",
        "start_time": "2025-09-22T00:00:00+00:00",
        "tif_fname": "080W_20S_070W_10S.tif",
        "new_label": "agriculture",
        "probs": [
          0.9989929795265198,
          5.848334581060044e-7,
          0.00001944727591762785,
          0.00014672176621388644,
          2.5566193926351843e-6,
          0.0004693933005910367,
          3.3757416986190947e-6,
          0.000015529654774582013,
          0.000013016449884162284,
          0.0003364383883308619
        ]
      }
    },
    {
      "type": "Feature",
      "geometry": {
        "type": "Polygon",
        "coordinates": [
          [
            [
              -72.9812,
              -11.7019
            ],
            [
              -72.9812,
              -11.7021
            ],
            [
              -72.98140000000001,
              -11.7021
            ],
            [
              -72.98140000000001,
              -11.702300000000001
            ],
            [
              -72.9816,
              -11.702300000000001
            ],
            [
              -72.9816,
              -11.7024
            ],
            [
              -72.98140000000001,
              -11.7024
            ],
            [
              -72.98140000000001,
              -11.7027
            ],
            [
              -72.9813,
              -11.7027
            ],
            [
              -72.9813,
              -11.7028
            ],
            [
              -72.9812,
              -11.7028
            ],
            [
              -72.9812,
              -11.703000000000001
            ],
            [
              -72.9808,
              -11.703000000000001
            ],
            [
              -72.9808,
              -11.702900000000001
            ],
            [
              -72.9807,
              -11.702900000000001
            ],
            [
              -72.9807,
              -11.7027
            ],
            [
              -72.9808,
              -11.7027
            ],
            [
              -72.9808,
              -11.7025
            ],
            [
              -72.9807,
              -11.7025
            ],
            [
              -72.9807,
              -11.7024
            ],
            [
              -72.9805,
              -11.7024
            ],
            [
              -72.9805,
              -11.702300000000001
            ],
            [
              -72.9809,
              -11.702300000000001
            ],
            [
              -72.9809,
              -11.702
            ],
            [
              -72.9811,
              -11.702
            ],
            [
              -72.9811,
              -11.7019
            ],
            [
              -72.9812,
              -11.7019
            ]
          ]
        ]
      },
      "properties": {
        "oe_start_time": "2025-09-16T00:00:00Z",
        "oe_end_time": "2025-09-16T00:00:00Z",
        "oe_prediction_result_id": null,
        "oe_prediction_result_file_id": null,
        "oe_created_at": null,
        "center_pixel": [
          70189,
          17024
        ],
        "end_time": "2025-09-16T00:00:00+00:00",
        "start_time": "2025-09-16T00:00:00+00:00",
        "tif_fname": "080W_20S_070W_10S.tif",
        "new_label": "agriculture",
        "probs": [
          0.985670268535614,
          0.000058215246099280193,
          0.001606455771252513,
          0.01231383066624403,
          0.00002900718573073391,
          0.000044840013288194314,
          3.009880401805276e-6,
          0.00001321539002674399,
          0.00001688806150923483,
          0.00024432659847661853
        ]
      }
    },
    {
      "type": "Feature",
      "geometry": {
        "type": "Polygon",
        "coordinates": [
          [
            [
              -71.1339,
              -10.499500000000001
            ],
            [
              -71.1339,
              -10.499600000000001
            ],
            [
              -71.1341,
              -10.499600000000001
            ],
            [
              -71.1341,
              -10.4997
            ],
            [
              -71.134,
              -10.4997
            ],
            [
              -71.134,
              -10.4998
            ],
            [
              -71.1339,
              -10.4998
            ],
            [
              -71.1339,
              -10.4999
            ],
            [
              -71.1337,
              -10.4999
            ],
            [
              -71.1337,
              -10.4998
            ],
            [
              -71.1336,
              -10.4998
            ],
            [
              -71.1336,
              -10.4999
            ],
            [
              -71.1333,
              -10.4999
            ],
            [
              -71.1333,
              -10.5001
            ],
            [
              -71.1332,
              -10.5001
            ],
            [
              -71.1332,
              -10.5
            ],
            [
              -71.1331,
              -10.5
            ],
            [
              -71.1331,
              -10.4999
            ],
            [
              -71.1332,
              -10.4999
            ],
            [
              -71.1332,
              -10.4998
            ],
            [
              -71.1333,
              -10.4998
            ],
            [
              -71.1333,
              -10.4997
            ],
            [
              -71.1332,
              -10.4997
            ],
            [
              -71.1332,
              -10.499600000000001
            ],
            [
              -71.13340000000001,
              -10.499600000000001
            ],
            [
              -71.13340000000001,
              -10.499500000000001
            ],
            [
              -71.1336,
              -10.499500000000001
            ],
            [
              -71.1336,
              -10.499600000000001
            ],
            [
              -71.1335,
              -10.499600000000001
            ],
            [
              -71.1335,
              -10.4997
            ],
            [
              -71.1337,
              -10.4997
            ],
            [
              -71.1337,
              -10.499500000000001
            ],
            [
              -71.1339,
              -10.499500000000001
            ]
          ],
          [
            [
              -71.1339,
              -10.499600000000001
            ],
            [
              -71.13380000000001,
              -10.499600000000001
            ],
            [
              -71.13380000000001,
              -10.4997
            ],
            [
              -71.1339,
              -10.4997
            ],
            [
              -71.1339,
              -10.499600000000001
            ]
          ]
        ]
      },
      "properties": {
        "oe_start_time": "2025-09-16T00:00:00Z",
        "oe_end_time": "2025-09-16T00:00:00Z",
        "oe_prediction_result_id": null,
        "oe_prediction_result_file_id": null,
        "oe_created_at": null,
        "center_pixel": [
          88664,
          4997
        ],
        "end_time": "2025-09-16T00:00:00+00:00",
        "start_time": "2025-09-16T00:00:00+00:00",
        "tif_fname": "080W_20S_070W_10S.tif",
        "new_label": "hurricane",
        "probs": [
          0.0014875705819576979,
          0.000509285309817642,
          0.0013818898005411029,
          0.004473836161196232,
          0.3271726667881012,
          0.07218024134635925,
          0.0005742654320783913,
          0.34096360206604004,
          0.001323965727351606,
          0.2499326914548874
        ]
      }
    },
    {
      "type": "Feature",
      "geometry": {
        "type": "Polygon",
        "coordinates": [
          [
            [
              -74.0064,
              -11.9062
            ],
            [
              -74.0064,
              -11.9067
            ],
            [
              -74.0062,
              -11.9067
            ],
            [
              -74.0062,
              -11.9068
            ],
            [
              -74.0061,
              -11.9068
            ],
            [
              -74.0061,
              -11.9062
            ],
            [
              -74.0064,
              -11.9062
            ]
          ]
        ]
      },
      "properties": {
        "oe_start_time": "2025-08-30T00:00:00Z",
        "oe_end_time": "2025-08-30T00:00:00Z",
        "oe_prediction_result_id": null,
        "oe_prediction_result_file_id": null,
        "oe_created_at": null,
        "center_pixel": [
          59937,
          19064
        ],
        "end_time": "2025-08-30T00:00:00+00:00",
        "start_time": "2025-08-30T00:00:00+00:00",
        "tif_fname": "080W_20S_070W_10S.tif",
        "new_label": "agriculture",
        "probs": [
          0.8290721774101257,
          0.00037652550963684916,
          0.0028101231437176466,
          0.10512416809797287,
          0.0026168033946305513,
          0.00630553113296628,
          0.00010068136907648295,
          0.00029553734930232167,
          0.0014080394757911563,
          0.051890309900045395
        ]
      }
    },
    {
      "type": "Feature",
      "geometry": {
        "type": "Polygon",
        "coordinates": [
          [
            [
              -70.2966,
              -12.657200000000001
            ],
            [
              -70.2966,
              -12.6574
            ],
            [
              -70.2967,
              -12.6574
            ],
            [
              -70.2967,
              -12.6575
            ],
            [
              -70.2966,
              -12.6575
            ],
            [
              -70.2966,
              -12.6576
            ],
            [
              -70.2964,
              -12.6576
            ],
            [
              -70.2964,
              -12.6577
            ],
            [
              -70.29650000000001,
              -12.6577
            ],
            [
              -70.29650000000001,
              -12.6578
            ],
            [
              -70.2964,
              -12.6578
            ],
            [
              -70.2964,
              -12.658000000000001
            ],
            [
              -70.2962,
              -12.658000000000001
            ],
            [
              -70.2962,
              -12.657900000000001
            ],
            [
              -70.2963,
              -12.657900000000001
            ],
            [
              -70.2963,
              -12.6576
            ],
            [
              -70.2962,
              -12.6576
            ],
            [
              -70.2962,
              -12.6574
            ],
            [
              -70.2963,
              -12.6574
            ],
            [
              -70.2963,
              -12.657300000000001
            ],
            [
              -70.2964,
              -12.657300000000001
            ],
            [
              -70.2964,
              -12.657200000000001
            ],
            [
              -70.2966,
              -12.657200000000001
            ]
          ]
        ]
      },
      "properties": {
        "oe_start_time": "2025-10-21T00:00:00Z",
        "oe_end_time": "2025-10-21T00:00:00Z",
        "oe_prediction_result_id": null,
        "oe_prediction_result_file_id": null,
        "oe_created_at": null,
        "center_pixel": [
          97035,
          26575
        ],
        "end_time": "2025-10-21T00:00:00+00:00",
        "start_time": "2025-10-21T00:00:00+00:00",
        "tif_fname": "080W_20S_070W_10S.tif",
        "new_label": "mining",
        "probs": [
          0.0010691661154851317,
          0.9896572232246399,
          0.005047894082963467,
          0.0021198440808802843,
          0.00010344608745072037,
          0.00004924608219880611,
          0.00013697311806026846,
          7.04322110323119e-6,
          0.0009810318006202579,
          0.0008281510672532022
        ]
      }
    },
    {
      "type": "Feature",
      "geometry": {
        "type": "Polygon",
        "coordinates": [
          [
            [
              -73.9072,
              -11.6881
            ],
            [
              -73.9072,
              -11.6883
            ],
            [
              -73.9073,
              -11.6883
            ],
            [
              -73.9073,
              -11.6882
            ],
            [
              -73.90740000000001,
              -11.6882
            ],
            [
              -73.90740000000001,
              -11.6884
            ],
            [
              -73.9073,
              -11.6884
            ],
            [
              -73.9073,
              -11.688500000000001
            ],
            [
              -73.9075,
              -11.688500000000001
            ],
            [
              -73.9075,
              -11.6887
            ],
            [
              -73.90740000000001,
              -11.6887
            ],
            [
              -73.90740000000001,
              -11.6889
            ],
            [
              -73.9073,
              -11.6889
            ],
            [
              -73.9073,
              -11.689
            ],
            [
              -73.907,
              -11.689
            ],
            [
              -73.907,
              -11.6888
            ],
            [
              -73.90690000000001,
              -11.6888
            ],
            [
              -73.90690000000001,
              -11.688600000000001
            ],
            [
              -73.907,
              -11.688600000000001
            ],
            [
              -73.907,
              -11.6884
            ],
            [
              -73.9071,
              -11.6884
            ],
            [
              -73.9071,
              -11.6883
            ],
            [
              -73.907,
              -11.6883
            ],
            [
              -73.907,
              -11.6881
            ],
            [
              -73.9072,
              -11.6881
            ]
          ]
        ]
      },
      "properties": {
        "oe_start_time": "2025-08-30T00:00:00Z",
        "oe_end_time": "2025-08-30T00:00:00Z",
        "oe_prediction_result_id": null,
        "oe_prediction_result_file_id": null,
        "oe_created_at": null,
        "center_pixel": [
          60928,
          16885
        ],
        "end_time": "2025-08-30T00:00:00+00:00",
        "start_time": "2025-08-30T00:00:00+00:00",
        "tif_fname": "080W_20S_070W_10S.tif",
        "new_label": "agriculture",
        "probs": [
          0.8187345266342163,
          0.0005592879024334252,
          0.004577476065605879,
          0.02027926594018936,
          0.017572637647390366,
          0.02912621945142746,
          0.00013587676221504807,
          0.015377924777567387,
          0.0009993318235501647,
          0.09263753145933151
        ]
      }
    },
    {
      "type": "Feature",
      "geometry": {
        "type": "Polygon",
        "coordinates": [
          [
            [
              -74.4431,
              -11.6697
            ],
            [
              -74.4431,
              -11.6698
            ],
            [
              -74.4434,
              -11.6698
            ],
            [
              -74.4434,
              -11.6701
            ],
            [
              -74.44330000000001,
              -11.6701
            ],
            [
              -74.44330000000001,
              -11.6707
            ],
            [
              -74.4432,
              -11.6707
            ],
            [
              -74.4432,
              -11.6708
            ],
            [
              -74.4431,
              -11.6708
            ],
            [
              -74.4431,
              -11.6701
            ],
            [
              -74.44290000000001,
              -11.6701
            ],
            [
              -74.44290000000001,
              -11.67
            ],
            [
              -74.4427,
              -11.67
            ],
            [
              -74.4427,
              -11.6704
            ],
            [
              -74.4426,
              -11.6704
            ],
            [
              -74.4426,
              -11.670300000000001
            ],
            [
              -74.4422,
              -11.670300000000001
            ],
            [
              -74.4422,
              -11.6701
            ],
            [
              -74.4424,
              -11.6701
            ],
            [
              -74.4424,
              -11.67
            ],
            [
              -74.44250000000001,
              -11.67
            ],
            [
              -74.44250000000001,
              -11.6699
            ],
            [
              -74.4426,
              -11.6699
            ],
            [
              -74.4426,
              -11.6698
            ],
            [
              -74.4427,
              -11.6698
            ],
            [
              -74.4427,
              -11.6699
            ],
            [
              -74.4428,
              -11.6699
            ],
            [
              -74.4428,
              -11.6698
            ],
            [
              -74.443,
              -11.6698
            ],
            [
              -74.443,
              -11.6697
            ],
            [
              -74.4431,
              -11.6697
            ]
          ],
          [
            [
              -74.443,
              -11.6699
            ],
            [
              -74.44290000000001,
              -11.6699
            ],
            [
              -74.44290000000001,
              -11.67
            ],
            [
              -74.443,
              -11.67
            ],
            [
              -74.443,
              -11.6699
            ]
          ]
        ]
      },
      "properties": {
        "oe_start_time": "2021-05-03T00:00:00Z",
        "oe_end_time": "2021-05-03T00:00:00Z",
        "oe_prediction_result_id": null,
        "oe_prediction_result_file_id": null,
        "oe_created_at": null,
        "center_pixel": [
          55570,
          16701
        ],
        "end_time": "2021-05-03T00:00:00+00:00",
        "start_time": "2021-05-03T00:00:00+00:00",
        "tif_fname": "080W_20S_070W_10S.tif",
        "new_label": "agriculture",
        "probs": [
          0.999427318572998,
          4.3641571210173424e-6,
          0.00008854315819917247,
          0.000014984524568717461,
          1.0745022791525116e-6,
          0.00031709703034721315,
          6.928211746526358e-7,
          0.000013485448107530829,
          0.000032580508559476584,
          0.00009998436871683225
        ]
      }
    },
    {
      "type": "Feature",
      "geometry": {
        "type": "Polygon",
        "coordinates": [
          [
            [
              -74.05040000000001,
              -11.6264
            ],
            [
              -74.05040000000001,
              -11.6266
            ],
            [
              -74.0509,
              -11.6266
            ],
            [
              -74.0509,
              -11.626800000000001
            ],
            [
              -74.0513,
              -11.626800000000001
            ],
            [
              -74.0513,
              -11.626900000000001
            ],
            [
              -74.05120000000001,
              -11.626900000000001
            ],
            [
              -74.05120000000001,
              -11.627
            ],
            [
              -74.0514,
              -11.627
            ],
            [
              -74.0514,
              -11.6272
            ],
            [
              -74.0515,
              -11.6272
            ],
            [
              -74.0515,
              -11.627500000000001
            ],
            [
              -74.0514,
              -11.627500000000001
            ],
            [
              -74.0514,
              -11.6273
            ],
            [
              -74.0513,
              -11.6273
            ],
            [
              -74.0513,
              -11.627600000000001
            ],
            [
              -74.0515,
              -11.627600000000001
            ],
            [
              -74.0515,
              -11.6277
            ],
            [
              -74.05160000000001,
              -11.6277
            ],
            [
              -74.05160000000001,
              -11.6278
            ],
            [
              -74.0518,
              -11.6278
            ],
            [
              -74.0518,
              -11.628
            ],
            [
              -74.0517,
              -11.628
            ],
            [
              -74.0517,
              -11.6281
            ],
            [
              -74.0513,
              -11.6281
            ],
            [
              -74.0513,
              -11.628200000000001
            ],
            [
              -74.0511,
              -11.628200000000001
            ],
            [
              -74.0511,
              -11.6281
            ],
            [
              -74.05120000000001,
              -11.6281
            ],
            [
              -74.05120000000001,
              -11.628
            ],
            [
              -74.0511,
              -11.628
            ],
            [
              -74.0511,
              -11.6279
            ],
            [
              -74.051,
              -11.6279
            ],
            [
              -74.051,
              -11.6277
            ],
            [
              -74.0509,
              -11.6277
            ],
            [
              -74.0509,
              -11.6279
            ],
            [
              -74.0506,
              -11.6279
            ],
            [
              -74.0506,
              -11.6278
            ],
            [
              -74.0507,
              -11.6278
            ],
            [
              -74.0507,
              -11.627500000000001
            ],
            [
              -74.0506,
              -11.627500000000001
            ],
            [
              -74.0506,
              -11.6273
            ],
            [
              -74.05040000000001,
              -11.6273
            ],
            [
              -74.05040000000001,
              -11.6272
            ],
            [
              -74.05,
              -11.6272
            ],
            [
              -74.05,
              -11.6271
            ],
            [
              -74.0501,
              -11.6271
            ],
            [
              -74.0501,
              -11.627
            ],
            [
              -74.05,
              -11.627
            ],
            [
              -74.05,
              -11.626900000000001
            ],
            [
              -74.04990000000001,
              -11.626900000000001
            ],
            [
              -74.04990000000001,
              -11.626800000000001
            ],
            [
              -74.0498,
              -11.626800000000001
            ],
            [
              -74.0498,
              -11.6264
            ],
            [
              -74.05040000000001,
              -11.6264
            ]
          ],
          [
            [
              -74.05,
              -11.6265
            ],
            [
              -74.04990000000001,
              -11.6265
            ],
            [
              -74.04990000000001,
              -11.6266
            ],
            [
              -74.05,
              -11.6266
            ],
            [
              -74.05,
              -11.6265
            ]
          ],
          [
            [
              -74.05080000000001,
              -11.626700000000001
            ],
            [
              -74.0507,
              -11.626700000000001
            ],
            [
              -74.0507,
              -11.626800000000001
            ],
            [
              -74.05080000000001,
              -11.626800000000001
            ],
            [
              -74.05080000000001,
              -11.626700000000001
            ]
          ],
          [
            [
              -74.0509,
              -11.626900000000001
            ],
            [
              -74.05080000000001,
              -11.626900000000001
            ],
            [
              -74.05080000000001,
              -11.627
            ],
            [
              -74.0509,
              -11.627
            ],
            [
              -74.0509,
              -11.626900000000001
            ]
          ],
          [
            [
              -74.0511,
              -11.627500000000001
            ],
            [
              -74.051,
              -11.627500000000001
            ],
            [
              -74.051,
              -11.627600000000001
            ],
            [
              -74.0511,
              -11.627600000000001
            ],
            [
              -74.0511,
              -11.627500000000001
            ]
          ]
        ]
      },
      "properties": {
        "oe_start_time": "2025-09-29T00:00:00Z",
        "oe_end_time": "2025-09-29T00:00:00Z",
        "oe_prediction_result_id": null,
        "oe_prediction_result_file_id": null,
        "oe_created_at": null,
        "center_pixel": [
          59492,
          16272
        ],
        "end_time": "2025-09-29T00:00:00+00:00",
        "start_time": "2025-09-29T00:00:00+00:00",
        "tif_fname": "080W_20S_070W_10S.tif",
        "new_label": "agriculture",
        "probs": [
          0.9958156943321228,
          0.00021017719700466841,
          0.0010712470393627882,
          0.0019447373924776912,
          0.000021750311134383082,
          0.00039334408938884735,
          7.648742212040816e-6,
          0.00005053839777247049,
          0.00006079808372305706,
          0.0004241950227878988
        ]
      }
    },
    {
      "type": "Feature",
      "geometry": {
        "type": "Polygon",
        "coordinates": [
          [
            [
              -73.4023,
              -10.9228
            ],
            [
              -73.4023,
              -10.923
            ],
            [
              -73.4024,
              -10.923
            ],
            [
              -73.4024,
              -10.9229
            ],
            [
              -73.4025,
              -10.9229
            ],
            [
              -73.4025,
              -10.9238
            ],
            [
              -73.40180000000001,
              -10.9238
            ],
            [
              -73.40180000000001,
              -10.923300000000001
            ],
            [
              -73.4017,
              -10.923300000000001
            ],
            [
              -73.4017,
              -10.9234
            ],
            [
              -73.4016,
              -10.9234
            ],
            [
              -73.4016,
              -10.9231
            ],
            [
              -73.4017,
              -10.9231
            ],
            [
              -73.4017,
              -10.923
            ],
            [
              -73.40180000000001,
              -10.923
            ],
            [
              -73.40180000000001,
              -10.9229
            ],
            [
              -73.4019,
              -10.9229
            ],
            [
              -73.4019,
              -10.9228
            ],
            [
              -73.4023,
              -10.9228
            ]
          ]
        ]
      },
      "properties": {
        "oe_start_time": "2025-10-19T00:00:00Z",
        "oe_end_time": "2025-10-19T00:00:00Z",
        "oe_prediction_result_id": null,
        "oe_prediction_result_file_id": null,
        "oe_created_at": null,
        "center_pixel": [
          65978,
          9233
        ],
        "end_time": "2025-10-19T00:00:00+00:00",
        "start_time": "2025-10-19T00:00:00+00:00",
        "tif_fname": "080W_20S_070W_10S.tif",
        "new_label": "agriculture",
        "probs": [
          0.9932129383087158,
          0.00005665587741532363,
          0.00551430881023407,
          0.00033516043913550675,
          0.000041716062696650624,
          0.00041164879803545773,
          6.467925231845584e-6,
          0.00012729071022477,
          0.00009593308641342446,
          0.00019798298308160156
        ]
      }
    },
    {
      "type": "Feature",
      "geometry": {
        "type": "Polygon",
        "coordinates": [
          [
            [
              -74.07390000000001,
              -10.1942
            ],
            [
              -74.07390000000001,
              -10.1943
            ],
            [
              -74.074,
              -10.1943
            ],
            [
              -74.074,
              -10.194600000000001
            ],
            [
              -74.07390000000001,
              -10.194600000000001
            ],
            [
              -74.07390000000001,
              -10.194700000000001
            ],
            [
              -74.0738,
              -10.194700000000001
            ],
            [
              -74.0738,
              -10.194600000000001
            ],
            [
              -74.0737,
              -10.194600000000001
            ],
            [
              -74.0737,
              -10.1945
            ],
            [
              -74.0736,
              -10.1945
            ],
            [
              -74.0736,
              -10.1944
            ],
            [
              -74.07350000000001,
              -10.1944
            ],
            [
              -74.07350000000001,
              -10.1942
            ],
            [
              -74.07390000000001,
              -10.1942
            ]
          ]
        ]
      },
      "properties": {
        "oe_start_time": "2025-10-06T00:00:00Z",
        "oe_end_time": "2025-10-06T00:00:00Z",
        "oe_prediction_result_id": null,
        "oe_prediction_result_file_id": null,
        "oe_created_at": null,
        "center_pixel": [
          59262,
          1944
        ],
        "end_time": "2025-10-06T00:00:00+00:00",
        "start_time": "2025-10-06T00:00:00+00:00",
        "tif_fname": "080W_20S_070W_10S.tif",
        "new_label": "agriculture",
        "probs": [
          0.8099738359451294,
          0.00026467902353033423,
          0.0013690911000594497,
          0.0012192449066787958,
          0.00003551035115378909,
          0.0006123955245129764,
          1.558256030875782e-6,
          3.988024218415376e-6,
          0.18311990797519684,
          0.0033998459111899137
        ]
      }
    },
    {
      "type": "Feature",
      "geometry": {
        "type": "Polygon",
        "coordinates": [
          [
            [
              -70.5466,
              -12.6616
            ],
            [
              -70.5466,
              -12.6617
            ],
            [
              -70.54650000000001,
              -12.6617
            ],
            [
              -70.54650000000001,
              -12.661800000000001
            ],
            [
              -70.5463,
              -12.661800000000001
            ],
            [
              -70.5463,
              -12.661900000000001
            ],
            [
              -70.5462,
              -12.661900000000001
            ],
            [
              -70.5462,
              -12.661800000000001
            ],
            [
              -70.5457,
              -12.661800000000001
            ],
            [
              -70.5457,
              -12.6616
            ],
            [
              -70.5459,
              -12.6616
            ],
            [
              -70.5459,
              -12.6617
            ],
            [
              -70.54610000000001,
              -12.6617
            ],
            [
              -70.54610000000001,
              -12.6616
            ],
            [
              -70.5466,
              -12.6616
            ]
          ]
        ]
      },
      "properties": {
        "oe_start_time": "2025-09-06T00:00:00Z",
        "oe_end_time": "2025-09-06T00:00:00Z",
        "oe_prediction_result_id": null,
        "oe_prediction_result_file_id": null,
        "oe_created_at": null,
        "center_pixel": [
          94538,
          26617
        ],
        "end_time": "2025-09-06T00:00:00+00:00",
        "start_time": "2025-09-06T00:00:00+00:00",
        "tif_fname": "080W_20S_070W_10S.tif",
        "new_label": "mining",
        "probs": [
          0.004872077610343695,
          0.9926685094833374,
          0.0012101990869268775,
          0.0007885625236667693,
          7.044918675092049e-6,
          8.844148396747187e-6,
          0.00002303083601873368,
          7.52888297483878e-7,
          0.00023423958919011056,
          0.00018679036293178797
        ]
      }
    },
    {
      "type": "Feature",
      "geometry": {
        "type": "Polygon",
        "coordinates": [
          [
            [
              -73.6623,
              -10.8437
            ],
            [
              -73.6623,
              -10.8439
            ],
            [
              -73.66250000000001,
              -10.8439
            ],
            [
              -73.66250000000001,
              -10.8446
            ],
            [
              -73.6623,
              -10.8446
            ],
            [
              -73.6623,
              -10.844800000000001
            ],
            [
              -73.6622,
              -10.844800000000001
            ],
            [
              -73.6622,
              -10.845
            ],
            [
              -73.6618,
              -10.845
            ],
            [
              -73.6618,
              -10.8446
            ],
            [
              -73.6616,
              -10.8446
            ],
            [
              -73.6616,
              -10.8444
            ],
            [
              -73.6614,
              -10.8444
            ],
            [
              -73.6614,
              -10.844100000000001
            ],
            [
              -73.66170000000001,
              -10.844100000000001
            ],
            [
              -73.66170000000001,
              -10.844000000000001
            ],
            [
              -73.6618,
              -10.844000000000001
            ],
            [
              -73.6618,
              -10.8439
            ],
            [
              -73.6619,
              -10.8439
            ],
            [
              -73.6619,
              -10.8438
            ],
            [
              -73.6618,
              -10.8438
            ],
            [
              -73.6618,
              -10.8437
            ],
            [
              -73.6623,
              -10.8437
            ]
          ]
        ]
      },
      "properties": {
        "oe_start_time": "2025-08-30T00:00:00Z",
        "oe_end_time": "2025-08-30T00:00:00Z",
        "oe_prediction_result_id": null,
        "oe_prediction_result_file_id": null,
        "oe_created_at": null,
        "center_pixel": [
          63379,
          8443
        ],
        "end_time": "2025-08-30T00:00:00+00:00",
        "start_time": "2025-08-30T00:00:00+00:00",
        "tif_fname": "080W_20S_070W_10S.tif",
        "new_label": "agriculture",
        "probs": [
          0.99897301197052,
          0.000014850884326733649,
          0.000334879761794582,
          0.0005033502238802612,
          3.903333890775684e-6,
          0.00006581721390830353,
          2.209068412639681e-7,
          3.866779479722027e-6,
          7.521118277509231e-6,
          0.00009252753079636022
        ]
      }
    },
    {
      "type": "Feature",
      "geometry": {
        "type": "Polygon",
        "coordinates": [
          [
            [
              -73.1439,
              -10.9177
            ],
            [
              -73.1439,
              -10.918000000000001
            ],
            [
              -73.14410000000001,
              -10.918000000000001
            ],
            [
              -73.14410000000001,
              -10.9181
            ],
            [
              -73.1442,
              -10.9181
            ],
            [
              -73.1442,
              -10.9184
            ],
            [
              -73.1443,
              -10.9184
            ],
            [
              -73.1443,
              -10.9185
            ],
            [
              -73.14450000000001,
              -10.9185
            ],
            [
              -73.14450000000001,
              -10.918700000000001
            ],
            [
              -73.1446,
              -10.918700000000001
            ],
            [
              -73.1446,
              -10.918800000000001
            ],
            [
              -73.1444,
              -10.918800000000001
            ],
            [
              -73.1444,
              -10.918700000000001
            ],
            [
              -73.1443,
              -10.918700000000001
            ],
            [
              -73.1443,
              -10.9186
            ],
            [
              -73.1442,
              -10.9186
            ],
            [
              -73.1442,
              -10.9185
            ],
            [
              -73.14410000000001,
              -10.9185
            ],
            [
              -73.14410000000001,
              -10.9186
            ],
            [
              -73.144,
              -10.9186
            ],
            [
              -73.144,
              -10.9182
            ],
            [
              -73.1435,
              -10.9182
            ],
            [
              -73.1435,
              -10.9181
            ],
            [
              -73.1436,
              -10.9181
            ],
            [
              -73.1436,
              -10.918000000000001
            ],
            [
              -73.1438,
              -10.918000000000001
            ],
            [
              -73.1438,
              -10.9177
            ],
            [
              -73.1439,
              -10.9177
            ]
          ]
        ]
      },
      "properties": {
        "oe_start_time": "2025-10-06T00:00:00Z",
        "oe_end_time": "2025-10-06T00:00:00Z",
        "oe_prediction_result_id": null,
        "oe_prediction_result_file_id": null,
        "oe_created_at": null,
        "center_pixel": [
          68559,
          9182
        ],
        "end_time": "2025-10-06T00:00:00+00:00",
        "start_time": "2025-10-06T00:00:00+00:00",
        "tif_fname": "080W_20S_070W_10S.tif",
        "new_label": "road",
        "probs": [
          0.007790330331772566,
          0.0001510894944658503,
          0.0029823114164173603,
          0.9841760993003845,
          0.0014054009225219488,
          0.00020850589498877525,
          0.00018956670828629285,
          8.372606316697784e-6,
          0.000027312798920320347,
          0.0030610407702624798
        ]
      }
    },
    {
      "type": "Feature",
      "geometry": {
        "type": "Polygon",
        "coordinates": [
          [
            [
              -73.2877,
              -10.7592
            ],
            [
              -73.2877,
              -10.7593
            ],
            [
              -73.2876,
              -10.7593
            ],
            [
              -73.2876,
              -10.759400000000001
            ],
            [
              -73.28750000000001,
              -10.759400000000001
            ],
            [
              -73.28750000000001,
              -10.7596
            ],
            [
              -73.287,
              -10.7596
            ],
            [
              -73.287,
              -10.7597
            ],
            [
              -73.2869,
              -10.7597
            ],
            [
              -73.2869,
              -10.7596
            ],
            [
              -73.2868,
              -10.7596
            ],
            [
              -73.2868,
              -10.7593
            ],
            [
              -73.28670000000001,
              -10.7593
            ],
            [
              -73.28670000000001,
              -10.7592
            ],
            [
              -73.287,
              -10.7592
            ],
            [
              -73.287,
              -10.759500000000001
            ],
            [
              -73.2873,
              -10.759500000000001
            ],
            [
              -73.2873,
              -10.7592
            ],
            [
              -73.2877,
              -10.7592
            ]
          ]
        ]
      },
      "properties": {
        "oe_start_time": "2025-09-16T00:00:00Z",
        "oe_end_time": "2025-09-16T00:00:00Z",
        "oe_prediction_result_id": null,
        "oe_prediction_result_file_id": null,
        "oe_created_at": null,
        "center_pixel": [
          67128,
          7595
        ],
        "end_time": "2025-09-16T00:00:00+00:00",
        "start_time": "2025-09-16T00:00:00+00:00",
        "tif_fname": "080W_20S_070W_10S.tif",
        "new_label": "agriculture",
        "probs": [
          0.9868795275688171,
          0.000011947409802814946,
          0.000057119956181850284,
          0.00012518622679635882,
          8.961056664702483e-6,
          0.009462859481573105,
          3.9638689486309886e-7,
          0.000021563599148066714,
          0.00011724658543244004,
          0.0033151740208268166
        ]
      }
    },
    {
      "type": "Feature",
      "geometry": {
        "type": "Polygon",
        "coordinates": [
          [
            [
              -75.07780000000001,
              -10.3626
            ],
            [
              -75.07780000000001,
              -10.3627
            ],
            [
              -75.078,
              -10.3627
            ],
            [
              -75.078,
              -10.363000000000001
            ],
            [
              -75.07780000000001,
              -10.363000000000001
            ],
            [
              -75.07780000000001,
              -10.3632
            ],
            [
              -75.07770000000001,
              -10.3632
            ],
            [
              -75.07770000000001,
              -10.3629
            ],
            [
              -75.0776,
              -10.3629
            ],
            [
              -75.0776,
              -10.3632
            ],
            [
              -75.0774,
              -10.3632
            ],
            [
              -75.0774,
              -10.363100000000001
            ],
            [
              -75.07730000000001,
              -10.363100000000001
            ],
            [
              -75.07730000000001,
              -10.3627
            ],
            [
              -75.0776,
              -10.3627
            ],
            [
              -75.0776,
              -10.3626
            ],
            [
              -75.07780000000001,
              -10.3626
            ]
          ]
        ]
      },
      "properties": {
        "oe_start_time": "2025-09-22T00:00:00Z",
        "oe_end_time": "2025-09-22T00:00:00Z",
        "oe_prediction_result_id": null,
        "oe_prediction_result_file_id": null,
        "oe_created_at": null,
        "center_pixel": [
          49223,
          3628
        ],
        "end_time": "2025-09-22T00:00:00+00:00",
        "start_time": "2025-09-22T00:00:00+00:00",
        "tif_fname": "080W_20S_070W_10S.tif",
        "new_label": "agriculture",
        "probs": [
          0.9983363747596741,
          5.339833933248883e-6,
          0.0001559088414069265,
          0.00017448977450840175,
          8.778201845416334e-6,
          0.0009362379787489772,
          1.6030247707021772e-6,
          0.00005605683691101149,
          0.0000433189379691612,
          0.0002818106149788946
        ]
      }
    },
    {
      "type": "Feature",
      "geometry": {
        "type": "Polygon",
        "coordinates": [
          [
            [
              -74.6367,
              -10.7531
            ],
            [
              -74.6367,
              -10.7532
            ],
            [
              -74.6369,
              -10.7532
            ],
            [
              -74.6369,
              -10.7535
            ],
            [
              -74.637,
              -10.7535
            ],
            [
              -74.637,
              -10.753400000000001
            ],
            [
              -74.6371,
              -10.753400000000001
            ],
            [
              -74.6371,
              -10.7536
            ],
            [
              -74.6369,
              -10.7536
            ],
            [
              -74.6369,
              -10.7538
            ],
            [
              -74.6365,
              -10.7538
            ],
            [
              -74.6365,
              -10.7532
            ],
            [
              -74.6366,
              -10.7532
            ],
            [
              -74.6366,
              -10.7531
            ],
            [
              -74.6367,
              -10.7531
            ]
          ],
          [
            [
              -74.63680000000001,
              -10.753300000000001
            ],
            [
              -74.6367,
              -10.753300000000001
            ],
            [
              -74.6367,
              -10.753400000000001
            ],
            [
              -74.63680000000001,
              -10.753400000000001
            ],
            [
              -74.63680000000001,
              -10.753300000000001
            ]
          ]
        ]
      },
      "properties": {
        "oe_start_time": "2025-09-02T00:00:00Z",
        "oe_end_time": "2025-09-02T00:00:00Z",
        "oe_prediction_result_id": null,
        "oe_prediction_result_file_id": null,
        "oe_created_at": null,
        "center_pixel": [
          53632,
          7534
        ],
        "end_time": "2025-09-02T00:00:00+00:00",
        "start_time": "2025-09-02T00:00:00+00:00",
        "tif_fname": "080W_20S_070W_10S.tif",
        "new_label": "agriculture",
        "probs": [
          0.8491756319999695,
          0.0031042348127812147,
          0.012957381084561348,
          0.09092671424150467,
          0.012391860596835613,
          0.0028340129647403955,
          0.00019631437317002565,
          0.00491652637720108,
          0.0005448436713777483,
          0.02295253425836563
        ]
      }
    },
    {
      "type": "Feature",
      "geometry": {
        "type": "Polygon",
        "coordinates": [
          [
            [
              -70.0673,
              -12.9921
            ],
            [
              -70.0673,
              -12.9922
            ],
            [
              -70.0676,
              -12.9922
            ],
            [
              -70.0676,
              -12.9924
            ],
            [
              -70.0681,
              -12.9924
            ],
            [
              -70.0681,
              -12.9923
            ],
            [
              -70.0682,
              -12.9923
            ],
            [
              -70.0682,
              -12.9922
            ],
            [
              -70.0689,
              -12.9922
            ],
            [
              -70.0689,
              -12.9924
            ],
            [
              -70.0687,
              -12.9924
            ],
            [
              -70.0687,
              -12.992500000000001
            ],
            [
              -70.06830000000001,
              -12.992500000000001
            ],
            [
              -70.06830000000001,
              -12.992700000000001
            ],
            [
              -70.0685,
              -12.992700000000001
            ],
            [
              -70.0685,
              -12.9928
            ],
            [
              -70.0684,
              -12.9928
            ],
            [
              -70.0684,
              -12.9929
            ],
            [
              -70.0685,
              -12.9929
            ],
            [
              -70.0685,
              -12.993
            ],
            [
              -70.0682,
              -12.993
            ],
            [
              -70.0682,
              -12.9928
            ],
            [
              -70.06790000000001,
              -12.9928
            ],
            [
              -70.06790000000001,
              -12.9929
            ],
            [
              -70.0678,
              -12.9929
            ],
            [
              -70.0678,
              -12.993
            ],
            [
              -70.0676,
              -12.993
            ],
            [
              -70.0676,
              -12.9931
            ],
            [
              -70.0674,
              -12.9931
            ],
            [
              -70.0674,
              -12.993
            ],
            [
              -70.0673,
              -12.993
            ],
            [
              -70.0673,
              -12.9931
            ],
            [
              -70.0672,
              -12.9931
            ],
            [
              -70.0672,
              -12.9929
            ],
            [
              -70.0677,
              -12.9929
            ],
            [
              -70.0677,
              -12.9928
            ],
            [
              -70.0672,
              -12.9928
            ],
            [
              -70.0672,
              -12.992600000000001
            ],
            [
              -70.0674,
              -12.992600000000001
            ],
            [
              -70.0674,
              -12.992500000000001
            ],
            [
              -70.0673,
              -12.992500000000001
            ],
            [
              -70.0673,
              -12.9924
            ],
            [
              -70.0672,
              -12.9924
            ],
            [
              -70.0672,
              -12.9923
            ],
            [
              -70.0671,
              -12.9923
            ],
            [
              -70.0671,
              -12.9924
            ],
            [
              -70.0669,
              -12.9924
            ],
            [
              -70.0669,
              -12.9922
            ],
            [
              -70.06700000000001,
              -12.9922
            ],
            [
              -70.06700000000001,
              -12.9921
            ],
            [
              -70.0673,
              -12.9921
            ]
          ]
        ]
      },
      "properties": {
        "oe_start_time": "2025-09-16T00:00:00Z",
        "oe_end_time": "2025-09-16T00:00:00Z",
        "oe_prediction_result_id": null,
        "oe_prediction_result_file_id": null,
        "oe_created_at": null,
        "center_pixel": [
          99321,
          29925
        ],
        "end_time": "2025-09-16T00:00:00+00:00",
        "start_time": "2025-09-16T00:00:00+00:00",
        "tif_fname": "080W_20S_070W_10S.tif",
        "new_label": "mining",
        "probs": [
          0.0037827896885573864,
          0.9943718910217285,
          0.00048133678501471877,
          0.00018620840273797512,
          1.5105032389328699e-6,
          0.00007112169987522066,
          7.718174856563564e-6,
          6.159763898949677e-8,
          0.0007394891581498086,
          0.00035789841786026955
        ]
      }
    },
    {
      "type": "Feature",
      "geometry": {
        "type": "Polygon",
        "coordinates": [
          [
            [
              -73.5459,
              -10.9374
            ],
            [
              -73.5459,
              -10.937700000000001
            ],
            [
              -73.546,
              -10.937700000000001
            ],
            [
              -73.546,
              -10.937800000000001
            ],
            [
              -73.5455,
              -10.937800000000001
            ],
            [
              -73.5455,
              -10.9379
            ],
            [
              -73.5454,
              -10.9379
            ],
            [
              -73.5454,
              -10.9376
            ],
            [
              -73.5455,
              -10.9376
            ],
            [
              -73.5455,
              -10.9374
            ],
            [
              -73.5459,
              -10.9374
            ]
          ],
          [
            [
              -73.5458,
              -10.9376
            ],
            [
              -73.5457,
              -10.9376
            ],
            [
              -73.5457,
              -10.937700000000001
            ],
            [
              -73.5458,
              -10.937700000000001
            ],
            [
              -73.5458,
              -10.9376
            ]
          ]
        ]
      },
      "properties": {
        "oe_start_time": "2025-09-16T00:00:00Z",
        "oe_end_time": "2025-09-16T00:00:00Z",
        "oe_prediction_result_id": null,
        "oe_prediction_result_file_id": null,
        "oe_created_at": null,
        "center_pixel": [
          64543,
          9376
        ],
        "end_time": "2025-09-16T00:00:00+00:00",
        "start_time": "2025-09-16T00:00:00+00:00",
        "tif_fname": "080W_20S_070W_10S.tif",
        "new_label": "agriculture",
        "probs": [
          0.9922879934310913,
          0.0003075924760196358,
          0.002713141730055213,
          0.0038648960180580616,
          0.00004207055826555006,
          0.00014667412324342877,
          3.1870920338405995e-6,
          0.000017029147784342058,
          0.00009990752732846886,
          0.0005174296093173325
        ]
      }
    },
    {
      "type": "Feature",
      "geometry": {
        "type": "Polygon",
        "coordinates": [
          [
            [
              -74.34,
              -10.991900000000001
            ],
            [
              -74.34,
              -10.9924
            ],
            [
              -74.33970000000001,
              -10.9924
            ],
            [
              -74.33970000000001,
              -10.9923
            ],
            [
              -74.3396,
              -10.9923
            ],
            [
              -74.3396,
              -10.9924
            ],
            [
              -74.3395,
              -10.9924
            ],
            [
              -74.3395,
              -10.991900000000001
            ],
            [
              -74.34,
              -10.991900000000001
            ]
          ]
        ]
      },
      "properties": {
        "oe_start_time": "2025-08-30T00:00:00Z",
        "oe_end_time": "2025-08-30T00:00:00Z",
        "oe_prediction_result_id": null,
        "oe_prediction_result_file_id": null,
        "oe_created_at": null,
        "center_pixel": [
          56602,
          9921
        ],
        "end_time": "2025-08-30T00:00:00+00:00",
        "start_time": "2025-08-30T00:00:00+00:00",
        "tif_fname": "080W_20S_070W_10S.tif",
        "new_label": "agriculture",
        "probs": [
          0.7238040566444397,
          0.0008098577964119613,
          0.007139081601053476,
          0.21417757868766785,
          0.006691415328532457,
          0.012504810467362404,
          0.0016672530910000205,
          0.004091901704668999,
          0.0004022320208605379,
          0.028711840510368347
        ]
      }
    },
    {
      "type": "Feature",
      "geometry": {
        "type": "Polygon",
        "coordinates": [
          [
            [
              -73.82820000000001,
              -10.8968
            ],
            [
              -73.82820000000001,
              -10.8972
            ],
            [
              -73.8281,
              -10.8972
            ],
            [
              -73.8281,
              -10.8976
            ],
            [
              -73.828,
              -10.8976
            ],
            [
              -73.828,
              -10.8975
            ],
            [
              -73.82780000000001,
              -10.8975
            ],
            [
              -73.82780000000001,
              -10.8976
            ],
            [
              -73.82770000000001,
              -10.8976
            ],
            [
              -73.82770000000001,
              -10.8971
            ],
            [
              -73.82780000000001,
              -10.8971
            ],
            [
              -73.82780000000001,
              -10.8972
            ],
            [
              -73.8279,
              -10.8972
            ],
            [
              -73.8279,
              -10.8969
            ],
            [
              -73.828,
              -10.8969
            ],
            [
              -73.828,
              -10.8968
            ],
            [
              -73.82820000000001,
              -10.8968
            ]
          ]
        ]
      },
      "properties": {
        "oe_start_time": "2025-10-06T00:00:00Z",
        "oe_end_time": "2025-10-06T00:00:00Z",
        "oe_prediction_result_id": null,
        "oe_prediction_result_file_id": null,
        "oe_created_at": null,
        "center_pixel": [
          61720,
          8972
        ],
        "end_time": "2025-10-06T00:00:00+00:00",
        "start_time": "2025-10-06T00:00:00+00:00",
        "tif_fname": "080W_20S_070W_10S.tif",
        "new_label": "agriculture",
        "probs": [
          0.9951021671295166,
          0.000020148281691945158,
          0.0001881643256638199,
          0.002198778325691819,
          0.00003558990647434257,
          0.0005181864835321903,
          8.943209650169592e-6,
          0.00002157597555196844,
          0.00004901439751847647,
          0.0018573286943137646
        ]
      }
    },
    {
      "type": "Feature",
      "geometry": {
        "type": "Polygon",
        "coordinates": [
          [
            [
              -73.1369,
              -10.908800000000001
            ],
            [
              -73.1369,
              -10.909
            ],
            [
              -73.1372,
              -10.909
            ],
            [
              -73.1372,
              -10.9092
            ],
            [
              -73.13730000000001,
              -10.9092
            ],
            [
              -73.13730000000001,
              -10.9093
            ],
            [
              -73.1374,
              -10.9093
            ],
            [
              -73.1374,
              -10.9094
            ],
            [
              -73.13730000000001,
              -10.9094
            ],
            [
              -73.13730000000001,
              -10.909500000000001
            ],
            [
              -73.1376,
              -10.909500000000001
            ],
            [
              -73.1376,
              -10.909600000000001
            ],
            [
              -73.1379,
              -10.909600000000001
            ],
            [
              -73.1379,
              -10.9097
            ],
            [
              -73.13810000000001,
              -10.9097
            ],
            [
              -73.13810000000001,
              -10.9101
            ],
            [
              -73.138,
              -10.9101
            ],
            [
              -73.138,
              -10.91
            ],
            [
              -73.1376,
              -10.91
            ],
            [
              -73.1376,
              -10.9099
            ],
            [
              -73.1375,
              -10.9099
            ],
            [
              -73.1375,
              -10.9097
            ],
            [
              -73.1372,
              -10.9097
            ],
            [
              -73.1372,
              -10.909500000000001
            ],
            [
              -73.1366,
              -10.909500000000001
            ],
            [
              -73.1366,
              -10.9091
            ],
            [
              -73.1367,
              -10.9091
            ],
            [
              -73.1367,
              -10.909
            ],
            [
              -73.13680000000001,
              -10.909
            ],
            [
              -73.13680000000001,
              -10.908800000000001
            ],
            [
              -73.1369,
              -10.908800000000001
            ]
          ]
        ]
      },
      "properties": {
        "oe_start_time": "2025-08-30T00:00:00Z",
        "oe_end_time": "2025-08-30T00:00:00Z",
        "oe_prediction_result_id": null,
        "oe_prediction_result_file_id": null,
        "oe_created_at": null,
        "center_pixel": [
          68627,
          9094
        ],
        "end_time": "2025-08-30T00:00:00+00:00",
        "start_time": "2025-08-30T00:00:00+00:00",
        "tif_fname": "080W_20S_070W_10S.tif",
        "new_label": "agriculture",
        "probs": [
          0.8475317358970642,
          0.00009935123671311885,
          0.0003334253851789981,
          0.0006352975615300238,
          0.00002361518818361219,
          0.12303215265274048,
          3.128950083919335e-6,
          6.83258758726879e-6,
          0.002223525196313858,
          0.026110948994755745
        ]
      }
    },
    {
      "type": "Feature",
      "geometry": {
        "type": "Polygon",
        "coordinates": [
          [
            [
              -73.2547,
              -10.7942
            ],
            [
              -73.2547,
              -10.7943
            ],
            [
              -73.2551,
              -10.7943
            ],
            [
              -73.2551,
              -10.794500000000001
            ],
            [
              -73.2547,
              -10.794500000000001
            ],
            [
              -73.2547,
              -10.7947
            ],
            [
              -73.25450000000001,
              -10.7947
            ],
            [
              -73.25450000000001,
              -10.795
            ],
            [
              -73.2536,
              -10.795
            ],
            [
              -73.2536,
              -10.7948
            ],
            [
              -73.25370000000001,
              -10.7948
            ],
            [
              -73.25370000000001,
              -10.7949
            ],
            [
              -73.2538,
              -10.7949
            ],
            [
              -73.2538,
              -10.7948
            ],
            [
              -73.25410000000001,
              -10.7948
            ],
            [
              -73.25410000000001,
              -10.7949
            ],
            [
              -73.2543,
              -10.7949
            ],
            [
              -73.2543,
              -10.7946
            ],
            [
              -73.2544,
              -10.7946
            ],
            [
              -73.2544,
              -10.794500000000001
            ],
            [
              -73.25450000000001,
              -10.794500000000001
            ],
            [
              -73.25450000000001,
              -10.794400000000001
            ],
            [
              -73.25460000000001,
              -10.794400000000001
            ],
            [
              -73.25460000000001,
              -10.7942
            ],
            [
              -73.2547,
              -10.7942
            ]
          ]
        ]
      },
      "properties": {
        "oe_start_time": "2025-08-30T00:00:00Z",
        "oe_end_time": "2025-08-30T00:00:00Z",
        "oe_prediction_result_id": null,
        "oe_prediction_result_file_id": null,
        "oe_created_at": null,
        "center_pixel": [
          67455,
          7946
        ],
        "end_time": "2025-08-30T00:00:00+00:00",
        "start_time": "2025-08-30T00:00:00+00:00",
        "tif_fname": "080W_20S_070W_10S.tif",
        "new_label": "agriculture",
        "probs": [
          0.9916397929191589,
          8.649815754324663e-6,
          0.0001154126221081242,
          0.00022530807473231107,
          7.533295047323918e-6,
          0.0062862238846719265,
          3.160605501761893e-7,
          0.00001089237593987491,
          0.000059097179473610595,
          0.0016467456007376313
        ]
      }
    },
    {
      "type": "Feature",
      "geometry": {
        "type": "Polygon",
        "coordinates": [
          [
            [
              -74.35040000000001,
              -10.7697
            ],
            [
              -74.35040000000001,
              -10.7698
            ],
            [
              -74.3506,
              -10.7698
            ],
            [
              -74.3506,
              -10.7703
            ],
            [
              -74.35040000000001,
              -10.7703
            ],
            [
              -74.35040000000001,
              -10.7705
            ],
            [
              -74.35000000000001,
              -10.7705
            ],
            [
              -74.35000000000001,
              -10.770100000000001
            ],
            [
              -74.3502,
              -10.770100000000001
            ],
            [
              -74.3502,
              -10.7698
            ],
            [
              -74.3503,
              -10.7698
            ],
            [
              -74.3503,
              -10.7697
            ],
            [
              -74.35040000000001,
              -10.7697
            ]
          ],
          [
            [
              -74.3502,
              -10.7703
            ],
            [
              -74.3501,
              -10.7703
            ],
            [
              -74.3501,
              -10.7704
            ],
            [
              -74.3502,
              -10.7704
            ],
            [
              -74.3502,
              -10.7703
            ]
          ]
        ]
      },
      "properties": {
        "oe_start_time": "2025-08-23T00:00:00Z",
        "oe_end_time": "2025-08-23T00:00:00Z",
        "oe_prediction_result_id": null,
        "oe_prediction_result_file_id": null,
        "oe_created_at": null,
        "center_pixel": [
          56496,
          7701
        ],
        "end_time": "2025-08-23T00:00:00+00:00",
        "start_time": "2025-08-23T00:00:00+00:00",
        "tif_fname": "080W_20S_070W_10S.tif",
        "new_label": "agriculture",
        "probs": [
          0.8972964882850647,
          0.000019732260625460185,
          0.00039202015614137053,
          0.09514486789703369,
          0.0017228845972567797,
          0.0003703245602082461,
          0.000043624848331091926,
          0.00043478631414473057,
          0.000017379959899699315,
          0.004557855427265167
        ]
      }
    },
    {
      "type": "Feature",
      "geometry": {
        "type": "Polygon",
        "coordinates": [
          [
            [
              -72.5618,
              -11.824300000000001
            ],
            [
              -72.5618,
              -11.825000000000001
            ],
            [
              -72.5617,
              -11.825000000000001
            ],
            [
              -72.5617,
              -11.8247
            ],
            [
              -72.5616,
              -11.8247
            ],
            [
              -72.5616,
              -11.8251
            ],
            [
              -72.5614,
              -11.8251
            ],
            [
              -72.5614,
              -11.825000000000001
            ],
            [
              -72.56150000000001,
              -11.825000000000001
            ],
            [
              -72.56150000000001,
              -11.8245
            ],
            [
              -72.5616,
              -11.8245
            ],
            [
              -72.5616,
              -11.824300000000001
            ],
            [
              -72.5618,
              -11.824300000000001
            ]
          ]
        ]
      },
      "properties": {
        "oe_start_time": "2025-09-16T00:00:00Z",
        "oe_end_time": "2025-09-16T00:00:00Z",
        "oe_prediction_result_id": null,
        "oe_prediction_result_file_id": null,
        "oe_created_at": null,
        "center_pixel": [
          74383,
          18246
        ],
        "end_time": "2025-09-16T00:00:00+00:00",
        "start_time": "2025-09-16T00:00:00+00:00",
        "tif_fname": "080W_20S_070W_10S.tif",
        "new_label": "river",
        "probs": [
          0.2556626498699188,
          0.03735543414950371,
          0.0880756601691246,
          0.025010036304593086,
          0.05881721153855324,
          0.01620624214410782,
          0.0007666157325729728,
          0.011814556084573269,
          0.40186378359794617,
          0.10442786663770676
        ]
      }
    },
    {
      "type": "Feature",
      "geometry": {
        "type": "Polygon",
        "coordinates": [
          [
            [
              -74.6405,
              -10.7988
            ],
            [
              -74.6405,
              -10.7989
            ],
            [
              -74.64070000000001,
              -10.7989
            ],
            [
              -74.64070000000001,
              -10.799000000000001
            ],
            [
              -74.6409,
              -10.799000000000001
            ],
            [
              -74.6409,
              -10.7994
            ],
            [
              -74.6408,
              -10.7994
            ],
            [
              -74.6408,
              -10.7995
            ],
            [
              -74.6405,
              -10.7995
            ],
            [
              -74.6405,
              -10.7997
            ],
            [
              -74.64030000000001,
              -10.7997
            ],
            [
              -74.64030000000001,
              -10.8
            ],
            [
              -74.6405,
              -10.8
            ],
            [
              -74.6405,
              -10.8001
            ],
            [
              -74.6404,
              -10.8001
            ],
            [
              -74.6404,
              -10.8002
            ],
            [
              -74.64030000000001,
              -10.8002
            ],
            [
              -74.64030000000001,
              -10.8003
            ],
            [
              -74.6401,
              -10.8003
            ],
            [
              -74.6401,
              -10.8004
            ],
            [
              -74.64,
              -10.8004
            ],
            [
              -74.64,
              -10.800500000000001
            ],
            [
              -74.63980000000001,
              -10.800500000000001
            ],
            [
              -74.63980000000001,
              -10.8002
            ],
            [
              -74.6396,
              -10.8002
            ],
            [
              -74.6396,
              -10.7997
            ],
            [
              -74.63980000000001,
              -10.7997
            ],
            [
              -74.63980000000001,
              -10.7992
            ],
            [
              -74.6399,
              -10.7992
            ],
            [
              -74.6399,
              -10.799000000000001
            ],
            [
              -74.64030000000001,
              -10.799000000000001
            ],
            [
              -74.64030000000001,
              -10.7988
            ],
            [
              -74.6405,
              -10.7988
            ]
          ],
          [
            [
              -74.6408,
              -10.799100000000001
            ],
            [
              -74.64070000000001,
              -10.799100000000001
            ],
            [
              -74.64070000000001,
              -10.7992
            ],
            [
              -74.6408,
              -10.7992
            ],
            [
              -74.6408,
              -10.799100000000001
            ]
          ]
        ]
      },
      "properties": {
        "oe_start_time": "2025-09-12T00:00:00Z",
        "oe_end_time": "2025-09-12T00:00:00Z",
        "oe_prediction_result_id": null,
        "oe_prediction_result_file_id": null,
        "oe_created_at": null,
        "center_pixel": [
          53598,
          7995
        ],
        "end_time": "2025-09-12T00:00:00+00:00",
        "start_time": "2025-09-12T00:00:00+00:00",
        "tif_fname": "080W_20S_070W_10S.tif",
        "new_label": "agriculture",
        "probs": [
          0.9978253841400146,
          0.00002757913898676634,
          0.0001839137839851901,
          0.00047249390627257526,
          0.000013867408597434405,
          0.0005251895054243505,
          4.633196567738196e-6,
          0.0000747966842027381,
          0.000022514330339618027,
          0.0008496264927089214
        ]
      }
    },
    {
      "type": "Feature",
      "geometry": {
        "type": "Polygon",
        "coordinates": [
          [
            [
              -73.22840000000001,
              -10.579
            ],
            [
              -73.22840000000001,
              -10.5792
            ],
            [
              -73.22890000000001,
              -10.5792
            ],
            [
              -73.22890000000001,
              -10.5793
            ],
            [
              -73.2288,
              -10.5793
            ],
            [
              -73.2288,
              -10.579500000000001
            ],
            [
              -73.22890000000001,
              -10.579500000000001
            ],
            [
              -73.22890000000001,
              -10.5797
            ],
            [
              -73.2287,
              -10.5797
            ],
            [
              -73.2287,
              -10.5798
            ],
            [
              -73.2288,
              -10.5798
            ],
            [
              -73.2288,
              -10.5799
            ],
            [
              -73.2287,
              -10.5799
            ],
            [
              -73.2287,
              -10.580200000000001
            ],
            [
              -73.2288,
              -10.580200000000001
            ],
            [
              -73.2288,
              -10.580300000000001
            ],
            [
              -73.2287,
              -10.580300000000001
            ],
            [
              -73.2287,
              -10.5805
            ],
            [
              -73.2286,
              -10.5805
            ],
            [
              -73.2286,
              -10.5806
            ],
            [
              -73.2285,
              -10.5806
            ],
            [
              -73.2285,
              -10.5808
            ],
            [
              -73.2283,
              -10.5808
            ],
            [
              -73.2283,
              -10.581000000000001
            ],
            [
              -73.22720000000001,
              -10.581000000000001
            ],
            [
              -73.22720000000001,
              -10.5808
            ],
            [
              -73.22710000000001,
              -10.5808
            ],
            [
              -73.22710000000001,
              -10.5806
            ],
            [
              -73.2274,
              -10.5806
            ],
            [
              -73.2274,
              -10.580400000000001
            ],
            [
              -73.2273,
              -10.580400000000001
            ],
            [
              -73.2273,
              -10.580200000000001
            ],
            [
              -73.2275,
              -10.580200000000001
            ],
            [
              -73.2275,
              -10.580400000000001
            ],
            [
              -73.22760000000001,
              -10.580400000000001
            ],
            [
              -73.22760000000001,
              -10.580300000000001
            ],
            [
              -73.2277,
              -10.580300000000001
            ],
            [
              -73.2277,
              -10.58
            ],
            [
              -73.22760000000001,
              -10.58
            ],
            [
              -73.22760000000001,
              -10.5801
            ],
            [
              -73.2275,
              -10.5801
            ],
            [
              -73.2275,
              -10.58
            ],
            [
              -73.2274,
              -10.58
            ],
            [
              -73.2274,
              -10.5798
            ],
            [
              -73.2275,
              -10.5798
            ],
            [
              -73.2275,
              -10.5799
            ],
            [
              -73.2277,
              -10.5799
            ],
            [
              -73.2277,
              -10.5797
            ],
            [
              -73.2278,
              -10.5797
            ],
            [
              -73.2278,
              -10.579600000000001
            ],
            [
              -73.2279,
              -10.579600000000001
            ],
            [
              -73.2279,
              -10.579500000000001
            ],
            [
              -73.2281,
              -10.579500000000001
            ],
            [
              -73.2281,
              -10.5793
            ],
            [
              -73.2282,
              -10.5793
            ],
            [
              -73.2282,
              -10.579
            ],
            [
              -73.22840000000001,
              -10.579
            ]
          ]
        ]
      },
      "properties": {
        "oe_start_time": "2025-10-06T00:00:00Z",
        "oe_end_time": "2025-10-06T00:00:00Z",
        "oe_prediction_result_id": null,
        "oe_prediction_result_file_id": null,
        "oe_created_at": null,
        "center_pixel": [
          67719,
          5801
        ],
        "end_time": "2025-10-06T00:00:00+00:00",
        "start_time": "2025-10-06T00:00:00+00:00",
        "tif_fname": "080W_20S_070W_10S.tif",
        "new_label": "agriculture",
        "probs": [
          0.9978460073471069,
          0.00005745950693381019,
          0.0008862406830303371,
          0.0008993250667117536,
          0.000011031783287762664,
          0.00012596823216881603,
          7.191890176727611e-7,
          0.000013273143849801272,
          0.000020965273506590165,
          0.0001391112309647724
        ]
      }
    },
    {
      "type": "Feature",
      "geometry": {
        "type": "Polygon",
        "coordinates": [
          [
            [
              -73.5505,
              -11.4358
            ],
            [
              -73.5505,
              -11.436200000000001
            ],
            [
              -73.55030000000001,
              -11.436200000000001
            ],
            [
              -73.55030000000001,
              -11.4365
            ],
            [
              -73.55,
              -11.4365
            ],
            [
              -73.55,
              -11.4367
            ],
            [
              -73.5498,
              -11.4367
            ],
            [
              -73.5498,
              -11.4368
            ],
            [
              -73.5497,
              -11.4368
            ],
            [
              -73.5497,
              -11.4367
            ],
            [
              -73.5496,
              -11.4367
            ],
            [
              -73.5496,
              -11.4365
            ],
            [
              -73.54990000000001,
              -11.4365
            ],
            [
              -73.54990000000001,
              -11.4364
            ],
            [
              -73.5498,
              -11.4364
            ],
            [
              -73.5498,
              -11.436300000000001
            ],
            [
              -73.54990000000001,
              -11.436300000000001
            ],
            [
              -73.54990000000001,
              -11.436200000000001
            ],
            [
              -73.55,
              -11.436200000000001
            ],
            [
              -73.55,
              -11.4361
            ],
            [
              -73.5498,
              -11.4361
            ],
            [
              -73.5498,
              -11.4359
            ],
            [
              -73.5502,
              -11.4359
            ],
            [
              -73.5502,
              -11.4358
            ],
            [
              -73.5505,
              -11.4358
            ]
          ]
        ]
      },
      "properties": {
        "oe_start_time": "2025-08-30T00:00:00Z",
        "oe_end_time": "2025-08-30T00:00:00Z",
        "oe_prediction_result_id": null,
        "oe_prediction_result_file_id": null,
        "oe_created_at": null,
        "center_pixel": [
          64499,
          14362
        ],
        "end_time": "2025-08-30T00:00:00+00:00",
        "start_time": "2025-08-30T00:00:00+00:00",
        "tif_fname": "080W_20S_070W_10S.tif",
        "new_label": "agriculture",
        "probs": [
          0.999666690826416,
          1.1500418395371526e-6,
          0.0000612466610618867,
          0.00018016148533206433,
          5.021842639507668e-7,
          0.00004854186045122333,
          3.708937512669763e-8,
          1.8119749256584328e-7,
          3.9770907278580125e-6,
          0.00003767903763218783
        ]
      }
    },
    {
      "type": "Feature",
      "geometry": {
        "type": "Polygon",
        "coordinates": [
          [
            [
              -73.3296,
              -12.6592
            ],
            [
              -73.3296,
              -12.6593
            ],
            [
              -73.32990000000001,
              -12.6593
            ],
            [
              -73.32990000000001,
              -12.6598
            ],
            [
              -73.3297,
              -12.6598
            ],
            [
              -73.3297,
              -12.6597
            ],
            [
              -73.3296,
              -12.6597
            ],
            [
              -73.3296,
              -12.6598
            ],
            [
              -73.32950000000001,
              -12.6598
            ],
            [
              -73.32950000000001,
              -12.659500000000001
            ],
            [
              -73.3294,
              -12.659500000000001
            ],
            [
              -73.3294,
              -12.6594
            ],
            [
              -73.32950000000001,
              -12.6594
            ],
            [
              -73.32950000000001,
              -12.6592
            ],
            [
              -73.3296,
              -12.6592
            ]
          ]
        ]
      },
      "properties": {
        "oe_start_time": "2025-09-14T00:00:00Z",
        "oe_end_time": "2025-09-14T00:00:00Z",
        "oe_prediction_result_id": null,
        "oe_prediction_result_file_id": null,
        "oe_created_at": null,
        "center_pixel": [
          66703,
          26595
        ],
        "end_time": "2025-09-14T00:00:00+00:00",
        "start_time": "2025-09-14T00:00:00+00:00",
        "tif_fname": "080W_20S_070W_10S.tif",
        "new_label": "agriculture",
        "probs": [
          0.9974822402000427,
          6.150547960714903e-6,
          0.00013336206029634923,
          0.0009443623712286353,
          0.00006405754538718611,
          0.0003696647472679615,
          3.859072876366554e-6,
          0.00010247931641060859,
          0.00002293690158694517,
          0.0008708690293133259
        ]
      }
    },
    {
      "type": "Feature",
      "geometry": {
        "type": "Polygon",
        "coordinates": [
          [
            [
              -73.56280000000001,
              -10.5861
            ],
            [
              -73.56280000000001,
              -10.586500000000001
            ],
            [
              -73.5629,
              -10.586500000000001
            ],
            [
              -73.5629,
              -10.5866
            ],
            [
              -73.56280000000001,
              -10.5866
            ],
            [
              -73.56280000000001,
              -10.5867
            ],
            [
              -73.5629,
              -10.5867
            ],
            [
              -73.5629,
              -10.5868
            ],
            [
              -73.563,
              -10.5868
            ],
            [
              -73.563,
              -10.587
            ],
            [
              -73.5631,
              -10.587
            ],
            [
              -73.5631,
              -10.5874
            ],
            [
              -73.56280000000001,
              -10.5874
            ],
            [
              -73.56280000000001,
              -10.5876
            ],
            [
              -73.5627,
              -10.5876
            ],
            [
              -73.5627,
              -10.5874
            ],
            [
              -73.5626,
              -10.5874
            ],
            [
              -73.5626,
              -10.5873
            ],
            [
              -73.5627,
              -10.5873
            ],
            [
              -73.5627,
              -10.587100000000001
            ],
            [
              -73.5626,
              -10.587100000000001
            ],
            [
              -73.5626,
              -10.5868
            ],
            [
              -73.5625,
              -10.5868
            ],
            [
              -73.5625,
              -10.5867
            ],
            [
              -73.5626,
              -10.5867
            ],
            [
              -73.5626,
              -10.586300000000001
            ],
            [
              -73.5627,
              -10.586300000000001
            ],
            [
              -73.5627,
              -10.5861
            ],
            [
              -73.56280000000001,
              -10.5861
            ]
          ],
          [
            [
              -73.56280000000001,
              -10.5867
            ],
            [
              -73.5627,
              -10.5867
            ],
            [
              -73.5627,
              -10.5868
            ],
            [
              -73.56280000000001,
              -10.5868
            ],
            [
              -73.56280000000001,
              -10.5867
            ]
          ],
          [
            [
              -73.5629,
              -10.587200000000001
            ],
            [
              -73.56280000000001,
              -10.587200000000001
            ],
            [
              -73.56280000000001,
              -10.5873
            ],
            [
              -73.5629,
              -10.5873
            ],
            [
              -73.5629,
              -10.587200000000001
            ]
          ]
        ]
      },
      "properties": {
        "oe_start_time": "2025-09-29T00:00:00Z",
        "oe_end_time": "2025-09-29T00:00:00Z",
        "oe_prediction_result_id": null,
        "oe_prediction_result_file_id": null,
        "oe_created_at": null,
        "center_pixel": [
          64372,
          5869
        ],
        "end_time": "2025-09-29T00:00:00+00:00",
        "start_time": "2025-09-29T00:00:00+00:00",
        "tif_fname": "080W_20S_070W_10S.tif",
        "new_label": "road",
        "probs": [
          0.0005111547070555389,
          0.00037698555388487875,
          0.00796318706125021,
          0.9866243600845337,
          0.0031629193108528852,
          0.0000406833496526815,
          0.0008958309190347791,
          0.000014439843653235584,
          0.000010349110198148992,
          0.00040002953028306365
        ]
      }
    },
    {
      "type": "Feature",
      "geometry": {
        "type": "Polygon",
        "coordinates": [
          [
            [
              -73.4059,
              -11.5816
            ],
            [
              -73.4059,
              -11.581800000000001
            ],
            [
              -73.4064,
              -11.581800000000001
            ],
            [
              -73.4064,
              -11.5822
            ],
            [
              -73.4062,
              -11.5822
            ],
            [
              -73.4062,
              -11.5824
            ],
            [
              -73.406,
              -11.5824
            ],
            [
              -73.406,
              -11.5827
            ],
            [
              -73.4062,
              -11.5827
            ],
            [
              -73.4062,
              -11.582600000000001
            ],
            [
              -73.4064,
              -11.582600000000001
            ],
            [
              -73.4064,
              -11.5829
            ],
            [
              -73.4059,
              -11.5829
            ],
            [
              -73.4059,
              -11.583
            ],
            [
              -73.4058,
              -11.583
            ],
            [
              -73.4058,
              -11.5829
            ],
            [
              -73.40570000000001,
              -11.5829
            ],
            [
              -73.40570000000001,
              -11.5828
            ],
            [
              -73.4056,
              -11.5828
            ],
            [
              -73.4056,
              -11.5829
            ],
            [
              -73.4055,
              -11.5829
            ],
            [
              -73.4055,
              -11.5827
            ],
            [
              -73.40520000000001,
              -11.5827
            ],
            [
              -73.40520000000001,
              -11.582500000000001
            ],
            [
              -73.4051,
              -11.582500000000001
            ],
            [
              -73.4051,
              -11.5824
            ],
            [
              -73.40480000000001,
              -11.5824
            ],
            [
              -73.40480000000001,
              -11.5822
            ],
            [
              -73.4053,
              -11.5822
            ],
            [
              -73.4053,
              -11.5821
            ],
            [
              -73.4051,
              -11.5821
            ],
            [
              -73.4051,
              -11.582
            ],
            [
              -73.4053,
              -11.582
            ],
            [
              -73.4053,
              -11.581800000000001
            ],
            [
              -73.4055,
              -11.581800000000001
            ],
            [
              -73.4055,
              -11.5816
            ],
            [
              -73.4059,
              -11.5816
            ]
          ],
          [
            [
              -73.40570000000001,
              -11.582
            ],
            [
              -73.4055,
              -11.582
            ],
            [
              -73.4055,
              -11.5822
            ],
            [
              -73.4056,
              -11.5822
            ],
            [
              -73.4056,
              -11.5821
            ],
            [
              -73.40570000000001,
              -11.5821
            ],
            [
              -73.40570000000001,
              -11.582
            ]
          ]
        ]
      },
      "properties": {
        "oe_start_time": "2025-09-16T00:00:00Z",
        "oe_end_time": "2025-09-16T00:00:00Z",
        "oe_prediction_result_id": null,
        "oe_prediction_result_file_id": null,
        "oe_created_at": null,
        "center_pixel": [
          65942,
          15822
        ],
        "end_time": "2025-09-16T00:00:00+00:00",
        "start_time": "2025-09-16T00:00:00+00:00",
        "tif_fname": "080W_20S_070W_10S.tif",
        "new_label": "agriculture",
        "probs": [
          0.9982241988182068,
          0.000010046519491879735,
          0.0003021499142050743,
          0.0006405371241271496,
          0.000038331199903041124,
          0.0002830658631864935,
          1.0526056257731398e-6,
          0.00015658207121305168,
          0.000017523832866572775,
          0.0003266047569923103
        ]
      }
    },
    {
      "type": "Feature",
      "geometry": {
        "type": "Polygon",
        "coordinates": [
          [
            [
              -72.92530000000001,
              -11.7432
            ],
            [
              -72.92530000000001,
              -11.743500000000001
            ],
            [
              -72.92540000000001,
              -11.743500000000001
            ],
            [
              -72.92540000000001,
              -11.7437
            ],
            [
              -72.9255,
              -11.7437
            ],
            [
              -72.9255,
              -11.7438
            ],
            [
              -72.9251,
              -11.7438
            ],
            [
              -72.9251,
              -11.744
            ],
            [
              -72.92490000000001,
              -11.744
            ],
            [
              -72.92490000000001,
              -11.7438
            ],
            [
              -72.9247,
              -11.7438
            ],
            [
              -72.9247,
              -11.744
            ],
            [
              -72.9246,
              -11.744
            ],
            [
              -72.9246,
              -11.7438
            ],
            [
              -72.9244,
              -11.7438
            ],
            [
              -72.9244,
              -11.7436
            ],
            [
              -72.92450000000001,
              -11.7436
            ],
            [
              -72.92450000000001,
              -11.7437
            ],
            [
              -72.9246,
              -11.7437
            ],
            [
              -72.9246,
              -11.7436
            ],
            [
              -72.9248,
              -11.7436
            ],
            [
              -72.9248,
              -11.743400000000001
            ],
            [
              -72.92490000000001,
              -11.743400000000001
            ],
            [
              -72.92490000000001,
              -11.743500000000001
            ],
            [
              -72.925,
              -11.743500000000001
            ],
            [
              -72.925,
              -11.743300000000001
            ],
            [
              -72.9252,
              -11.743300000000001
            ],
            [
              -72.9252,
              -11.7432
            ],
            [
              -72.92530000000001,
              -11.7432
            ]
          ]
        ]
      },
      "properties": {
        "oe_start_time": "2025-10-19T00:00:00Z",
        "oe_end_time": "2025-10-19T00:00:00Z",
        "oe_prediction_result_id": null,
        "oe_prediction_result_file_id": null,
        "oe_created_at": null,
        "center_pixel": [
          70750,
          17436
        ],
        "end_time": "2025-10-19T00:00:00+00:00",
        "start_time": "2025-10-19T00:00:00+00:00",
        "tif_fname": "080W_20S_070W_10S.tif",
        "new_label": "logging",
        "probs": [
          0.13020801544189453,
          0.008802415803074837,
          0.10968821495771408,
          0.17824293673038483,
          0.23782475292682648,
          0.07226677983999252,
          0.0024951931554824114,
          0.01965206116437912,
          0.0594601072371006,
          0.1813594102859497
        ]
      }
    },
    {
      "type": "Feature",
      "geometry": {
        "type": "Polygon",
        "coordinates": [
          [
            [
              -73.8503,
              -11.881400000000001
            ],
            [
              -73.8503,
              -11.8816
            ],
            [
              -73.8502,
              -11.8816
            ],
            [
              -73.8502,
              -11.8817
            ],
            [
              -73.8503,
              -11.8817
            ],
            [
              -73.8503,
              -11.882000000000001
            ],
            [
              -73.85000000000001,
              -11.882000000000001
            ],
            [
              -73.85000000000001,
              -11.882200000000001
            ],
            [
              -73.8503,
              -11.882200000000001
            ],
            [
              -73.8503,
              -11.8823
            ],
            [
              -73.8501,
              -11.8823
            ],
            [
              -73.8501,
              -11.8824
            ],
            [
              -73.85000000000001,
              -11.8824
            ],
            [
              -73.85000000000001,
              -11.8826
            ],
            [
              -73.8499,
              -11.8826
            ],
            [
              -73.8499,
              -11.8825
            ],
            [
              -73.8497,
              -11.8825
            ],
            [
              -73.8497,
              -11.882200000000001
            ],
            [
              -73.84960000000001,
              -11.882200000000001
            ],
            [
              -73.84960000000001,
              -11.882000000000001
            ],
            [
              -73.8497,
              -11.882000000000001
            ],
            [
              -73.8497,
              -11.8818
            ],
            [
              -73.8501,
              -11.8818
            ],
            [
              -73.8501,
              -11.8815
            ],
            [
              -73.8502,
              -11.8815
            ],
            [
              -73.8502,
              -11.881400000000001
            ],
            [
              -73.8503,
              -11.881400000000001
            ]
          ]
        ]
      },
      "properties": {
        "oe_start_time": "2025-09-19T00:00:00Z",
        "oe_end_time": "2025-09-19T00:00:00Z",
        "oe_prediction_result_id": null,
        "oe_prediction_result_file_id": null,
        "oe_created_at": null,
        "center_pixel": [
          61500,
          18820
        ],
        "end_time": "2025-09-19T00:00:00+00:00",
        "start_time": "2025-09-19T00:00:00+00:00",
        "tif_fname": "080W_20S_070W_10S.tif",
        "new_label": "agriculture",
        "probs": [
          0.9993988275527954,
          1.3858098100172356e-6,
          0.00004332498065195978,
          0.0002813195751514286,
          4.0240329326479696e-6,
          0.00013494746235664934,
          2.8851081879111007e-7,
          8.564234121877234e-6,
          5.123696155351354e-6,
          0.00012214832531753927
        ]
      }
    },
    {
      "type": "Feature",
      "geometry": {
        "type": "Polygon",
        "coordinates": [
          [
            [
              -70.3331,
              -13.422500000000001
            ],
            [
              -70.3331,
              -13.4229
            ],
            [
              -70.3332,
              -13.4229
            ],
            [
              -70.3332,
              -13.423
            ],
            [
              -70.33330000000001,
              -13.423
            ],
            [
              -70.33330000000001,
              -13.423300000000001
            ],
            [
              -70.3327,
              -13.423300000000001
            ],
            [
              -70.3327,
              -13.4231
            ],
            [
              -70.3323,
              -13.4231
            ],
            [
              -70.3323,
              -13.423
            ],
            [
              -70.33200000000001,
              -13.423
            ],
            [
              -70.33200000000001,
              -13.4229
            ],
            [
              -70.3321,
              -13.4229
            ],
            [
              -70.3321,
              -13.4228
            ],
            [
              -70.3323,
              -13.4228
            ],
            [
              -70.3323,
              -13.4229
            ],
            [
              -70.3324,
              -13.4229
            ],
            [
              -70.3324,
              -13.423
            ],
            [
              -70.33250000000001,
              -13.423
            ],
            [
              -70.33250000000001,
              -13.4229
            ],
            [
              -70.3326,
              -13.4229
            ],
            [
              -70.3326,
              -13.4228
            ],
            [
              -70.33290000000001,
              -13.4228
            ],
            [
              -70.33290000000001,
              -13.422500000000001
            ],
            [
              -70.3331,
              -13.422500000000001
            ]
          ],
          [
            [
              -70.3332,
              -13.4231
            ],
            [
              -70.3331,
              -13.4231
            ],
            [
              -70.3331,
              -13.423200000000001
            ],
            [
              -70.3332,
              -13.423200000000001
            ],
            [
              -70.3332,
              -13.4231
            ]
          ]
        ]
      },
      "properties": {
        "oe_start_time": "2025-09-03T00:00:00Z",
        "oe_end_time": "2025-09-03T00:00:00Z",
        "oe_prediction_result_id": null,
        "oe_prediction_result_file_id": null,
        "oe_created_at": null,
        "center_pixel": [
          96671,
          34229
        ],
        "end_time": "2025-09-03T00:00:00+00:00",
        "start_time": "2025-09-03T00:00:00+00:00",
        "tif_fname": "080W_20S_070W_10S.tif",
        "new_label": "agriculture",
        "probs": [
          0.9980280995368958,
          9.93721869235742e-7,
          0.00002078887882817071,
          0.0001494253519922495,
          2.0189656879665563e-6,
          0.000934777723159641,
          8.793637789494824e-6,
          0.000017759606635081582,
          5.674573458236409e-6,
          0.000831562327221036
        ]
      }
    },
    {
      "type": "Feature",
      "geometry": {
        "type": "Polygon",
        "coordinates": [
          [
            [
              -74.043,
              -11.6823
            ],
            [
              -74.043,
              -11.682400000000001
            ],
            [
              -74.0429,
              -11.682400000000001
            ],
            [
              -74.0429,
              -11.6826
            ],
            [
              -74.04310000000001,
              -11.6826
            ],
            [
              -74.04310000000001,
              -11.682400000000001
            ],
            [
              -74.0432,
              -11.682400000000001
            ],
            [
              -74.0432,
              -11.682500000000001
            ],
            [
              -74.0433,
              -11.682500000000001
            ],
            [
              -74.0433,
              -11.6826
            ],
            [
              -74.0432,
              -11.6826
            ],
            [
              -74.0432,
              -11.6827
            ],
            [
              -74.0428,
              -11.6827
            ],
            [
              -74.0428,
              -11.682500000000001
            ],
            [
              -74.04260000000001,
              -11.682500000000001
            ],
            [
              -74.04260000000001,
              -11.6826
            ],
            [
              -74.04270000000001,
              -11.6826
            ],
            [
              -74.04270000000001,
              -11.6827
            ],
            [
              -74.0425,
              -11.6827
            ],
            [
              -74.0425,
              -11.682400000000001
            ],
            [
              -74.04260000000001,
              -11.682400000000001
            ],
            [
              -74.04260000000001,
              -11.6823
            ],
            [
              -74.043,
              -11.6823
            ]
          ]
        ]
      },
      "properties": {
        "oe_start_time": "2025-08-30T00:00:00Z",
        "oe_end_time": "2025-08-30T00:00:00Z",
        "oe_prediction_result_id": null,
        "oe_prediction_result_file_id": null,
        "oe_created_at": null,
        "center_pixel": [
          59571,
          16825
        ],
        "end_time": "2025-08-30T00:00:00+00:00",
        "start_time": "2025-08-30T00:00:00+00:00",
        "tif_fname": "080W_20S_070W_10S.tif",
        "new_label": "agriculture",
        "probs": [
          0.9995467066764832,
          1.344266252090165e-6,
          0.000022331654690788127,
          0.00018547513172961771,
          3.1473839499085443e-6,
          0.00005969129051663913,
          5.88947592916611e-8,
          5.153379333933117e-6,
          3.3979802083194954e-6,
          0.00017258859588764608
        ]
      }
    },
    {
      "type": "Feature",
      "geometry": {
        "type": "Polygon",
        "coordinates": [
          [
            [
              -70.2572,
              -12.604600000000001
            ],
            [
              -70.2572,
              -12.604800000000001
            ],
            [
              -70.25710000000001,
              -12.604800000000001
            ],
            [
              -70.25710000000001,
              -12.6049
            ],
            [
              -70.2569,
              -12.6049
            ],
            [
              -70.2569,
              -12.6052
            ],
            [
              -70.2568,
              -12.6052
            ],
            [
              -70.2568,
              -12.6053
            ],
            [
              -70.25670000000001,
              -12.6053
            ],
            [
              -70.25670000000001,
              -12.6052
            ],
            [
              -70.2565,
              -12.6052
            ],
            [
              -70.2565,
              -12.6049
            ],
            [
              -70.25670000000001,
              -12.6049
            ],
            [
              -70.25670000000001,
              -12.604600000000001
            ],
            [
              -70.2572,
              -12.604600000000001
            ]
          ],
          [
            [
              -70.25710000000001,
              -12.604700000000001
            ],
            [
              -70.257,
              -12.604700000000001
            ],
            [
              -70.257,
              -12.604800000000001
            ],
            [
              -70.25710000000001,
              -12.604800000000001
            ],
            [
              -70.25710000000001,
              -12.604700000000001
            ]
          ]
        ]
      },
      "properties": {
        "oe_start_time": "2025-09-01T00:00:00Z",
        "oe_end_time": "2025-09-01T00:00:00Z",
        "oe_prediction_result_id": null,
        "oe_prediction_result_file_id": null,
        "oe_created_at": null,
        "center_pixel": [
          97431,
          26049
        ],
        "end_time": "2025-09-01T00:00:00+00:00",
        "start_time": "2025-09-01T00:00:00+00:00",
        "tif_fname": "080W_20S_070W_10S.tif",
        "new_label": "mining",
        "probs": [
          0.03969850763678551,
          0.9164379835128784,
          0.011276799254119396,
          0.0025071478448808193,
          0.000020051627870998345,
          0.0000647460256004706,
          0.00004628937676898204,
          7.049722512419976e-7,
          0.029064027592539787,
          0.0008835531771183014
        ]
      }
    },
    {
      "type": "Feature",
      "geometry": {
        "type": "Polygon",
        "coordinates": [
          [
            [
              -75.1868,
              -10.2415
            ],
            [
              -75.1868,
              -10.2417
            ],
            [
              -75.1876,
              -10.2417
            ],
            [
              -75.1876,
              -10.241900000000001
            ],
            [
              -75.18730000000001,
              -10.241900000000001
            ],
            [
              -75.18730000000001,
              -10.242
            ],
            [
              -75.1872,
              -10.242
            ],
            [
              -75.1872,
              -10.241900000000001
            ],
            [
              -75.1868,
              -10.241900000000001
            ],
            [
              -75.1868,
              -10.241800000000001
            ],
            [
              -75.1867,
              -10.241800000000001
            ],
            [
              -75.1867,
              -10.2416
            ],
            [
              -75.1866,
              -10.2416
            ],
            [
              -75.1866,
              -10.2415
            ],
            [
              -75.1868,
              -10.2415
            ]
          ]
        ]
      },
      "properties": {
        "oe_start_time": "2025-08-28T00:00:00Z",
        "oe_end_time": "2025-08-28T00:00:00Z",
        "oe_prediction_result_id": null,
        "oe_prediction_result_file_id": null,
        "oe_created_at": null,
        "center_pixel": [
          48128,
          2417
        ],
        "end_time": "2025-08-28T00:00:00+00:00",
        "start_time": "2025-08-28T00:00:00+00:00",
        "tif_fname": "080W_20S_070W_10S.tif",
        "new_label": "agriculture",
        "probs": [
          0.9360395669937134,
          0.00007104773249011487,
          0.0008273571729660034,
          0.017094776034355164,
          0.0022844423074275255,
          0.009723185561597347,
          0.00003447531707934104,
          0.0034828088246285915,
          0.0002228943194495514,
          0.030219268053770065
        ]
      }
    },
    {
      "type": "Feature",
      "geometry": {
        "type": "Polygon",
        "coordinates": [
          [
            [
              -74.8096,
              -10.8627
            ],
            [
              -74.8096,
              -10.8628
            ],
            [
              -74.8097,
              -10.8628
            ],
            [
              -74.8097,
              -10.8634
            ],
            [
              -74.8096,
              -10.8634
            ],
            [
              -74.8096,
              -10.8635
            ],
            [
              -74.8095,
              -10.8635
            ],
            [
              -74.8095,
              -10.8629
            ],
            [
              -74.8094,
              -10.8629
            ],
            [
              -74.8094,
              -10.8633
            ],
            [
              -74.80930000000001,
              -10.8633
            ],
            [
              -74.80930000000001,
              -10.8628
            ],
            [
              -74.8095,
              -10.8628
            ],
            [
              -74.8095,
              -10.8627
            ],
            [
              -74.8096,
              -10.8627
            ]
          ]
        ]
      },
      "properties": {
        "oe_start_time": "2025-09-02T00:00:00Z",
        "oe_end_time": "2025-09-02T00:00:00Z",
        "oe_prediction_result_id": null,
        "oe_prediction_result_file_id": null,
        "oe_created_at": null,
        "center_pixel": [
          51904,
          8630
        ],
        "end_time": "2025-09-02T00:00:00+00:00",
        "start_time": "2025-09-02T00:00:00+00:00",
        "tif_fname": "080W_20S_070W_10S.tif",
        "new_label": "agriculture",
        "probs": [
          0.9353644847869873,
          0.0001646812161197886,
          0.00276603433303535,
          0.014073645696043968,
          0.003282030811533332,
          0.020574374124407768,
          0.0001677778345765546,
          0.002958136610686779,
          0.0005535995587706566,
          0.02009526453912258
        ]
      }
    },
    {
      "type": "Feature",
      "geometry": {
        "type": "Polygon",
        "coordinates": [
          [
            [
              -73.89,
              -12.364
            ],
            [
              -73.89,
              -12.3642
            ],
            [
              -73.89030000000001,
              -12.3642
            ],
            [
              -73.89030000000001,
              -12.3643
            ],
            [
              -73.8904,
              -12.3643
            ],
            [
              -73.8904,
              -12.3644
            ],
            [
              -73.89070000000001,
              -12.3644
            ],
            [
              -73.89070000000001,
              -12.364500000000001
            ],
            [
              -73.8906,
              -12.364500000000001
            ],
            [
              -73.8906,
              -12.364600000000001
            ],
            [
              -73.89070000000001,
              -12.364600000000001
            ],
            [
              -73.89070000000001,
              -12.3649
            ],
            [
              -73.8905,
              -12.3649
            ],
            [
              -73.8905,
              -12.3651
            ],
            [
              -73.8899,
              -12.3651
            ],
            [
              -73.8899,
              -12.365
            ],
            [
              -73.89,
              -12.365
            ],
            [
              -73.89,
              -12.3648
            ],
            [
              -73.8901,
              -12.3648
            ],
            [
              -73.8901,
              -12.364600000000001
            ],
            [
              -73.88980000000001,
              -12.364600000000001
            ],
            [
              -73.88980000000001,
              -12.3648
            ],
            [
              -73.8896,
              -12.3648
            ],
            [
              -73.8896,
              -12.364700000000001
            ],
            [
              -73.8897,
              -12.364700000000001
            ],
            [
              -73.8897,
              -12.364600000000001
            ],
            [
              -73.8896,
              -12.364600000000001
            ],
            [
              -73.8896,
              -12.364
            ],
            [
              -73.89,
              -12.364
            ]
          ],
          [
            [
              -73.89,
              -12.3642
            ],
            [
              -73.88980000000001,
              -12.3642
            ],
            [
              -73.88980000000001,
              -12.3644
            ],
            [
              -73.89,
              -12.3644
            ],
            [
              -73.89,
              -12.3642
            ]
          ],
          [
            [
              -73.89020000000001,
              -12.3648
            ],
            [
              -73.8901,
              -12.3648
            ],
            [
              -73.8901,
              -12.3649
            ],
            [
              -73.89020000000001,
              -12.3649
            ],
            [
              -73.89020000000001,
              -12.3648
            ]
          ]
        ]
      },
      "properties": {
        "oe_start_time": "2025-08-30T00:00:00Z",
        "oe_end_time": "2025-08-30T00:00:00Z",
        "oe_prediction_result_id": null,
        "oe_prediction_result_file_id": null,
        "oe_created_at": null,
        "center_pixel": [
          61098,
          23645
        ],
        "end_time": "2025-08-30T00:00:00+00:00",
        "start_time": "2025-08-30T00:00:00+00:00",
        "tif_fname": "080W_20S_070W_10S.tif",
        "new_label": "agriculture",
        "probs": [
          0.999548614025116,
          2.4316202598129166e-6,
          0.000026976962544722483,
          0.00011121500574517995,
          1.3073720310785575e-6,
          0.00015606332453899086,
          6.755115578016557e-7,
          6.900437256263103e-6,
          4.428704414749518e-6,
          0.00014143966836854815
        ]
      }
    },
    {
      "type": "Feature",
      "geometry": {
        "type": "Polygon",
        "coordinates": [
          [
            [
              -70.38980000000001,
              -12.9663
            ],
            [
              -70.38980000000001,
              -12.966600000000001
            ],
            [
              -70.3899,
              -12.966600000000001
            ],
            [
              -70.3899,
              -12.966700000000001
            ],
            [
              -70.3897,
              -12.966700000000001
            ],
            [
              -70.3897,
              -12.966800000000001
            ],
            [
              -70.3896,
              -12.966800000000001
            ],
            [
              -70.3896,
              -12.9669
            ],
            [
              -70.3895,
              -12.9669
            ],
            [
              -70.3895,
              -12.966800000000001
            ],
            [
              -70.38900000000001,
              -12.966800000000001
            ],
            [
              -70.38900000000001,
              -12.9671
            ],
            [
              -70.3889,
              -12.9671
            ],
            [
              -70.3889,
              -12.967
            ],
            [
              -70.3888,
              -12.967
            ],
            [
              -70.3888,
              -12.9669
            ],
            [
              -70.3889,
              -12.9669
            ],
            [
              -70.3889,
              -12.966800000000001
            ],
            [
              -70.3886,
              -12.966800000000001
            ],
            [
              -70.3886,
              -12.966700000000001
            ],
            [
              -70.3887,
              -12.966700000000001
            ],
            [
              -70.3887,
              -12.966600000000001
            ],
            [
              -70.3888,
              -12.966600000000001
            ],
            [
              -70.3888,
              -12.966700000000001
            ],
            [
              -70.38900000000001,
              -12.966700000000001
            ],
            [
              -70.38900000000001,
              -12.966600000000001
            ],
            [
              -70.3893,
              -12.966600000000001
            ],
            [
              -70.3893,
              -12.966700000000001
            ],
            [
              -70.3896,
              -12.966700000000001
            ],
            [
              -70.3896,
              -12.966600000000001
            ],
            [
              -70.3897,
              -12.966600000000001
            ],
            [
              -70.3897,
              -12.9663
            ],
            [
              -70.38980000000001,
              -12.9663
            ]
          ]
        ]
      },
      "properties": {
        "oe_start_time": "2025-09-06T00:00:00Z",
        "oe_end_time": "2025-09-06T00:00:00Z",
        "oe_prediction_result_id": null,
        "oe_prediction_result_file_id": null,
        "oe_created_at": null,
        "center_pixel": [
          96107,
          29667
        ],
        "end_time": "2025-09-06T00:00:00+00:00",
        "start_time": "2025-09-06T00:00:00+00:00",
        "tif_fname": "080W_20S_070W_10S.tif",
        "new_label": "mining",
        "probs": [
          0.00007410543184960261,
          0.9993873834609985,
          0.0002530995989218354,
          0.00021491371444426477,
          6.658998472630628e-7,
          6.052146090951283e-7,
          0.000031602728995494545,
          1.667114446490814e-8,
          0.00001729694486130029,
          0.00002024029345193412
        ]
      }
    },
    {
      "type": "Feature",
      "geometry": {
        "type": "Polygon",
        "coordinates": [
          [
            [
              -74.2821,
              -10.7897
            ],
            [
              -74.2821,
              -10.789800000000001
            ],
            [
              -74.282,
              -10.789800000000001
            ],
            [
              -74.282,
              -10.789900000000001
            ],
            [
              -74.2827,
              -10.789900000000001
            ],
            [
              -74.2827,
              -10.790000000000001
            ],
            [
              -74.2829,
              -10.790000000000001
            ],
            [
              -74.2829,
              -10.7901
            ],
            [
              -74.28280000000001,
              -10.7901
            ],
            [
              -74.28280000000001,
              -10.7902
            ],
            [
              -74.2829,
              -10.7902
            ],
            [
              -74.2829,
              -10.7905
            ],
            [
              -74.28280000000001,
              -10.7905
            ],
            [
              -74.28280000000001,
              -10.790600000000001
            ],
            [
              -74.2822,
              -10.790600000000001
            ],
            [
              -74.2822,
              -10.7904
            ],
            [
              -74.282,
              -10.7904
            ],
            [
              -74.282,
              -10.7902
            ],
            [
              -74.2823,
              -10.7902
            ],
            [
              -74.2823,
              -10.790000000000001
            ],
            [
              -74.2818,
              -10.790000000000001
            ],
            [
              -74.2818,
              -10.789900000000001
            ],
            [
              -74.28190000000001,
              -10.789900000000001
            ],
            [
              -74.28190000000001,
              -10.7897
            ],
            [
              -74.2821,
              -10.7897
            ]
          ],
          [
            [
              -74.28280000000001,
              -10.7904
            ],
            [
              -74.2827,
              -10.7904
            ],
            [
              -74.2827,
              -10.7905
            ],
            [
              -74.28280000000001,
              -10.7905
            ],
            [
              -74.28280000000001,
              -10.7904
            ]
          ]
        ]
      },
      "properties": {
        "oe_start_time": "2025-08-23T00:00:00Z",
        "oe_end_time": "2025-08-23T00:00:00Z",
        "oe_prediction_result_id": null,
        "oe_prediction_result_file_id": null,
        "oe_created_at": null,
        "center_pixel": [
          57175,
          7902
        ],
        "end_time": "2025-08-23T00:00:00+00:00",
        "start_time": "2025-08-23T00:00:00+00:00",
        "tif_fname": "080W_20S_070W_10S.tif",
        "new_label": "agriculture",
        "probs": [
          0.9976244568824768,
          2.923742613347713e-6,
          0.00006158441829029471,
          0.0010199903044849634,
          0.00001517727014288539,
          0.0005292537971399724,
          3.626403213274898e-6,
          0.000032157164241652936,
          0.000010743377060862258,
          0.0007001531193964183
        ]
      }
    },
    {
      "type": "Feature",
      "geometry": {
        "type": "Polygon",
        "coordinates": [
          [
            [
              -70.42020000000001,
              -12.6843
            ],
            [
              -70.42020000000001,
              -12.684600000000001
            ],
            [
              -70.4201,
              -12.684600000000001
            ],
            [
              -70.4201,
              -12.684700000000001
            ],
            [
              -70.4203,
              -12.684700000000001
            ],
            [
              -70.4203,
              -12.684800000000001
            ],
            [
              -70.4204,
              -12.684800000000001
            ],
            [
              -70.4204,
              -12.6849
            ],
            [
              -70.42020000000001,
              -12.6849
            ],
            [
              -70.42020000000001,
              -12.684800000000001
            ],
            [
              -70.42,
              -12.684800000000001
            ],
            [
              -70.42,
              -12.6851
            ],
            [
              -70.4199,
              -12.6851
            ],
            [
              -70.4199,
              -12.6843
            ],
            [
              -70.42020000000001,
              -12.6843
            ]
          ]
        ]
      },
      "properties": {
        "oe_start_time": "2025-08-24T00:00:00Z",
        "oe_end_time": "2025-08-24T00:00:00Z",
        "oe_prediction_result_id": null,
        "oe_prediction_result_file_id": null,
        "oe_created_at": null,
        "center_pixel": [
          95799,
          26846
        ],
        "end_time": "2025-08-24T00:00:00+00:00",
        "start_time": "2025-08-24T00:00:00+00:00",
        "tif_fname": "080W_20S_070W_10S.tif",
        "new_label": "mining",
        "probs": [
          0.0015963828191161156,
          0.9959905743598938,
          0.0009129951940849423,
          0.0006628175033256412,
          0.000012186156709503848,
          0.000017035747077898122,
          0.00004109549990971573,
          1.1294814612483606e-6,
          0.0004215580120217055,
          0.0003443561145104468
        ]
      }
    },
    {
      "type": "Feature",
      "geometry": {
        "type": "Polygon",
        "coordinates": [
          [
            [
              -74.02550000000001,
              -11.8199
            ],
            [
              -74.02550000000001,
              -11.820300000000001
            ],
            [
              -74.0256,
              -11.820300000000001
            ],
            [
              -74.0256,
              -11.8202
            ],
            [
              -74.0258,
              -11.8202
            ],
            [
              -74.0258,
              -11.820300000000001
            ],
            [
              -74.0257,
              -11.820300000000001
            ],
            [
              -74.0257,
              -11.820400000000001
            ],
            [
              -74.0258,
              -11.820400000000001
            ],
            [
              -74.0258,
              -11.820500000000001
            ],
            [
              -74.02590000000001,
              -11.820500000000001
            ],
            [
              -74.02590000000001,
              -11.8206
            ],
            [
              -74.0257,
              -11.8206
            ],
            [
              -74.0257,
              -11.8207
            ],
            [
              -74.0256,
              -11.8207
            ],
            [
              -74.0256,
              -11.8206
            ],
            [
              -74.02550000000001,
              -11.8206
            ],
            [
              -74.02550000000001,
              -11.820500000000001
            ],
            [
              -74.0254,
              -11.820500000000001
            ],
            [
              -74.0254,
              -11.8208
            ],
            [
              -74.0253,
              -11.8208
            ],
            [
              -74.0253,
              -11.820400000000001
            ],
            [
              -74.0252,
              -11.820400000000001
            ],
            [
              -74.0252,
              -11.8206
            ],
            [
              -74.02510000000001,
              -11.8206
            ],
            [
              -74.02510000000001,
              -11.820500000000001
            ],
            [
              -74.0249,
              -11.820500000000001
            ],
            [
              -74.0249,
              -11.820400000000001
            ],
            [
              -74.02470000000001,
              -11.820400000000001
            ],
            [
              -74.02470000000001,
              -11.8202
            ],
            [
              -74.0246,
              -11.8202
            ],
            [
              -74.0246,
              -11.82
            ],
            [
              -74.02470000000001,
              -11.82
            ],
            [
              -74.02470000000001,
              -11.8201
            ],
            [
              -74.0248,
              -11.8201
            ],
            [
              -74.0248,
              -11.8202
            ],
            [
              -74.025,
              -11.8202
            ],
            [
              -74.025,
              -11.820300000000001
            ],
            [
              -74.0252,
              -11.820300000000001
            ],
            [
              -74.0252,
              -11.8202
            ],
            [
              -74.02510000000001,
              -11.8202
            ],
            [
              -74.02510000000001,
              -11.8201
            ],
            [
              -74.0253,
              -11.8201
            ],
            [
              -74.0253,
              -11.8199
            ],
            [
              -74.02550000000001,
              -11.8199
            ]
          ]
        ]
      },
      "properties": {
        "oe_start_time": "2025-11-08T00:00:00Z",
        "oe_end_time": "2025-11-08T00:00:00Z",
        "oe_prediction_result_id": null,
        "oe_prediction_result_file_id": null,
        "oe_created_at": null,
        "center_pixel": [
          59747,
          18203
        ],
        "end_time": "2025-11-08T00:00:00+00:00",
        "start_time": "2025-11-08T00:00:00+00:00",
        "tif_fname": "080W_20S_070W_10S.tif",
        "new_label": "agriculture",
        "probs": [
          0.9961913824081421,
          8.34661659609992e-6,
          0.00019425677601248026,
          0.0007449315744452178,
          7.929920684546232e-6,
          0.0017558735562488437,
          2.4839894194883527e-6,
          5.361422608984867e-6,
          0.0000727520018699579,
          0.0010165468556806445
        ]
      }
    },
    {
      "type": "Feature",
      "geometry": {
        "type": "Polygon",
        "coordinates": [
          [
            [
              -70.161,
              -12.8459
            ],
            [
              -70.161,
              -12.8461
            ],
            [
              -70.16120000000001,
              -12.8461
            ],
            [
              -70.16120000000001,
              -12.8465
            ],
            [
              -70.1613,
              -12.8465
            ],
            [
              -70.1613,
              -12.8466
            ],
            [
              -70.16120000000001,
              -12.8466
            ],
            [
              -70.16120000000001,
              -12.8468
            ],
            [
              -70.16040000000001,
              -12.8468
            ],
            [
              -70.16040000000001,
              -12.847000000000001
            ],
            [
              -70.1598,
              -12.847000000000001
            ],
            [
              -70.1598,
              -12.847100000000001
            ],
            [
              -70.1597,
              -12.847100000000001
            ],
            [
              -70.1597,
              -12.847000000000001
            ],
            [
              -70.159,
              -12.847000000000001
            ],
            [
              -70.159,
              -12.8468
            ],
            [
              -70.1585,
              -12.8468
            ],
            [
              -70.1585,
              -12.8469
            ],
            [
              -70.1584,
              -12.8469
            ],
            [
              -70.1584,
              -12.8468
            ],
            [
              -70.1583,
              -12.8468
            ],
            [
              -70.1583,
              -12.8469
            ],
            [
              -70.15820000000001,
              -12.8469
            ],
            [
              -70.15820000000001,
              -12.847000000000001
            ],
            [
              -70.15780000000001,
              -12.847000000000001
            ],
            [
              -70.15780000000001,
              -12.8468
            ],
            [
              -70.158,
              -12.8468
            ],
            [
              -70.158,
              -12.8467
            ],
            [
              -70.1581,
              -12.8467
            ],
            [
              -70.1581,
              -12.8468
            ],
            [
              -70.15820000000001,
              -12.8468
            ],
            [
              -70.15820000000001,
              -12.8466
            ],
            [
              -70.1584,
              -12.8466
            ],
            [
              -70.1584,
              -12.846200000000001
            ],
            [
              -70.1586,
              -12.846200000000001
            ],
            [
              -70.1586,
              -12.8461
            ],
            [
              -70.1593,
              -12.8461
            ],
            [
              -70.1593,
              -12.8459
            ],
            [
              -70.16,
              -12.8459
            ],
            [
              -70.16,
              -12.846
            ],
            [
              -70.1602,
              -12.846
            ],
            [
              -70.1602,
              -12.8461
            ],
            [
              -70.16040000000001,
              -12.8461
            ],
            [
              -70.16040000000001,
              -12.846
            ],
            [
              -70.1605,
              -12.846
            ],
            [
              -70.1605,
              -12.8461
            ],
            [
              -70.1607,
              -12.8461
            ],
            [
              -70.1607,
              -12.8459
            ],
            [
              -70.161,
              -12.8459
            ]
          ],
          [
            [
              -70.1601,
              -12.8461
            ],
            [
              -70.16,
              -12.8461
            ],
            [
              -70.16,
              -12.846200000000001
            ],
            [
              -70.1601,
              -12.846200000000001
            ],
            [
              -70.1601,
              -12.8461
            ]
          ]
        ]
      },
      "properties": {
        "oe_start_time": "2025-09-01T00:00:00Z",
        "oe_end_time": "2025-09-01T00:00:00Z",
        "oe_prediction_result_id": null,
        "oe_prediction_result_file_id": null,
        "oe_created_at": null,
        "center_pixel": [
          98402,
          28464
        ],
        "end_time": "2025-09-01T00:00:00+00:00",
        "start_time": "2025-09-01T00:00:00+00:00",
        "tif_fname": "080W_20S_070W_10S.tif",
        "new_label": "agriculture",
        "probs": [
          0.9980826377868652,
          0.00003135892256977968,
          0.000042538980778772384,
          0.000042617797589628026,
          2.25752341975749e-6,
          0.00078395294258371,
          8.975061405180895e-8,
          7.681515853619203e-6,
          0.000044745782361133024,
          0.0009621923672966659
        ]
      }
    },
    {
      "type": "Feature",
      "geometry": {
        "type": "Polygon",
        "coordinates": [
          [
            [
              -75.0142,
              -10.2466
            ],
            [
              -75.0142,
              -10.2467
            ],
            [
              -75.0138,
              -10.2467
            ],
            [
              -75.0138,
              -10.2468
            ],
            [
              -75.0137,
              -10.2468
            ],
            [
              -75.0137,
              -10.247
            ],
            [
              -75.01310000000001,
              -10.247
            ],
            [
              -75.01310000000001,
              -10.2468
            ],
            [
              -75.0132,
              -10.2468
            ],
            [
              -75.0132,
              -10.2467
            ],
            [
              -75.0133,
              -10.2467
            ],
            [
              -75.0133,
              -10.2466
            ],
            [
              -75.0134,
              -10.2466
            ],
            [
              -75.0134,
              -10.2467
            ],
            [
              -75.01350000000001,
              -10.2467
            ],
            [
              -75.01350000000001,
              -10.2466
            ],
            [
              -75.0142,
              -10.2466
            ]
          ]
        ]
      },
      "properties": {
        "oe_start_time": "2025-09-22T00:00:00Z",
        "oe_end_time": "2025-09-22T00:00:00Z",
        "oe_prediction_result_id": null,
        "oe_prediction_result_file_id": null,
        "oe_created_at": null,
        "center_pixel": [
          49864,
          2467
        ],
        "end_time": "2025-09-22T00:00:00+00:00",
        "start_time": "2025-09-22T00:00:00+00:00",
        "tif_fname": "080W_20S_070W_10S.tif",
        "new_label": "agriculture",
        "probs": [
          0.9981539845466614,
          0.000016670868717483245,
          0.0002846172428689897,
          0.0009810023475438356,
          0.0000176717403519433,
          0.00016602953837718815,
          1.4124460676612216e-6,
          0.00002122791738656815,
          0.000019614144548540935,
          0.00033770539448596537
        ]
      }
    },
    {
      "type": "Feature",
      "geometry": {
        "type": "Polygon",
        "coordinates": [
          [
            [
              -75.6846,
              -10.709800000000001
            ],
            [
              -75.6846,
              -10.7102
            ],
            [
              -75.68480000000001,
              -10.7102
            ],
            [
              -75.68480000000001,
              -10.710600000000001
            ],
            [
              -75.6847,
              -10.710600000000001
            ],
            [
              -75.6847,
              -10.7103
            ],
            [
              -75.6845,
              -10.7103
            ],
            [
              -75.6845,
              -10.7104
            ],
            [
              -75.6844,
              -10.7104
            ],
            [
              -75.6844,
              -10.7102
            ],
            [
              -75.68430000000001,
              -10.7102
            ],
            [
              -75.68430000000001,
              -10.71
            ],
            [
              -75.6844,
              -10.71
            ],
            [
              -75.6844,
              -10.709800000000001
            ],
            [
              -75.6846,
              -10.709800000000001
            ]
          ]
        ]
      },
      "properties": {
        "oe_start_time": "2025-10-12T00:00:00Z",
        "oe_end_time": "2025-10-12T00:00:00Z",
        "oe_prediction_result_id": null,
        "oe_prediction_result_file_id": null,
        "oe_created_at": null,
        "center_pixel": [
          43154,
          7101
        ],
        "end_time": "2025-10-12T00:00:00+00:00",
        "start_time": "2025-10-12T00:00:00+00:00",
        "tif_fname": "080W_20S_070W_10S.tif",
        "new_label": "agriculture",
        "probs": [
          0.9522497653961182,
          0.000022503321815747768,
          0.0009835183154791594,
          0.00644780183210969,
          0.0003451555676292628,
          0.024791041389107704,
          0.0003243781684432179,
          0.0004543314571492374,
          0.0007139530498534441,
          0.013667509891092777
        ]
      }
    },
    {
      "type": "Feature",
      "geometry": {
        "type": "Polygon",
        "coordinates": [
          [
            [
              -70.3759,
              -12.931000000000001
            ],
            [
              -70.3759,
              -12.9311
            ],
            [
              -70.3763,
              -12.9311
            ],
            [
              -70.3763,
              -12.9315
            ],
            [
              -70.3764,
              -12.9315
            ],
            [
              -70.3764,
              -12.931600000000001
            ],
            [
              -70.37650000000001,
              -12.931600000000001
            ],
            [
              -70.37650000000001,
              -12.931700000000001
            ],
            [
              -70.3766,
              -12.931700000000001
            ],
            [
              -70.3766,
              -12.9318
            ],
            [
              -70.3763,
              -12.9318
            ],
            [
              -70.3763,
              -12.931700000000001
            ],
            [
              -70.3755,
              -12.931700000000001
            ],
            [
              -70.3755,
              -12.932
            ],
            [
              -70.3754,
              -12.932
            ],
            [
              -70.3754,
              -12.9318
            ],
            [
              -70.37530000000001,
              -12.9318
            ],
            [
              -70.37530000000001,
              -12.931700000000001
            ],
            [
              -70.375,
              -12.931700000000001
            ],
            [
              -70.375,
              -12.9315
            ],
            [
              -70.37530000000001,
              -12.9315
            ],
            [
              -70.37530000000001,
              -12.9314
            ],
            [
              -70.3754,
              -12.9314
            ],
            [
              -70.3754,
              -12.9315
            ],
            [
              -70.37570000000001,
              -12.9315
            ],
            [
              -70.37570000000001,
              -12.9314
            ],
            [
              -70.3756,
              -12.9314
            ],
            [
              -70.3756,
              -12.9313
            ],
            [
              -70.37570000000001,
              -12.9313
            ],
            [
              -70.37570000000001,
              -12.9311
            ],
            [
              -70.3758,
              -12.9311
            ],
            [
              -70.3758,
              -12.931000000000001
            ],
            [
              -70.3759,
              -12.931000000000001
            ]
          ],
          [
            [
              -70.3762,
              -12.9312
            ],
            [
              -70.37610000000001,
              -12.9312
            ],
            [
              -70.37610000000001,
              -12.9313
            ],
            [
              -70.3762,
              -12.9313
            ],
            [
              -70.3762,
              -12.9312
            ]
          ],
          [
            [
              -70.3759,
              -12.9312
            ],
            [
              -70.3758,
              -12.9312
            ],
            [
              -70.3758,
              -12.9313
            ],
            [
              -70.3759,
              -12.9313
            ],
            [
              -70.3759,
              -12.9312
            ]
          ]
        ]
      },
      "properties": {
        "oe_start_time": "2025-09-16T00:00:00Z",
        "oe_end_time": "2025-09-16T00:00:00Z",
        "oe_prediction_result_id": null,
        "oe_prediction_result_file_id": null,
        "oe_created_at": null,
        "center_pixel": [
          96241,
          29315
        ],
        "end_time": "2025-09-16T00:00:00+00:00",
        "start_time": "2025-09-16T00:00:00+00:00",
        "tif_fname": "080W_20S_070W_10S.tif",
        "new_label": "mining",
        "probs": [
          0.21593113243579865,
          0.7147206664085388,
          0.021352095529437065,
          0.005866745486855507,
          0.00007242967694764957,
          0.004296300001442432,
          0.0003445374022703618,
          4.173270099272486e-6,
          0.025217227637767792,
          0.01219476293772459
        ]
      }
    },
    {
      "type": "Feature",
      "geometry": {
        "type": "Polygon",
        "coordinates": [
          [
            [
              -74.1598,
              -10.9084
            ],
            [
              -74.1598,
              -10.9086
            ],
            [
              -74.16,
              -10.9086
            ],
            [
              -74.16,
              -10.908900000000001
            ],
            [
              -74.15990000000001,
              -10.908900000000001
            ],
            [
              -74.15990000000001,
              -10.908800000000001
            ],
            [
              -74.1598,
              -10.908800000000001
            ],
            [
              -74.1598,
              -10.908900000000001
            ],
            [
              -74.1596,
              -10.908900000000001
            ],
            [
              -74.1596,
              -10.908800000000001
            ],
            [
              -74.1594,
              -10.908800000000001
            ],
            [
              -74.1594,
              -10.9086
            ],
            [
              -74.15950000000001,
              -10.9086
            ],
            [
              -74.15950000000001,
              -10.9084
            ],
            [
              -74.1598,
              -10.9084
            ]
          ]
        ]
      },
      "properties": {
        "oe_start_time": "2025-09-09T00:00:00Z",
        "oe_end_time": "2025-09-09T00:00:00Z",
        "oe_prediction_result_id": null,
        "oe_prediction_result_file_id": null,
        "oe_created_at": null,
        "center_pixel": [
          58403,
          9086
        ],
        "end_time": "2025-09-09T00:00:00+00:00",
        "start_time": "2025-09-09T00:00:00+00:00",
        "tif_fname": "080W_20S_070W_10S.tif",
        "new_label": "agriculture",
        "probs": [
          0.78193598985672,
          4.859205546381418e-6,
          0.00013483378279488534,
          0.0010955461766570807,
          0.00011506445298437029,
          0.16136260330677032,
          0.000012737646102323197,
          0.00015296223864424974,
          0.0004359716549515724,
          0.054749421775341034
        ]
      }
    },
    {
      "type": "Feature",
      "geometry": {
        "type": "Polygon",
        "coordinates": [
          [
            [
              -70.1006,
              -12.939300000000001
            ],
            [
              -70.1006,
              -12.9395
            ],
            [
              -70.1007,
              -12.9395
            ],
            [
              -70.1007,
              -12.939400000000001
            ],
            [
              -70.1008,
              -12.939400000000001
            ],
            [
              -70.1008,
              -12.9395
            ],
            [
              -70.101,
              -12.9395
            ],
            [
              -70.101,
              -12.9398
            ],
            [
              -70.1011,
              -12.9398
            ],
            [
              -70.1011,
              -12.940000000000001
            ],
            [
              -70.10130000000001,
              -12.940000000000001
            ],
            [
              -70.10130000000001,
              -12.9399
            ],
            [
              -70.1015,
              -12.9399
            ],
            [
              -70.1015,
              -12.9398
            ],
            [
              -70.1016,
              -12.9398
            ],
            [
              -70.1016,
              -12.9399
            ],
            [
              -70.10170000000001,
              -12.9399
            ],
            [
              -70.10170000000001,
              -12.940000000000001
            ],
            [
              -70.102,
              -12.940000000000001
            ],
            [
              -70.102,
              -12.9405
            ],
            [
              -70.1019,
              -12.9405
            ],
            [
              -70.1019,
              -12.9404
            ],
            [
              -70.1018,
              -12.9404
            ],
            [
              -70.1018,
              -12.9405
            ],
            [
              -70.10170000000001,
              -12.9405
            ],
            [
              -70.10170000000001,
              -12.9406
            ],
            [
              -70.1016,
              -12.9406
            ],
            [
              -70.1016,
              -12.9404
            ],
            [
              -70.1012,
              -12.9404
            ],
            [
              -70.1012,
              -12.9403
            ],
            [
              -70.1011,
              -12.9403
            ],
            [
              -70.1011,
              -12.9402
            ],
            [
              -70.1005,
              -12.9402
            ],
            [
              -70.1005,
              -12.940100000000001
            ],
            [
              -70.10090000000001,
              -12.940100000000001
            ],
            [
              -70.10090000000001,
              -12.9398
            ],
            [
              -70.1006,
              -12.9398
            ],
            [
              -70.1006,
              -12.9396
            ],
            [
              -70.1005,
              -12.9396
            ],
            [
              -70.1005,
              -12.939300000000001
            ],
            [
              -70.1006,
              -12.939300000000001
            ]
          ],
          [
            [
              -70.10090000000001,
              -12.9396
            ],
            [
              -70.1008,
              -12.9396
            ],
            [
              -70.1008,
              -12.9397
            ],
            [
              -70.10090000000001,
              -12.9397
            ],
            [
              -70.10090000000001,
              -12.9396
            ]
          ],
          [
            [
              -70.10130000000001,
              -12.9402
            ],
            [
              -70.1012,
              -12.9402
            ],
            [
              -70.1012,
              -12.9403
            ],
            [
              -70.10130000000001,
              -12.9403
            ],
            [
              -70.10130000000001,
              -12.9402
            ]
          ],
          [
            [
              -70.10170000000001,
              -12.9403
            ],
            [
              -70.1016,
              -12.9403
            ],
            [
              -70.1016,
              -12.9404
            ],
            [
              -70.10170000000001,
              -12.9404
            ],
            [
              -70.10170000000001,
              -12.9403
            ]
          ]
        ]
      },
      "properties": {
        "oe_start_time": "2025-09-11T00:00:00Z",
        "oe_end_time": "2025-09-11T00:00:00Z",
        "oe_prediction_result_id": null,
        "oe_prediction_result_file_id": null,
        "oe_created_at": null,
        "center_pixel": [
          98987,
          29400
        ],
        "end_time": "2025-09-11T00:00:00+00:00",
        "start_time": "2025-09-11T00:00:00+00:00",
        "tif_fname": "080W_20S_070W_10S.tif",
        "new_label": "mining",
        "probs": [
          0.0008900089887902141,
          0.9948207139968872,
          0.00016178515215869993,
          0.00006707122520310804,
          0.000010895390005316585,
          0.00047799188178032637,
          0.00003680657391669229,
          8.69355699251173e-6,
          0.001864155987277627,
          0.0016618408262729645
        ]
      }
    },
    {
      "type": "Feature",
      "geometry": {
        "type": "Polygon",
        "coordinates": [
          [
            [
              -70.529,
              -12.6684
            ],
            [
              -70.529,
              -12.668700000000001
            ],
            [
              -70.5292,
              -12.668700000000001
            ],
            [
              -70.5292,
              -12.668800000000001
            ],
            [
              -70.5291,
              -12.668800000000001
            ],
            [
              -70.5291,
              -12.6689
            ],
            [
              -70.5292,
              -12.6689
            ],
            [
              -70.5292,
              -12.6693
            ],
            [
              -70.5291,
              -12.6693
            ],
            [
              -70.5291,
              -12.669400000000001
            ],
            [
              -70.529,
              -12.669400000000001
            ],
            [
              -70.529,
              -12.669500000000001
            ],
            [
              -70.5288,
              -12.669500000000001
            ],
            [
              -70.5288,
              -12.6699
            ],
            [
              -70.529,
              -12.6699
            ],
            [
              -70.529,
              -12.67
            ],
            [
              -70.5286,
              -12.67
            ],
            [
              -70.5286,
              -12.6699
            ],
            [
              -70.52850000000001,
              -12.6699
            ],
            [
              -70.52850000000001,
              -12.6698
            ],
            [
              -70.5284,
              -12.6698
            ],
            [
              -70.5284,
              -12.6697
            ],
            [
              -70.5283,
              -12.6697
            ],
            [
              -70.5283,
              -12.6698
            ],
            [
              -70.52810000000001,
              -12.6698
            ],
            [
              -70.52810000000001,
              -12.6697
            ],
            [
              -70.5279,
              -12.6697
            ],
            [
              -70.5279,
              -12.6696
            ],
            [
              -70.52810000000001,
              -12.6696
            ],
            [
              -70.52810000000001,
              -12.669500000000001
            ],
            [
              -70.5284,
              -12.669500000000001
            ],
            [
              -70.5284,
              -12.6691
            ],
            [
              -70.5283,
              -12.6691
            ],
            [
              -70.5283,
              -12.668700000000001
            ],
            [
              -70.5284,
              -12.668700000000001
            ],
            [
              -70.5284,
              -12.668800000000001
            ],
            [
              -70.52850000000001,
              -12.668800000000001
            ],
            [
              -70.52850000000001,
              -12.668700000000001
            ],
            [
              -70.5286,
              -12.668700000000001
            ],
            [
              -70.5286,
              -12.668600000000001
            ],
            [
              -70.52890000000001,
              -12.668600000000001
            ],
            [
              -70.52890000000001,
              -12.6685
            ],
            [
              -70.5288,
              -12.6685
            ],
            [
              -70.5288,
              -12.6684
            ],
            [
              -70.529,
              -12.6684
            ]
          ],
          [
            [
              -70.529,
              -12.6693
            ],
            [
              -70.52890000000001,
              -12.6693
            ],
            [
              -70.52890000000001,
              -12.669400000000001
            ],
            [
              -70.529,
              -12.669400000000001
            ],
            [
              -70.529,
              -12.6693
            ]
          ],
          [
            [
              -70.52850000000001,
              -12.6696
            ],
            [
              -70.5284,
              -12.6696
            ],
            [
              -70.5284,
              -12.6697
            ],
            [
              -70.52850000000001,
              -12.6697
            ],
            [
              -70.52850000000001,
              -12.6696
            ]
          ]
        ]
      },
      "properties": {
        "oe_start_time": "2025-09-21T00:00:00Z",
        "oe_end_time": "2025-09-21T00:00:00Z",
        "oe_prediction_result_id": null,
        "oe_prediction_result_file_id": null,
        "oe_created_at": null,
        "center_pixel": [
          94713,
          26692
        ],
        "end_time": "2025-09-21T00:00:00+00:00",
        "start_time": "2025-09-21T00:00:00+00:00",
        "tif_fname": "080W_20S_070W_10S.tif",
        "new_label": "mining",
        "probs": [
          0.050226181745529175,
          0.9395961165428162,
          0.006591103971004486,
          0.0019966482650488615,
          0.00002453369779686909,
          0.00003385246600373648,
          0.000027434807634563185,
          3.464730752966716e-6,
          0.0009679794311523438,
          0.000532718317117542
        ]
      }
    },
    {
      "type": "Feature",
      "geometry": {
        "type": "Polygon",
        "coordinates": [
          [
            [
              -74.6583,
              -11.0777
            ],
            [
              -74.6583,
              -11.0778
            ],
            [
              -74.6585,
              -11.0778
            ],
            [
              -74.6585,
              -11.077900000000001
            ],
            [
              -74.65870000000001,
              -11.077900000000001
            ],
            [
              -74.65870000000001,
              -11.0785
            ],
            [
              -74.6585,
              -11.0785
            ],
            [
              -74.6585,
              -11.0789
            ],
            [
              -74.6583,
              -11.0789
            ],
            [
              -74.6583,
              -11.0786
            ],
            [
              -74.65820000000001,
              -11.0786
            ],
            [
              -74.65820000000001,
              -11.0785
            ],
            [
              -74.6579,
              -11.0785
            ],
            [
              -74.6579,
              -11.078000000000001
            ],
            [
              -74.658,
              -11.078000000000001
            ],
            [
              -74.658,
              -11.077900000000001
            ],
            [
              -74.6579,
              -11.077900000000001
            ],
            [
              -74.6579,
              -11.0778
            ],
            [
              -74.65820000000001,
              -11.0778
            ],
            [
              -74.65820000000001,
              -11.0777
            ],
            [
              -74.6583,
              -11.0777
            ]
          ],
          [
            [
              -74.6585,
              -11.078000000000001
            ],
            [
              -74.658,
              -11.078000000000001
            ],
            [
              -74.658,
              -11.0782
            ],
            [
              -74.6585,
              -11.0782
            ],
            [
              -74.6585,
              -11.078000000000001
            ]
          ]
        ]
      },
      "properties": {
        "oe_start_time": "2025-08-30T00:00:00Z",
        "oe_end_time": "2025-08-30T00:00:00Z",
        "oe_prediction_result_id": null,
        "oe_prediction_result_file_id": null,
        "oe_created_at": null,
        "center_pixel": [
          53416,
          10782
        ],
        "end_time": "2025-08-30T00:00:00+00:00",
        "start_time": "2025-08-30T00:00:00+00:00",
        "tif_fname": "080W_20S_070W_10S.tif",
        "new_label": "agriculture",
        "probs": [
          0.9956940412521362,
          5.878609954379499e-6,
          0.00007318794814636931,
          0.000654397183097899,
          0.00004023945439257659,
          0.0011277194134891033,
          7.49210812500678e-6,
          0.00022481833002530038,
          0.000029605675081256777,
          0.0021426216699182987
        ]
      }
    },
    {
      "type": "Feature",
      "geometry": {
        "type": "Polygon",
        "coordinates": [
          [
            [
              -74.0462,
              -10.954
            ],
            [
              -74.0462,
              -10.9544
            ],
            [
              -74.046,
              -10.9544
            ],
            [
              -74.046,
              -10.954600000000001
            ],
            [
              -74.0458,
              -10.954600000000001
            ],
            [
              -74.0458,
              -10.9547
            ],
            [
              -74.0453,
              -10.9547
            ],
            [
              -74.0453,
              -10.954600000000001
            ],
            [
              -74.0451,
              -10.954600000000001
            ],
            [
              -74.0451,
              -10.9544
            ],
            [
              -74.0453,
              -10.9544
            ],
            [
              -74.0453,
              -10.9541
            ],
            [
              -74.0454,
              -10.9541
            ],
            [
              -74.0454,
              -10.9542
            ],
            [
              -74.0455,
              -10.9542
            ],
            [
              -74.0455,
              -10.9543
            ],
            [
              -74.0454,
              -10.9543
            ],
            [
              -74.0454,
              -10.954600000000001
            ],
            [
              -74.0455,
              -10.954600000000001
            ],
            [
              -74.0455,
              -10.954500000000001
            ],
            [
              -74.04560000000001,
              -10.954500000000001
            ],
            [
              -74.04560000000001,
              -10.9544
            ],
            [
              -74.0457,
              -10.9544
            ],
            [
              -74.0457,
              -10.9543
            ],
            [
              -74.0458,
              -10.9543
            ],
            [
              -74.0458,
              -10.9542
            ],
            [
              -74.046,
              -10.9542
            ],
            [
              -74.046,
              -10.954
            ],
            [
              -74.0462,
              -10.954
            ]
          ],
          [
            [
              -74.046,
              -10.9543
            ],
            [
              -74.0459,
              -10.9543
            ],
            [
              -74.0459,
              -10.9544
            ],
            [
              -74.046,
              -10.9544
            ],
            [
              -74.046,
              -10.9543
            ]
          ]
        ]
      },
      "properties": {
        "oe_start_time": "2025-08-30T00:00:00Z",
        "oe_end_time": "2025-08-30T00:00:00Z",
        "oe_prediction_result_id": null,
        "oe_prediction_result_file_id": null,
        "oe_created_at": null,
        "center_pixel": [
          59543,
          9544
        ],
        "end_time": "2025-08-30T00:00:00+00:00",
        "start_time": "2025-08-30T00:00:00+00:00",
        "tif_fname": "080W_20S_070W_10S.tif",
        "new_label": "road",
        "probs": [
          0.1788627952337265,
          0.0006369118927977979,
          0.049522705376148224,
          0.6313840746879578,
          0.029681166633963585,
          0.0023622906301170588,
          0.0733107328414917,
          0.02870074100792408,
          0.00012004266318399459,
          0.0054184612818062305
        ]
      }
    },
    {
      "type": "Feature",
      "geometry": {
        "type": "Polygon",
        "coordinates": [
          [
            [
              -70.592,
              -12.6981
            ],
            [
              -70.592,
              -12.698300000000001
            ],
            [
              -70.5922,
              -12.698300000000001
            ],
            [
              -70.5922,
              -12.698500000000001
            ],
            [
              -70.592,
              -12.698500000000001
            ],
            [
              -70.592,
              -12.6987
            ],
            [
              -70.5916,
              -12.6987
            ],
            [
              -70.5916,
              -12.6986
            ],
            [
              -70.5918,
              -12.6986
            ],
            [
              -70.5918,
              -12.698300000000001
            ],
            [
              -70.59190000000001,
              -12.698300000000001
            ],
            [
              -70.59190000000001,
              -12.6981
            ],
            [
              -70.592,
              -12.6981
            ]
          ]
        ]
      },
      "properties": {
        "oe_start_time": "2025-10-11T00:00:00Z",
        "oe_end_time": "2025-10-11T00:00:00Z",
        "oe_prediction_result_id": null,
        "oe_prediction_result_file_id": null,
        "oe_created_at": null,
        "center_pixel": [
          94080,
          26984
        ],
        "end_time": "2025-10-11T00:00:00+00:00",
        "start_time": "2025-10-11T00:00:00+00:00",
        "tif_fname": "080W_20S_070W_10S.tif",
        "new_label": "agriculture",
        "probs": [
          0.8289187550544739,
          0.027772370725870132,
          0.04968436062335968,
          0.08428142219781876,
          0.0035331679973751307,
          0.0003618307237047702,
          0.00012870367208961397,
          0.0010853104759007692,
          0.0004002330533694476,
          0.0038339924067258835
        ]
      }
    },
    {
      "type": "Feature",
      "geometry": {
        "type": "Polygon",
        "coordinates": [
          [
            [
              -74.2984,
              -11.425500000000001
            ],
            [
              -74.2984,
              -11.4257
            ],
            [
              -74.2985,
              -11.4257
            ],
            [
              -74.2985,
              -11.4258
            ],
            [
              -74.2984,
              -11.4258
            ],
            [
              -74.2984,
              -11.426300000000001
            ],
            [
              -74.2985,
              -11.426300000000001
            ],
            [
              -74.2985,
              -11.4265
            ],
            [
              -74.2983,
              -11.4265
            ],
            [
              -74.2983,
              -11.4266
            ],
            [
              -74.2981,
              -11.4266
            ],
            [
              -74.2981,
              -11.426400000000001
            ],
            [
              -74.2976,
              -11.426400000000001
            ],
            [
              -74.2976,
              -11.4262
            ],
            [
              -74.29740000000001,
              -11.4262
            ],
            [
              -74.29740000000001,
              -11.4261
            ],
            [
              -74.2973,
              -11.4261
            ],
            [
              -74.2973,
              -11.4258
            ],
            [
              -74.29740000000001,
              -11.4258
            ],
            [
              -74.29740000000001,
              -11.4257
            ],
            [
              -74.2976,
              -11.4257
            ],
            [
              -74.2976,
              -11.425600000000001
            ],
            [
              -74.2975,
              -11.425600000000001
            ],
            [
              -74.2975,
              -11.425500000000001
            ],
            [
              -74.2984,
              -11.425500000000001
            ]
          ]
        ]
      },
      "properties": {
        "oe_start_time": "2025-09-19T00:00:00Z",
        "oe_end_time": "2025-09-19T00:00:00Z",
        "oe_prediction_result_id": null,
        "oe_prediction_result_file_id": null,
        "oe_created_at": null,
        "center_pixel": [
          57020,
          14259
        ],
        "end_time": "2025-09-19T00:00:00+00:00",
        "start_time": "2025-09-19T00:00:00+00:00",
        "tif_fname": "080W_20S_070W_10S.tif",
        "new_label": "agriculture",
        "probs": [
          0.9998779296875,
          3.0233556458370003e-7,
          0.000017963189748115838,
          0.00005954059088253416,
          5.033434149481764e-7,
          0.000024136223146342672,
          5.633789967873781e-8,
          1.9020601484953659e-6,
          7.018801397862262e-7,
          0.00001696372783044353
        ]
      }
    },
    {
      "type": "Feature",
      "geometry": {
        "type": "Polygon",
        "coordinates": [
          [
            [
              -73.9021,
              -11.881300000000001
            ],
            [
              -73.9021,
              -11.8816
            ],
            [
              -73.902,
              -11.8816
            ],
            [
              -73.902,
              -11.8815
            ],
            [
              -73.90180000000001,
              -11.8815
            ],
            [
              -73.90180000000001,
              -11.8816
            ],
            [
              -73.90140000000001,
              -11.8816
            ],
            [
              -73.90140000000001,
              -11.8815
            ],
            [
              -73.9015,
              -11.8815
            ],
            [
              -73.9015,
              -11.881400000000001
            ],
            [
              -73.9016,
              -11.881400000000001
            ],
            [
              -73.9016,
              -11.881300000000001
            ],
            [
              -73.9021,
              -11.881300000000001
            ]
          ]
        ]
      },
      "properties": {
        "oe_start_time": "2025-08-30T00:00:00Z",
        "oe_end_time": "2025-08-30T00:00:00Z",
        "oe_prediction_result_id": null,
        "oe_prediction_result_file_id": null,
        "oe_created_at": null,
        "center_pixel": [
          60982,
          18814
        ],
        "end_time": "2025-08-30T00:00:00+00:00",
        "start_time": "2025-08-30T00:00:00+00:00",
        "tif_fname": "080W_20S_070W_10S.tif",
        "new_label": "agriculture",
        "probs": [
          0.9888947010040283,
          0.000021196594389039092,
          0.0003794961958192289,
          0.0070180464535951614,
          0.00009595523442840204,
          0.0013775300467386842,
          8.788949344307184e-6,
          0.00004220736082061194,
          0.00006351927004288882,
          0.002098528202623129
        ]
      }
    },
    {
      "type": "Feature",
      "geometry": {
        "type": "Polygon",
        "coordinates": [
          [
            [
              -75.4097,
              -10.005
            ],
            [
              -75.4097,
              -10.0051
            ],
            [
              -75.40990000000001,
              -10.0051
            ],
            [
              -75.40990000000001,
              -10.0052
            ],
            [
              -75.4102,
              -10.0052
            ],
            [
              -75.4102,
              -10.0058
            ],
            [
              -75.4101,
              -10.0058
            ],
            [
              -75.4101,
              -10.0059
            ],
            [
              -75.4102,
              -10.0059
            ],
            [
              -75.4102,
              -10.006
            ],
            [
              -75.41,
              -10.006
            ],
            [
              -75.41,
              -10.0061
            ],
            [
              -75.4097,
              -10.0061
            ],
            [
              -75.4097,
              -10.006
            ],
            [
              -75.40950000000001,
              -10.006
            ],
            [
              -75.40950000000001,
              -10.0058
            ],
            [
              -75.40910000000001,
              -10.0058
            ],
            [
              -75.40910000000001,
              -10.005700000000001
            ],
            [
              -75.40950000000001,
              -10.005700000000001
            ],
            [
              -75.40950000000001,
              -10.005
            ],
            [
              -75.4097,
              -10.005
            ]
          ]
        ]
      },
      "properties": {
        "oe_start_time": "2025-09-29T00:00:00Z",
        "oe_end_time": "2025-09-29T00:00:00Z",
        "oe_prediction_result_id": null,
        "oe_prediction_result_file_id": null,
        "oe_created_at": null,
        "center_pixel": [
          45902,
          55
        ],
        "end_time": "2025-09-29T00:00:00+00:00",
        "start_time": "2025-09-29T00:00:00+00:00",
        "tif_fname": "080W_20S_070W_10S.tif",
        "new_label": "agriculture",
        "probs": [
          0.999729573726654,
          9.367660140924272e-7,
          0.000021138119336683303,
          0.00005450779281090945,
          1.5174821328400867e-6,
          0.00008753640577197075,
          3.287624394943123e-7,
          0.00001857102324720472,
          3.858947366097709e-6,
          0.00008209241786971688
        ]
      }
    },
    {
      "type": "Feature",
      "geometry": {
        "type": "Polygon",
        "coordinates": [
          [
            [
              -74.5731,
              -11.161000000000001
            ],
            [
              -74.5731,
              -11.161100000000001
            ],
            [
              -74.5732,
              -11.161100000000001
            ],
            [
              -74.5732,
              -11.1615
            ],
            [
              -74.57300000000001,
              -11.1615
            ],
            [
              -74.57300000000001,
              -11.161200000000001
            ],
            [
              -74.57260000000001,
              -11.161200000000001
            ],
            [
              -74.57260000000001,
              -11.161000000000001
            ],
            [
              -74.5731,
              -11.161000000000001
            ]
          ]
        ]
      },
      "properties": {
        "oe_start_time": "2025-08-30T00:00:00Z",
        "oe_end_time": "2025-08-30T00:00:00Z",
        "oe_prediction_result_id": null,
        "oe_prediction_result_file_id": null,
        "oe_created_at": null,
        "center_pixel": [
          54270,
          11611
        ],
        "end_time": "2025-08-30T00:00:00+00:00",
        "start_time": "2025-08-30T00:00:00+00:00",
        "tif_fname": "080W_20S_070W_10S.tif",
        "new_label": "agriculture",
        "probs": [
          0.975437343120575,
          0.000015480018191738054,
          0.00017971210763789713,
          0.0012170812115073204,
          0.00014463579282164574,
          0.012210974469780922,
          0.00003859483331325464,
          0.0005014347261749208,
          0.00020269300148356706,
          0.010052130557596684
        ]
      }
    },
    {
      "type": "Feature",
      "geometry": {
        "type": "Polygon",
        "coordinates": [
          [
            [
              -74.128,
              -10.4734
            ],
            [
              -74.128,
              -10.4738
            ],
            [
              -74.1282,
              -10.4738
            ],
            [
              -74.1282,
              -10.473700000000001
            ],
            [
              -74.1285,
              -10.473700000000001
            ],
            [
              -74.1285,
              -10.474300000000001
            ],
            [
              -74.12830000000001,
              -10.474300000000001
            ],
            [
              -74.12830000000001,
              -10.4742
            ],
            [
              -74.1284,
              -10.4742
            ],
            [
              -74.1284,
              -10.4741
            ],
            [
              -74.1282,
              -10.4741
            ],
            [
              -74.1282,
              -10.474
            ],
            [
              -74.1281,
              -10.474
            ],
            [
              -74.1281,
              -10.4741
            ],
            [
              -74.128,
              -10.4741
            ],
            [
              -74.128,
              -10.4739
            ],
            [
              -74.1279,
              -10.4739
            ],
            [
              -74.1279,
              -10.473500000000001
            ],
            [
              -74.12780000000001,
              -10.473500000000001
            ],
            [
              -74.12780000000001,
              -10.4734
            ],
            [
              -74.128,
              -10.4734
            ]
          ],
          [
            [
              -74.1284,
              -10.4738
            ],
            [
              -74.1282,
              -10.4738
            ],
            [
              -74.1282,
              -10.4739
            ],
            [
              -74.1284,
              -10.4739
            ],
            [
              -74.1284,
              -10.4738
            ]
          ]
        ]
      },
      "properties": {
        "oe_start_time": "2025-10-06T00:00:00Z",
        "oe_end_time": "2025-10-06T00:00:00Z",
        "oe_prediction_result_id": null,
        "oe_prediction_result_file_id": null,
        "oe_created_at": null,
        "center_pixel": [
          58718,
          4738
        ],
        "end_time": "2025-10-06T00:00:00+00:00",
        "start_time": "2025-10-06T00:00:00+00:00",
        "tif_fname": "080W_20S_070W_10S.tif",
        "new_label": "agriculture",
        "probs": [
          0.688517153263092,
          0.1092681810259819,
          0.044283147901296616,
          0.034220170229673386,
          0.007274017669260502,
          0.001271435641683638,
          0.027387892827391624,
          0.011728295125067234,
          0.03876872360706329,
          0.03728094324469566
        ]
      }
    },
    {
      "type": "Feature",
      "geometry": {
        "type": "Polygon",
        "coordinates": [
          [
            [
              -74.6281,
              -11.0576
            ],
            [
              -74.6281,
              -11.0577
            ],
            [
              -74.628,
              -11.0577
            ],
            [
              -74.628,
              -11.0579
            ],
            [
              -74.6281,
              -11.0579
            ],
            [
              -74.6281,
              -11.058200000000001
            ],
            [
              -74.628,
              -11.058200000000001
            ],
            [
              -74.628,
              -11.058100000000001
            ],
            [
              -74.62780000000001,
              -11.058100000000001
            ],
            [
              -74.62780000000001,
              -11.058
            ],
            [
              -74.6275,
              -11.058
            ],
            [
              -74.6275,
              -11.0578
            ],
            [
              -74.6276,
              -11.0578
            ],
            [
              -74.6276,
              -11.0579
            ],
            [
              -74.6277,
              -11.0579
            ],
            [
              -74.6277,
              -11.0578
            ],
            [
              -74.6279,
              -11.0578
            ],
            [
              -74.6279,
              -11.0576
            ],
            [
              -74.6281,
              -11.0576
            ]
          ]
        ]
      },
      "properties": {
        "oe_start_time": "2025-08-30T00:00:00Z",
        "oe_end_time": "2025-08-30T00:00:00Z",
        "oe_prediction_result_id": null,
        "oe_prediction_result_file_id": null,
        "oe_created_at": null,
        "center_pixel": [
          53721,
          10579
        ],
        "end_time": "2025-08-30T00:00:00+00:00",
        "start_time": "2025-08-30T00:00:00+00:00",
        "tif_fname": "080W_20S_070W_10S.tif",
        "new_label": "agriculture",
        "probs": [
          0.9948254823684692,
          0.00007889961125329137,
          0.0004433118156157434,
          0.0009156024898402393,
          0.00005490176044986583,
          0.001078486442565918,
          0.000029965198336867616,
          0.00011859311780426651,
          0.00019859796157106757,
          0.0022561312653124332
        ]
      }
    }
  ]
}