{"type": "FeatureCollection", "features": [{"type": "Feature", "properties": {"task_name": "JJ-OREUM-001 가마오름 (320m)", "observation_time": "2025-06-01T00:00:00Z", "sample_category": "scored", "sample_number": 11, "sample_true_false": true, "oreum_id": "JJ-OREUM-001", "tile": "52SBB", "abstain_reason": null, "event_flag_frac": 0.1021}, "geometry": {"type": "Polygon", "coordinates": [[[126.24527473834021, 33.304119302120014], [126.24871426165979, 33.304119302120014], [126.24871426165979, 33.30699389787999], [126.24527473834021, 33.30699389787999], [126.24527473834021, 33.304119302120014]]]}}, {"type": "Feature", "properties": {"task_name": "JJ-OREUM-005 가문이오름 (320m)", "observation_time": "2025-06-01T00:00:00Z", "sample_category": "abstain", "sample_number": -1, "sample_true_false": false, "oreum_id": "JJ-OREUM-005", "tile": "52SBB", "abstain_reason": "event pair unobservable: 2025", "event_flag_frac": null}, "geometry": {"type": "Polygon", "coordinates": [[[126.6863814384717, 33.40022930212001], [126.68982476152831, 33.40022930212001], [126.68982476152831, 33.40310389787999], [126.6863814384717, 33.40310389787999], [126.6863814384717, 33.40022930212001]]]}}, {"type": "Feature", "properties": {"task_name": "JJ-OREUM-007 가세오름 (320m)", "observation_time": "2025-06-01T00:00:00Z", "sample_category": "scored", "sample_number": 53, "sample_true_false": false, "oreum_id": "JJ-OREUM-007", "tile": "52SBB", "abstain_reason": null, "event_flag_frac": 0.0285}, "geometry": {"type": "Polygon", "coordinates": [[[126.77959915321051, 33.32870440212001], [126.78303964678949, 33.32870440212001], [126.78303964678949, 33.33157899787999], [126.77959915321051, 33.33157899787999], [126.77959915321051, 33.32870440212001]]]}}, {"type": "Feature", "properties": {"task_name": "JJ-OREUM-008 가시오름 (320m)", "observation_time": "2025-06-01T00:00:00Z", "sample_category": "scored", "sample_number": 133, "sample_true_false": false, "oreum_id": "JJ-OREUM-008", "tile": "51SYS", "abstain_reason": null, "event_flag_frac": 0.0035}, "geometry": {"type": "Polygon", "coordinates": [[[126.24143349049763, 33.24561080212001], [126.24487070950238, 33.24561080212001], [126.24487070950238, 33.24848539787999], [126.24143349049763, 33.24848539787999], [126.24143349049763, 33.24561080212001]]]}}, {"type": "Feature", "properties": {"task_name": "JJ-OREUM-009 각시바위 (320m)", "observation_time": "2025-06-01T00:00:00Z", "sample_category": "abstain", "sample_number": -1, "sample_true_false": false, "oreum_id": "JJ-OREUM-009", "tile": "52SBB", "abstain_reason": "event pair unobservable: 2025", "event_flag_frac": null}, "geometry": {"type": "Polygon", "coordinates": [[[126.52439080542999, 33.275342702120014], [126.52782919457002, 33.275342702120014], [126.52782919457002, 33.27821729787999], [126.52439080542999, 33.27821729787999], [126.52439080542999, 33.275342702120014]]]}}, {"type": "Feature", "properties": {"task_name": "JJ-OREUM-010 감낭오름 (320m)", "observation_time": "2025-06-01T00:00:00Z", "sample_category": "abstain", "sample_number": -1, "sample_true_false": false, "oreum_id": "JJ-OREUM-010", "tile": "52SBB", "abstain_reason": "event pair unobservable: 2025", "event_flag_frac": null}, "geometry": {"type": "Polygon", "coordinates": [[[126.34845715615783, 33.32348980212001], [126.35189744384216, 33.32348980212001], [126.35189744384216, 33.326364397879985], [126.34845715615783, 33.326364397879985], [126.34845715615783, 33.32348980212001]]]}}, {"type": "Feature", "properties": {"task_name": "JJ-OREUM-011 감은이오름 (320m)", "observation_time": "2025-06-01T00:00:00Z", "sample_category": "scored", "sample_number": 80, "sample_true_false": true, "oreum_id": "JJ-OREUM-011", "tile": "52SBC", "abstain_reason": null, "event_flag_frac": 0.0172}, "geometry": {"type": "Polygon", "coordinates": [[[126.73939340349324, 33.42216970212001], [126.74283759650677, 33.42216970212001], [126.74283759650677, 33.425044297879985], [126.73939340349324, 33.425044297879985], [126.73939340349324, 33.42216970212001]]]}}, {"type": "Feature", "properties": {"task_name": "JJ-OREUM-012 갑선이오름 (320m)", "observation_time": "2025-06-01T00:00:00Z", "sample_category": "scored", "sample_number": 89, "sample_true_false": true, "oreum_id": "JJ-OREUM-012", "tile": "52SBB", "abstain_reason": null, "event_flag_frac": 0.0136}, "geometry": {"type": "Polygon", "coordinates": [[[126.77994744631519, 33.35941820212001], [126.78338915368482, 33.35941820212001], [126.78338915368482, 33.36229279787999], [126.77994744631519, 33.36229279787999], [126.77994744631519, 33.35941820212001]]]}}, {"type": "Feature", "properties": {"task_name": "JJ-OREUM-013 개오름 (320m)", "observation_time": "2025-06-01T00:00:00Z", "sample_category": "scored", "sample_number": 84, "sample_true_false": false, "oreum_id": "JJ-OREUM-013", "tile": "52SBC", "abstain_reason": null, "event_flag_frac": 0.0141}, "geometry": {"type": "Polygon", "coordinates": [[[126.77019612285689, 33.42119350212001], [126.77364027714312, 33.42119350212001], [126.77364027714312, 33.42406809787999], [126.77019612285689, 33.42406809787999], [126.77019612285689, 33.42119350212001]]]}}, {"type": "Feature", "properties": {"task_name": "JJ-OREUM-016 갯거리오름 (320m)", "observation_time": "2025-06-01T00:00:00Z", "sample_category": "scored", "sample_number": 121, "sample_true_false": false, "oreum_id": "JJ-OREUM-016", "tile": "51SYT", "abstain_reason": null, "event_flag_frac": 0.005}, "geometry": {"type": "Polygon", "coordinates": [[[126.29099565124858, 33.37433410212001], [126.29443794875141, 33.37433410212001], [126.29443794875141, 33.377208697879986], [126.29099565124858, 33.377208697879986], [126.29099565124858, 33.37433410212001]]]}}, {"type": "Feature", "properties": {"task_name": "JJ-OREUM-019 거린사슴 (320m)", "observation_time": "2025-06-01T00:00:00Z", "sample_category": "abstain", "sample_number": -1, "sample_true_false": false, "oreum_id": "JJ-OREUM-019", "tile": "52SBB", "abstain_reason": "event pair unobservable: 2025, 2026", "event_flag_frac": null}, "geometry": {"type": "Polygon", "coordinates": [[[126.45251625848323, 33.30816830212001], [126.45595594151678, 33.30816830212001], [126.45595594151678, 33.311042897879986], [126.45251625848323, 33.311042897879986], [126.45251625848323, 33.30816830212001]]]}}, {"type": "Feature", "properties": {"task_name": "JJ-OREUM-020 거린오름 (320m)", "observation_time": "2025-06-01T00:00:00Z", "sample_category": "abstain", "sample_number": -1, "sample_true_false": false, "oreum_id": "JJ-OREUM-020", "tile": "52SBB", "abstain_reason": "event pair unobservable: 2025", "event_flag_frac": null}, "geometry": {"type": "Polygon", "coordinates": [[[126.3302408863118, 33.301686602120014], [126.3336803136882, 33.301686602120014], [126.3336803136882, 33.30456119787999], [126.3302408863118, 33.30456119787999], [126.3302408863118, 33.301686602120014]]]}}, {"type": "Feature", "properties": {"task_name": "JJ-OREUM-021 거문오름 (320m)", "observation_time": "2025-06-01T00:00:00Z", "sample_category": "abstain", "sample_number": -1, "sample_true_false": false, "oreum_id": "JJ-OREUM-021", "tile": "52SBC", "abstain_reason": "event pair unobservable: 2025", "event_flag_frac": null}, "geometry": {"type": "Polygon", "coordinates": [[[126.71649878452449, 33.453349602120014], [126.71994421547551, 33.453349602120014], [126.71994421547551, 33.45622419787999], [126.71649878452449, 33.45622419787999], [126.71649878452449, 33.453349602120014]]]}}, {"type": "Feature", "properties": {"task_name": "JJ-OREUM-022 거미오름 (320m)", "observation_time": "2025-06-01T00:00:00Z", "sample_category": "scored", "sample_number": 60, "sample_true_false": false, "oreum_id": "JJ-OREUM-022", "tile": "52SBC", "abstain_reason": null, "event_flag_frac": 0.0239}, "geometry": {"type": "Polygon", "coordinates": [[[126.80182720149935, 33.44746080212001], [126.80527239850065, 33.44746080212001], [126.80527239850065, 33.45033539787999], [126.80182720149935, 33.45033539787999], [126.80182720149935, 33.44746080212001]]]}}, {"type": "Feature", "properties": {"task_name": "JJ-OREUM-024 거친오름 (320m)", "observation_time": "2025-06-01T00:00:00Z", "sample_category": "abstain", "sample_number": -1, "sample_true_false": false, "oreum_id": "JJ-OREUM-024", "tile": "52SBC", "abstain_reason": "event pair unobservable: 2025", "event_flag_frac": null}, "geometry": {"type": "Polygon", "coordinates": [[[126.73883328778514, 33.45821840212001], [126.74227891221487, 33.45821840212001], [126.74227891221487, 33.46109299787999], [126.73883328778514, 33.46109299787999], [126.73883328778514, 33.45821840212001]]]}}, {"type": "Feature", "properties": {"task_name": "JJ-OREUM-025 거친오름 (320m)", "observation_time": "2025-06-01T00:00:00Z", "sample_category": "abstain", "sample_number": -1, "sample_true_false": false, "oreum_id": "JJ-OREUM-025", "tile": "52SBC", "abstain_reason": "event pair unobservable: 2025", "event_flag_frac": null}, "geometry": {"type": "Polygon", "coordinates": [[[126.61838718410888, 33.44330100212001], [126.62183221589112, 33.44330100212001], [126.62183221589112, 33.446175597879986], [126.61838718410888, 33.446175597879986], [126.61838718410888, 33.44330100212001]]]}}, {"type": "Feature", "properties": {"task_name": "JJ-OREUM-026 걸리오름 (320m)", "observation_time": "2025-06-01T00:00:00Z", "sample_category": "scored", "sample_number": 93, "sample_true_false": false, "oreum_id": "JJ-OREUM-026", "tile": "52SBC", "abstain_reason": null, "event_flag_frac": 0.0129}, "geometry": {"type": "Polygon", "coordinates": [[[126.81373293791431, 33.37500790212001], [126.81717526208568, 33.37500790212001], [126.81717526208568, 33.37788249787999], [126.81373293791431, 33.37788249787999], [126.81373293791431, 33.37500790212001]]]}}, {"type": "Feature", "properties": {"task_name": "JJ-OREUM-027 걸서악(동걸세) (320m)", "observation_time": "2025-06-01T00:00:00Z", "sample_category": "abstain", "sample_number": -1, "sample_true_false": false, "oreum_id": "JJ-OREUM-027", "tile": "52SBB", "abstain_reason": "event pair unobservable: 2026", "event_flag_frac": null}, "geometry": {"type": "Polygon", "coordinates": [[[126.6180750964382, 33.28087660212001], [126.6215137035618, 33.28087660212001], [126.6215137035618, 33.28375119787999], [126.6180750964382, 33.28375119787999], [126.6180750964382, 33.28087660212001]]]}}, {"type": "Feature", "properties": {"task_name": "JJ-OREUM-031 검은들먹오름 (320m)", "observation_time": "2025-06-01T00:00:00Z", "sample_category": "scored", "sample_number": 25, "sample_true_false": true, "oreum_id": "JJ-OREUM-031", "tile": "52SBC", "abstain_reason": null, "event_flag_frac": 0.0627}, "geometry": {"type": "Polygon", "coordinates": [[[126.40459531250492, 33.36112790212001], [126.40803708749509, 33.36112790212001], [126.40803708749509, 33.36400249787999], [126.40459531250492, 33.36400249787999], [126.40459531250492, 33.36112790212001]]]}}, {"type": "Feature", "properties": {"task_name": "JJ-OREUM-032 검은오름 (320m)", "observation_time": "2025-06-01T00:00:00Z", "sample_category": "abstain", "sample_number": -1, "sample_true_false": false, "oreum_id": "JJ-OREUM-032", "tile": "52SBC", "abstain_reason": "no cube", "event_flag_frac": null}, "geometry": {"type": "Polygon", "coordinates": [[[126.49602762264546, 33.44136020212001], [126.49947257735455, 33.44136020212001], [126.49947257735455, 33.444234797879986], [126.49602762264546, 33.444234797879986], [126.49602762264546, 33.44136020212001]]]}}, {"type": "Feature", "properties": {"task_name": "JJ-OREUM-033 고근산 (320m)", "observation_time": "2025-06-01T00:00:00Z", "sample_category": "scored", "sample_number": 82, "sample_true_false": true, "oreum_id": "JJ-OREUM-033", "tile": "52SBB", "abstain_reason": null, "event_flag_frac": 0.015}, "geometry": {"type": "Polygon", "coordinates": [[[126.51202030033106, 33.26544310212001], [126.51545829966894, 33.26544310212001], [126.51545829966894, 33.268317697879986], [126.51202030033106, 33.268317697879986], [126.51202030033106, 33.26544310212001]]]}}, {"type": "Feature", "properties": {"task_name": "JJ-OREUM-034 고내봉 (320m)", "observation_time": "2025-06-01T00:00:00Z", "sample_category": "scored", "sample_number": 138, "sample_true_false": true, "oreum_id": "JJ-OREUM-034", "tile": "52SBC", "abstain_reason": null, "event_flag_frac": 0.0023}, "geometry": {"type": "Polygon", "coordinates": [[[126.33974659421355, 33.45789490212001], [126.34319220578644, 33.45789490212001], [126.34319220578644, 33.46076949787999], [126.33974659421355, 33.46076949787999], [126.33974659421355, 33.45789490212001]]]}}, {"type": "Feature", "properties": {"task_name": "JJ-OREUM-036 고이악 (320m)", "observation_time": "2025-06-01T00:00:00Z", "sample_category": "scored", "sample_number": 27, "sample_true_false": true, "oreum_id": "JJ-OREUM-036", "tile": "52SBB", "abstain_reason": null, "event_flag_frac": 0.0613}, "geometry": {"type": "Polygon", "coordinates": [[[126.658876872484, 33.31759590212001], [126.662316927516, 33.31759590212001], [126.662316927516, 33.32047049787999], [126.658876872484, 33.32047049787999], [126.658876872484, 33.31759590212001]]]}}, {"type": "Feature", "properties": {"task_name": "JJ-OREUM-039 과오름 (320m)", "observation_time": "2025-06-01T00:00:00Z", "sample_category": "scored", "sample_number": 135, "sample_true_false": false, "oreum_id": "JJ-OREUM-039", "tile": "51SYT", "abstain_reason": null, "event_flag_frac": 0.0027}, "geometry": {"type": "Polygon", "coordinates": [[[126.32145485414955, 33.44480970212001], [126.32489994585046, 33.44480970212001], [126.32489994585046, 33.44768429787999], [126.32145485414955, 33.44768429787999], [126.32145485414955, 33.44480970212001]]]}}, {"type": "Feature", "properties": {"task_name": "JJ-OREUM-040 광이오름 (320m)", "observation_time": "2025-06-01T00:00:00Z", "sample_category": "scored", "sample_number": 91, "sample_true_false": true, "oreum_id": "JJ-OREUM-040", "tile": "52SBC", "abstain_reason": null, "event_flag_frac": 0.0134}, "geometry": {"type": "Polygon", "coordinates": [[[126.4937429210971, 33.46660490212001], [126.4971888789029, 33.46660490212001], [126.4971888789029, 33.46947949787999], [126.4937429210971, 33.46947949787999], [126.4937429210971, 33.46660490212001]]]}}, {"type": "Feature", "properties": {"task_name": "JJ-OREUM-041 괭이모루 (320m)", "observation_time": "2025-06-01T00:00:00Z", "sample_category": "abstain", "sample_number": -1, "sample_true_false": false, "oreum_id": "JJ-OREUM-041", "tile": "52SBC", "abstain_reason": "no cube", "event_flag_frac": null}, "geometry": {"type": "Polygon", "coordinates": [[[126.77902614396181, 33.46042360212001], [126.78247185603819, 33.46042360212001], [126.78247185603819, 33.463298197879986], [126.77902614396181, 33.463298197879986], [126.77902614396181, 33.46042360212001]]]}}, {"type": "Feature", "properties": {"task_name": "JJ-OREUM-043 괴오름 (320m)", "observation_time": "2025-06-01T00:00:00Z", "sample_category": "scored", "sample_number": 34, "sample_true_false": true, "oreum_id": "JJ-OREUM-043", "tile": "52SBB", "abstain_reason": null, "event_flag_frac": 0.0495}, "geometry": {"type": "Polygon", "coordinates": [[[126.37775659174699, 33.35712060212001], [126.38119820825301, 33.35712060212001], [126.38119820825301, 33.35999519787999], [126.37775659174699, 33.35999519787999], [126.37775659174699, 33.35712060212001]]]}}, {"type": "Feature", "properties": {"task_name": "JJ-OREUM-045 구두리오름 (320m)", "observation_time": "2025-06-01T00:00:00Z", "sample_category": "abstain", "sample_number": -1, "sample_true_false": false, "oreum_id": "JJ-OREUM-045", "tile": "52SBB", "abstain_reason": "event pair unobservable: 2025", "event_flag_frac": null}, "geometry": {"type": "Polygon", "coordinates": [[[126.68617377430103, 33.40851290212001], [126.68961742569898, 33.40851290212001], [126.68961742569898, 33.411387497879986], [126.68617377430103, 33.411387497879986], [126.68617377430103, 33.40851290212001]]]}}, {"type": "Feature", "properties": {"task_name": "JJ-OREUM-047 군산 (320m)", "observation_time": "2025-06-01T00:00:00Z", "sample_category": "scored", "sample_number": 56, "sample_true_false": false, "oreum_id": "JJ-OREUM-047", "tile": "52SBB", "abstain_reason": null, "event_flag_frac": 0.0263}, "geometry": {"type": "Polygon", "coordinates": [[[126.36849477175284, 33.251648702120015], [126.37193222824718, 33.251648702120015], [126.37193222824718, 33.25452329787999], [126.36849477175284, 33.25452329787999], [126.36849477175284, 33.251648702120015]]]}}, {"type": "Feature", "properties": {"task_name": "JJ-OREUM-048 굽은오름 (320m)", "observation_time": "2025-06-01T00:00:00Z", "sample_category": "abstain", "sample_number": -1, "sample_true_false": false, "oreum_id": "JJ-OREUM-048", "tile": "51SYS", "abstain_reason": "event pair unobservable: 2025", "event_flag_frac": null}, "geometry": {"type": "Polygon", "coordinates": [[[126.21055536504508, 33.29769330212001], [126.21399463495493, 33.29769330212001], [126.21399463495493, 33.300567897879986], [126.21055536504508, 33.300567897879986], [126.21055536504508, 33.29769330212001]]]}}, {"type": "Feature", "properties": {"task_name": "JJ-OREUM-049 궁대악 (320m)", "observation_time": "2025-06-01T00:00:00Z", "sample_category": "scored", "sample_number": 96, "sample_true_false": false, "oreum_id": "JJ-OREUM-049", "tile": "52SBC", "abstain_reason": null, "event_flag_frac": 0.0113}, "geometry": {"type": "Polygon", "coordinates": [[[126.82138376564394, 33.434156802120015], [126.82482843435606, 33.434156802120015], [126.82482843435606, 33.43703139787999], [126.82138376564394, 33.43703139787999], [126.82138376564394, 33.434156802120015]]]}}, {"type": "Feature", "properties": {"task_name": "JJ-OREUM-050 궁산 (320m)", "observation_time": "2025-06-01T00:00:00Z", "sample_category": "scored", "sample_number": 97, "sample_true_false": true, "oreum_id": "JJ-OREUM-050", "tile": "52SBB", "abstain_reason": null, "event_flag_frac": 0.0112}, "geometry": {"type": "Polygon", "coordinates": [[[126.47889575970811, 33.26242620212001], [126.4823336402919, 33.26242620212001], [126.4823336402919, 33.26530079787999], [126.47889575970811, 33.26530079787999], [126.47889575970811, 33.26242620212001]]]}}, {"type": "Feature", "properties": {"task_name": "JJ-OREUM-052 궤펜이 (320m)", "observation_time": "2025-06-01T00:00:00Z", "sample_category": "abstain", "sample_number": -1, "sample_true_false": false, "oreum_id": "JJ-OREUM-052", "tile": "52SBB", "abstain_reason": "event pair unobservable: 2025", "event_flag_frac": null}, "geometry": {"type": "Polygon", "coordinates": [[[126.63217618823288, 33.39266980212001], [126.63561921176714, 33.39266980212001], [126.63561921176714, 33.39554439787999], [126.63217618823288, 33.39554439787999], [126.63217618823288, 33.39266980212001]]]}}, {"type": "Feature", "properties": {"task_name": "JJ-OREUM-053 궷물오름 (320m)", "observation_time": "2025-06-01T00:00:00Z", "sample_category": "abstain", "sample_number": -1, "sample_true_false": false, "oreum_id": "JJ-OREUM-053", "tile": "52SBB", "abstain_reason": "no cube", "event_flag_frac": null}, "geometry": {"type": "Polygon", "coordinates": [[[126.40423243140371, 33.395538702120014], [126.40767556859628, 33.395538702120014], [126.40767556859628, 33.39841329787999], [126.40423243140371, 33.39841329787999], [126.40423243140371, 33.395538702120014]]]}}, {"type": "Feature", "properties": {"task_name": "JJ-OREUM-055 금산 (320m)", "observation_time": "2025-06-01T00:00:00Z", "sample_category": "scored", "sample_number": 112, "sample_true_false": true, "oreum_id": "JJ-OREUM-055", "tile": "51SYS", "abstain_reason": null, "event_flag_frac": 0.006}, "geometry": {"type": "Polygon", "coordinates": [[[126.28367932471876, 33.23369590212001], [126.28711607528125, 33.23369590212001], [126.28711607528125, 33.23657049787999], [126.28367932471876, 33.23657049787999], [126.28367932471876, 33.23369590212001]]]}}, {"type": "Feature", "properties": {"task_name": "JJ-OREUM-056 금오름 (320m)", "observation_time": "2025-06-01T00:00:00Z", "sample_category": "scored", "sample_number": 2, "sample_true_false": true, "oreum_id": "JJ-OREUM-056", "tile": "52SBB", "abstain_reason": null, "event_flag_frac": 0.2027}, "geometry": {"type": "Polygon", "coordinates": [[[126.30410396933256, 33.35319630212001], [126.30754543066745, 33.35319630212001], [126.30754543066745, 33.35607089787999], [126.30410396933256, 33.35607089787999], [126.30410396933256, 33.35319630212001]]]}}, {"type": "Feature", "properties": {"task_name": "JJ-OREUM-059 나시리오름 (320m)", "observation_time": "2025-06-01T00:00:00Z", "sample_category": "abstain", "sample_number": -1, "sample_true_false": false, "oreum_id": "JJ-OREUM-059", "tile": "52SBB", "abstain_reason": "no cube", "event_flag_frac": null}, "geometry": {"type": "Polygon", "coordinates": [[[126.83224608244939, 33.41314600212001], [126.83568991755061, 33.41314600212001], [126.83568991755061, 33.416020597879985], [126.83224608244939, 33.416020597879985], [126.83224608244939, 33.41314600212001]]]}}, {"type": "Feature", "properties": {"task_name": "JJ-OREUM-060 남산봉 (320m)", "observation_time": "2025-06-01T00:00:00Z", "sample_category": "scored", "sample_number": 14, "sample_true_false": false, "oreum_id": "JJ-OREUM-060", "tile": "52SBB", "abstain_reason": null, "event_flag_frac": 0.0932}, "geometry": {"type": "Polygon", "coordinates": [[[126.81072760033248, 33.38195880212001], [126.81417019966753, 33.38195880212001], [126.81417019966753, 33.38483339787999], [126.81072760033248, 33.38483339787999], [126.81072760033248, 33.38195880212001]]]}}, {"type": "Feature", "properties": {"task_name": "JJ-OREUM-061 남송이오름 (320m)", "observation_time": "2025-06-01T00:00:00Z", "sample_category": "abstain", "sample_number": -1, "sample_true_false": false, "oreum_id": "JJ-OREUM-061", "tile": "51SYS", "abstain_reason": "event pair unobservable: 2025", "event_flag_frac": null}, "geometry": {"type": "Polygon", "coordinates": [[[126.30486370737741, 33.31075910212001], [126.30830349262258, 33.31075910212001], [126.30830349262258, 33.313633697879986], [126.30486370737741, 33.313633697879986], [126.30486370737741, 33.31075910212001]]]}}, {"type": "Feature", "properties": {"task_name": "JJ-OREUM-065 넙거리 (320m)", "observation_time": "2025-06-01T00:00:00Z", "sample_category": "abstain", "sample_number": -1, "sample_true_false": false, "oreum_id": "JJ-OREUM-065", "tile": "52SBB", "abstain_reason": "event pair unobservable: 2025", "event_flag_frac": null}, "geometry": {"type": "Polygon", "coordinates": [[[126.65191344297257, 33.33428680212001], [126.65535415702742, 33.33428680212001], [126.65535415702742, 33.33716139787999], [126.65191344297257, 33.33716139787999], [126.65191344297257, 33.33428680212001]]]}}, {"type": "Feature", "properties": {"task_name": "JJ-OREUM-070 노로오름 (320m)", "observation_time": "2025-06-01T00:00:00Z", "sample_category": "abstain", "sample_number": -1, "sample_true_false": false, "oreum_id": "JJ-OREUM-070", "tile": "52SBB", "abstain_reason": "no cube", "event_flag_frac": null}, "geometry": {"type": "Polygon", "coordinates": [[[126.43758243953722, 33.36481720212001], [126.44102436046278, 33.36481720212001], [126.44102436046278, 33.367691797879985], [126.43758243953722, 33.367691797879985], [126.43758243953722, 33.36481720212001]]]}}, {"type": "Feature", "properties": {"task_name": "JJ-OREUM-072 녹남봉 (320m)", "observation_time": "2025-06-01T00:00:00Z", "sample_category": "abstain", "sample_number": -1, "sample_true_false": false, "oreum_id": "JJ-OREUM-072", "tile": "51SYS", "abstain_reason": "event pair unobservable: 2025", "event_flag_frac": null}, "geometry": {"type": "Polygon", "coordinates": [[[126.19415685461395, 33.27792300212001], [126.19759534538606, 33.27792300212001], [126.19759534538606, 33.28079759787999], [126.19415685461395, 33.28079759787999], [126.19415685461395, 33.27792300212001]]]}}, {"type": "Feature", "properties": {"task_name": "JJ-OREUM-073 녹하지악 (320m)", "observation_time": "2025-06-01T00:00:00Z", "sample_category": "abstain", "sample_number": -1, "sample_true_false": false, "oreum_id": "JJ-OREUM-073", "tile": "52SBB", "abstain_reason": "event pair unobservable: 2025", "event_flag_frac": null}, "geometry": {"type": "Polygon", "coordinates": [[[126.42916085638224, 33.30320440212001], [126.43260034361775, 33.30320440212001], [126.43260034361775, 33.306078997879986], [126.42916085638224, 33.306078997879986], [126.42916085638224, 33.30320440212001]]]}}, {"type": "Feature", "properties": {"task_name": "JJ-OREUM-074 논고악 (320m)", "observation_time": "2025-06-01T00:00:00Z", "sample_category": "abstain", "sample_number": -1, "sample_true_false": false, "oreum_id": "JJ-OREUM-074", "tile": "52SBB", "abstain_reason": "event pair unobservable: 2025", "event_flag_frac": null}, "geometry": {"type": "Polygon", "coordinates": [[[126.60875487017069, 33.35821180212001], [126.6121965298293, 33.35821180212001], [126.6121965298293, 33.36108639787999], [126.60875487017069, 33.36108639787999], [126.60875487017069, 33.35821180212001]]]}}, {"type": "Feature", "properties": {"task_name": "JJ-OREUM-075 논오름 (320m)", "observation_time": "2025-06-01T00:00:00Z", "sample_category": "scored", "sample_number": 90, "sample_true_false": false, "oreum_id": "JJ-OREUM-075", "tile": "52SBB", "abstain_reason": null, "event_flag_frac": 0.0136}, "geometry": {"type": "Polygon", "coordinates": [[[126.33589161293703, 33.269882702120015], [126.33932978706297, 33.269882702120015], [126.33932978706297, 33.27275729787999], [126.33589161293703, 33.27275729787999], [126.33589161293703, 33.269882702120015]]]}}, {"type": "Feature", "properties": {"task_name": "JJ-OREUM-077 높은오름 (320m)", "observation_time": "2025-06-01T00:00:00Z", "sample_category": "scored", "sample_number": 83, "sample_true_false": true, "oreum_id": "JJ-OREUM-077", "tile": "52SBC", "abstain_reason": null, "event_flag_frac": 0.0143}, "geometry": {"type": "Polygon", "coordinates": [[[126.79130065111104, 33.455031402120014], [126.79474614888895, 33.455031402120014], [126.79474614888895, 33.45790599787999], [126.79130065111104, 33.45790599787999], [126.79130065111104, 33.455031402120014]]]}}, {"type": "Feature", "properties": {"task_name": "JJ-OREUM-079 누운오름 (320m)", "observation_time": "2025-06-01T00:00:00Z", "sample_category": "scored", "sample_number": 6, "sample_true_false": false, "oreum_id": "JJ-OREUM-079", "tile": "52SBB", "abstain_reason": null, "event_flag_frac": 0.1339}, "geometry": {"type": "Polygon", "coordinates": [[[126.32951221647798, 33.360927002120015], [126.33295398352203, 33.360927002120015], [126.33295398352203, 33.36380159787999], [126.32951221647798, 33.36380159787999], [126.32951221647798, 33.360927002120015]]]}}, {"type": "Feature", "properties": {"task_name": "JJ-OREUM-081 눈오름 (320m)", "observation_time": "2025-06-01T00:00:00Z", "sample_category": "scored", "sample_number": 131, "sample_true_false": true, "oreum_id": "JJ-OREUM-081", "tile": "52SBC", "abstain_reason": null, "event_flag_frac": 0.0039}, "geometry": {"type": "Polygon", "coordinates": [[[126.3685553851344, 33.43821270212001], [126.3720002148656, 33.43821270212001], [126.3720002148656, 33.44108729787999], [126.3685553851344, 33.44108729787999], [126.3685553851344, 33.43821270212001]]]}}, {"type": "Feature", "properties": {"task_name": "JJ-OREUM-082 눈오름 (320m)", "observation_time": "2025-06-01T00:00:00Z", "sample_category": "scored", "sample_number": 128, "sample_true_false": true, "oreum_id": "JJ-OREUM-082", "tile": "52SBC", "abstain_reason": null, "event_flag_frac": 0.0044}, "geometry": {"type": "Polygon", "coordinates": [[[126.47307589153091, 33.45802990212001], [126.47652150846908, 33.45802990212001], [126.47652150846908, 33.46090449787999], [126.47307589153091, 33.46090449787999], [126.47307589153091, 33.45802990212001]]]}}, {"type": "Feature", "properties": {"task_name": "JJ-OREUM-083 느지리오름 (320m)", "observation_time": "2025-06-01T00:00:00Z", "sample_category": "scored", "sample_number": 95, "sample_true_false": false, "oreum_id": "JJ-OREUM-083", "tile": "51SYT", "abstain_reason": null, "event_flag_frac": 0.0122}, "geometry": {"type": "Polygon", "coordinates": [[[126.25986413276846, 33.365159402120014], [126.26330606723155, 33.365159402120014], [126.26330606723155, 33.36803399787999], [126.25986413276846, 33.36803399787999], [126.25986413276846, 33.365159402120014]]]}}, {"type": "Feature", "properties": {"task_name": "JJ-OREUM-085 능화오름 (320m)", "observation_time": "2025-06-01T00:00:00Z", "sample_category": "abstain", "sample_number": -1, "sample_true_false": false, "oreum_id": "JJ-OREUM-085", "tile": "52SBB", "abstain_reason": "event pair unobservable: 2025", "event_flag_frac": null}, "geometry": {"type": "Polygon", "coordinates": [[[126.53240896734462, 33.39877210212001], [126.53585223265537, 33.39877210212001], [126.53585223265537, 33.40164669787999], [126.53240896734462, 33.40164669787999], [126.53240896734462, 33.39877210212001]]]}}, {"type": "Feature", "properties": {"task_name": "JJ-OREUM-086 다랑쉬 (320m)", "observation_time": "2025-06-01T00:00:00Z", "sample_category": "abstain", "sample_number": -1, "sample_true_false": false, "oreum_id": "JJ-OREUM-086", "tile": "52SBC", "abstain_reason": "event pair unobservable: 2025", "event_flag_frac": null}, "geometry": {"type": "Polygon", "coordinates": [[[126.81980522881861, 33.476274602120014], [126.8232515711814, 33.476274602120014], [126.8232515711814, 33.47914919787999], [126.81980522881861, 33.47914919787999], [126.81980522881861, 33.476274602120014]]]}}, {"type": "Feature", "properties": {"task_name": "JJ-OREUM-090 단산 (320m)", "observation_time": "2025-06-01T00:00:00Z", "sample_category": "scored", "sample_number": 150, "sample_true_false": true, "oreum_id": "JJ-OREUM-090", "tile": "51SYS", "abstain_reason": null, "event_flag_frac": 0.0}, "geometry": {"type": "Polygon", "coordinates": [[[126.28661187259071, 33.24143550212001], [126.2900489274093, 33.24143550212001], [126.2900489274093, 33.24431009787999], [126.28661187259071, 33.24431009787999], [126.28661187259071, 33.24143550212001]]]}}, {"type": "Feature", "properties": {"task_name": "JJ-OREUM-092 당산봉 (320m)", "observation_time": "2025-06-01T00:00:00Z", "sample_category": "scored", "sample_number": 87, "sample_true_false": true, "oreum_id": "JJ-OREUM-092", "tile": "51SYS", "abstain_reason": null, "event_flag_frac": 0.0139}, "geometry": {"type": "Polygon", "coordinates": [[[126.1708860917691, 33.30648070212001], [126.17432570823088, 33.30648070212001], [126.17432570823088, 33.30935529787999], [126.1708860917691, 33.30935529787999], [126.1708860917691, 33.30648070212001]]]}}, {"type": "Feature", "properties": {"task_name": "JJ-OREUM-093 당산봉 알봉 (320m)", "observation_time": "2025-06-01T00:00:00Z", "sample_category": "scored", "sample_number": 98, "sample_true_false": true, "oreum_id": "JJ-OREUM-093", "tile": "51SYS", "abstain_reason": null, "event_flag_frac": 0.0106}, "geometry": {"type": "Polygon", "coordinates": [[[126.16842731690156, 33.31027630212001], [126.17186708309845, 33.31027630212001], [126.17186708309845, 33.313150897879986], [126.16842731690156, 33.313150897879986], [126.16842731690156, 33.31027630212001]]]}}, {"type": "Feature", "properties": {"task_name": "JJ-OREUM-094 당오름 (320m)", "observation_time": "2025-06-01T00:00:00Z", "sample_category": "scored", "sample_number": 19, "sample_true_false": true, "oreum_id": "JJ-OREUM-094", "tile": "52SBB", "abstain_reason": null, "event_flag_frac": 0.0873}, "geometry": {"type": "Polygon", "coordinates": [[[126.33403587559255, 33.33263510212001], [126.33747652440746, 33.33263510212001], [126.33747652440746, 33.335509697879985], [126.33403587559255, 33.335509697879985], [126.33403587559255, 33.33263510212001]]]}}, {"type": "Feature", "properties": {"task_name": "JJ-OREUM-095 당오름 (320m)", "observation_time": "2025-06-01T00:00:00Z", "sample_category": "abstain", "sample_number": -1, "sample_true_false": false, "oreum_id": "JJ-OREUM-095", "tile": "52SBC", "abstain_reason": "event pair unobservable: 2025", "event_flag_frac": null}, "geometry": {"type": "Polygon", "coordinates": [[[126.77688464920826, 33.46519080212001], [126.78033055079175, 33.46519080212001], [126.78033055079175, 33.46806539787999], [126.77688464920826, 33.46806539787999], [126.77688464920826, 33.46519080212001]]]}}, {"type": "Feature", "properties": {"task_name": "JJ-OREUM-096 당오름 (320m)", "observation_time": "2025-06-01T00:00:00Z", "sample_category": "scored", "sample_number": 99, "sample_true_false": false, "oreum_id": "JJ-OREUM-096", "tile": "52SBC", "abstain_reason": null, "event_flag_frac": 0.01}, "geometry": {"type": "Polygon", "coordinates": [[[126.68589341168352, 33.477136102120014], [126.68933978831647, 33.477136102120014], [126.68933978831647, 33.48001069787999], [126.68589341168352, 33.48001069787999], [126.68589341168352, 33.477136102120014]]]}}, {"type": "Feature", "properties": {"task_name": "JJ-OREUM-097 대록산 (320m)", "observation_time": "2025-06-01T00:00:00Z", "sample_category": "scored", "sample_number": 43, "sample_true_false": true, "oreum_id": "JJ-OREUM-097", "tile": "52SBB", "abstain_reason": null, "event_flag_frac": 0.038}, "geometry": {"type": "Polygon", "coordinates": [[[126.72743288092045, 33.39808690212001], [126.73087611907957, 33.39808690212001], [126.73087611907957, 33.40096149787999], [126.72743288092045, 33.40096149787999], [126.72743288092045, 33.39808690212001]]]}}, {"type": "Feature", "properties": {"task_name": "JJ-OREUM-099 대병악 (320m)", "observation_time": "2025-06-01T00:00:00Z", "sample_category": "abstain", "sample_number": -1, "sample_true_false": false, "oreum_id": "JJ-OREUM-099", "tile": "52SBB", "abstain_reason": "event pair unobservable: 2025", "event_flag_frac": null}, "geometry": {"type": "Polygon", "coordinates": [[[126.36650632419038, 33.304836802120015], [126.36994587580962, 33.304836802120015], [126.36994587580962, 33.30771139787999], [126.36650632419038, 33.30771139787999], [126.36650632419038, 33.304836802120015]]]}}, {"type": "Feature", "properties": {"task_name": "JJ-OREUM-100 대수산봉 (320m)", "observation_time": "2025-06-01T00:00:00Z", "sample_category": "scored", "sample_number": 139, "sample_true_false": true, "oreum_id": "JJ-OREUM-100", "tile": "52SBC", "abstain_reason": null, "event_flag_frac": 0.0023}, "geometry": {"type": "Polygon", "coordinates": [[[126.89957327785065, 33.438579602120015], [126.90301812214936, 33.438579602120015], [126.90301812214936, 33.44145419787999], [126.89957327785065, 33.44145419787999], [126.89957327785065, 33.438579602120015]]]}}, {"type": "Feature", "properties": {"task_name": "JJ-OREUM-101 대왕산 (320m)", "observation_time": "2025-06-01T00:00:00Z", "sample_category": "scored", "sample_number": 127, "sample_true_false": false, "oreum_id": "JJ-OREUM-101", "tile": "52SBC", "abstain_reason": null, "event_flag_frac": 0.0045}, "geometry": {"type": "Polygon", "coordinates": [[[126.87094995136535, 33.45501860212001], [126.87439544863464, 33.45501860212001], [126.87439544863464, 33.45789319787999], [126.87094995136535, 33.45789319787999], [126.87094995136535, 33.45501860212001]]]}}, {"type": "Feature", "properties": {"task_name": "JJ-OREUM-102 대천이오름 (320m)", "observation_time": "2025-06-01T00:00:00Z", "sample_category": "scored", "sample_number": 49, "sample_true_false": true, "oreum_id": "JJ-OREUM-102", "tile": "52SBC", "abstain_reason": null, "event_flag_frac": 0.0325}, "geometry": {"type": "Polygon", "coordinates": [[[126.68332165245344, 33.449930102120014], [126.68676694754656, 33.449930102120014], [126.68676694754656, 33.45280469787999], [126.68332165245344, 33.45280469787999], [126.68332165245344, 33.449930102120014]]]}}, {"type": "Feature", "properties": {"task_name": "JJ-OREUM-104 도너리오름 (320m)", "observation_time": "2025-06-01T00:00:00Z", "sample_category": "scored", "sample_number": 3, "sample_true_false": true, "oreum_id": "JJ-OREUM-104", "tile": "52SBB", "abstain_reason": null, "event_flag_frac": 0.1917}, "geometry": {"type": "Polygon", "coordinates": [[[126.31950893059623, 33.32478470212001], [126.32294926940376, 33.32478470212001], [126.32294926940376, 33.32765929787999], [126.31950893059623, 33.32765929787999], [126.31950893059623, 33.32478470212001]]]}}, {"type": "Feature", "properties": {"task_name": "JJ-OREUM-105 도두봉 (320m)", "observation_time": "2025-06-01T00:00:00Z", "sample_category": "scored", "sample_number": 142, "sample_true_false": false, "oreum_id": "JJ-OREUM-105", "tile": "52SBC", "abstain_reason": null, "event_flag_frac": 0.0015}, "geometry": {"type": "Polygon", "coordinates": [[[126.4666391253216, 33.50659450212001], [126.4700866746784, 33.50659450212001], [126.4700866746784, 33.509469097879986], [126.4666391253216, 33.509469097879986], [126.4666391253216, 33.50659450212001]]]}}, {"type": "Feature", "properties": {"task_name": "JJ-OREUM-106 도청오름 (320m)", "observation_time": "2025-06-01T00:00:00Z", "sample_category": "scored", "sample_number": 62, "sample_true_false": false, "oreum_id": "JJ-OREUM-106", "tile": "52SBB", "abstain_reason": null, "event_flag_frac": 0.0227}, "geometry": {"type": "Polygon", "coordinates": [[[126.81344205129312, 33.31360190212001], [126.81688194870688, 33.31360190212001], [126.81688194870688, 33.31647649787999], [126.81344205129312, 33.31647649787999], [126.81344205129312, 33.31360190212001]]]}}, {"type": "Feature", "properties": {"task_name": "JJ-OREUM-107 독자봉 (320m)", "observation_time": "2025-06-01T00:00:00Z", "sample_category": "scored", "sample_number": 66, "sample_true_false": true, "oreum_id": "JJ-OREUM-107", "tile": "52SBB", "abstain_reason": null, "event_flag_frac": 0.0206}, "geometry": {"type": "Polygon", "coordinates": [[[126.85183100911432, 33.38656600212001], [126.85527379088568, 33.38656600212001], [126.85527379088568, 33.38944059787999], [126.85183100911432, 33.38944059787999], [126.85183100911432, 33.38656600212001]]]}}, {"type": "Feature", "properties": {"task_name": "JJ-OREUM-108 돈두미오름 (320m)", "observation_time": "2025-06-01T00:00:00Z", "sample_category": "scored", "sample_number": 77, "sample_true_false": false, "oreum_id": "JJ-OREUM-108", "tile": "51SYS", "abstain_reason": null, "event_flag_frac": 0.0174}, "geometry": {"type": "Polygon", "coordinates": [[[126.20855163455262, 33.24845570212001], [126.21198896544739, 33.24845570212001], [126.21198896544739, 33.25133029787999], [126.20855163455262, 33.25133029787999], [126.20855163455262, 33.24845570212001]]]}}, {"type": "Feature", "properties": {"task_name": "JJ-OREUM-110 돌오름 (320m)", "observation_time": "2025-06-01T00:00:00Z", "sample_category": "abstain", "sample_number": -1, "sample_true_false": false, "oreum_id": "JJ-OREUM-110", "tile": "52SBC", "abstain_reason": "no cube", "event_flag_frac": null}, "geometry": {"type": "Polygon", "coordinates": [[[126.42803791471111, 33.335717702120014], [126.4314786852889, 33.335717702120014], [126.4314786852889, 33.33859229787999], [126.42803791471111, 33.33859229787999], [126.42803791471111, 33.335717702120014]]]}}, {"type": "Feature", "properties": {"task_name": "JJ-OREUM-112 돔박이 (320m)", "observation_time": "2025-06-01T00:00:00Z", "sample_category": "scored", "sample_number": 22, "sample_true_false": true, "oreum_id": "JJ-OREUM-112", "tile": "52SBB", "abstain_reason": null, "event_flag_frac": 0.0705}, "geometry": {"type": "Polygon", "coordinates": [[[126.36175066017142, 33.338478802120015], [126.36519153982857, 33.338478802120015], [126.36519153982857, 33.34135339787999], [126.36175066017142, 33.34135339787999], [126.36175066017142, 33.338478802120015]]]}}, {"type": "Feature", "properties": {"task_name": "JJ-OREUM-113 돔배오름 (320m)", "observation_time": "2025-06-01T00:00:00Z", "sample_category": "abstain", "sample_number": -1, "sample_true_false": false, "oreum_id": "JJ-OREUM-113", "tile": "52SBC", "abstain_reason": "event pair unobservable: 2025", "event_flag_frac": null}, "geometry": {"type": "Polygon", "coordinates": [[[126.6667807904783, 33.42786630212001], [126.6702252095217, 33.42786630212001], [126.6702252095217, 33.430740897879986], [126.6667807904783, 33.430740897879986], [126.6667807904783, 33.42786630212001]]]}}, {"type": "Feature", "properties": {"task_name": "JJ-OREUM-114 동수악 (320m)", "observation_time": "2025-06-01T00:00:00Z", "sample_category": "abstain", "sample_number": -1, "sample_true_false": false, "oreum_id": "JJ-OREUM-114", "tile": "52SBB", "abstain_reason": "event pair unobservable: 2025", "event_flag_frac": null}, "geometry": {"type": "Polygon", "coordinates": [[[126.6258846393564, 33.35977010212001], [126.6293263606436, 33.35977010212001], [126.6293263606436, 33.362644697879986], [126.6258846393564, 33.362644697879986], [126.6258846393564, 33.35977010212001]]]}}, {"type": "Feature", "properties": {"task_name": "JJ-OREUM-115 동알오름 (320m)", "observation_time": "2025-06-01T00:00:00Z", "sample_category": "scored", "sample_number": 116, "sample_true_false": false, "oreum_id": "JJ-OREUM-115", "tile": "51SYS", "abstain_reason": null, "event_flag_frac": 0.0057}, "geometry": {"type": "Polygon", "coordinates": [[[126.28641156880325, 33.20599100212001], [126.28984723119676, 33.20599100212001], [126.28984723119676, 33.208865597879985], [126.28641156880325, 33.208865597879985], [126.28641156880325, 33.20599100212001]]]}}, {"type": "Feature", "properties": {"task_name": "JJ-OREUM-118 둔지봉 (320m)", "observation_time": "2025-06-01T00:00:00Z", "sample_category": "abstain", "sample_number": -1, "sample_true_false": false, "oreum_id": "JJ-OREUM-118", "tile": "52SBC", "abstain_reason": "event pair unobservable: 2025", "event_flag_frac": null}, "geometry": {"type": "Polygon", "coordinates": [[[126.79367433059106, 33.50130900212001], [126.79712166940895, 33.50130900212001], [126.79712166940895, 33.50418359787999], [126.79367433059106, 33.50418359787999], [126.79367433059106, 33.50130900212001]]]}}, {"type": "Feature", "properties": {"task_name": "JJ-OREUM-119 뒤굽은이 (320m)", "observation_time": "2025-06-01T00:00:00Z", "sample_category": "abstain", "sample_number": -1, "sample_true_false": false, "oreum_id": "JJ-OREUM-119", "tile": "52SBC", "abstain_reason": "event pair unobservable: 2025", "event_flag_frac": null}, "geometry": {"type": "Polygon", "coordinates": [[[126.76497252938744, 33.476246002120014], [126.76841887061256, 33.476246002120014], [126.76841887061256, 33.47912059787999], [126.76497252938744, 33.47912059787999], [126.76497252938744, 33.476246002120014]]]}}, {"type": "Feature", "properties": {"task_name": "JJ-OREUM-122 따라비 (320m)", "observation_time": "2025-06-01T00:00:00Z", "sample_category": "scored", "sample_number": 39, "sample_true_false": true, "oreum_id": "JJ-OREUM-122", "tile": "52SBB", "abstain_reason": null, "event_flag_frac": 0.0429}, "geometry": {"type": "Polygon", "coordinates": [[[126.7507372054174, 33.38675270212001], [126.7541799945826, 33.38675270212001], [126.7541799945826, 33.38962729787999], [126.7507372054174, 33.38962729787999], [126.7507372054174, 33.38675270212001]]]}}, {"type": "Feature", "properties": {"task_name": "JJ-OREUM-123 마보기 (320m)", "observation_time": "2025-06-01T00:00:00Z", "sample_category": "abstain", "sample_number": -1, "sample_true_false": false, "oreum_id": "JJ-OREUM-123", "tile": "52SBB", "abstain_reason": "event pair unobservable: 2025", "event_flag_frac": null}, "geometry": {"type": "Polygon", "coordinates": [[[126.39127714589375, 33.31894330212001], [126.39471725410624, 33.31894330212001], [126.39471725410624, 33.32181789787999], [126.39127714589375, 33.32181789787999], [126.39127714589375, 33.31894330212001]]]}}, {"type": "Feature", "properties": {"task_name": "JJ-OREUM-124 마오름 (320m)", "observation_time": "2025-06-01T00:00:00Z", "sample_category": "scored", "sample_number": 123, "sample_true_false": false, "oreum_id": "JJ-OREUM-124", "tile": "51SYT", "abstain_reason": null, "event_flag_frac": 0.0049}, "geometry": {"type": "Polygon", "coordinates": [[[126.24193519692248, 33.33661830212001], [126.24537600307751, 33.33661830212001], [126.24537600307751, 33.339492897879985], [126.24193519692248, 33.339492897879985], [126.24193519692248, 33.33661830212001]]]}}, {"type": "Feature", "properties": {"task_name": "JJ-OREUM-125 마은이 (320m)", "observation_time": "2025-06-01T00:00:00Z", "sample_category": "abstain", "sample_number": -1, "sample_true_false": false, "oreum_id": "JJ-OREUM-125", "tile": "52SBB", "abstain_reason": "event pair unobservable: 2025", "event_flag_frac": null}, "geometry": {"type": "Polygon", "coordinates": [[[126.65688157421124, 33.37822660212001], [126.66032402578875, 33.37822660212001], [126.66032402578875, 33.381101197879985], [126.65688157421124, 33.381101197879985], [126.65688157421124, 33.37822660212001]]]}}, {"type": "Feature", "properties": {"task_name": "JJ-OREUM-126 마은이옆 (320m)", "observation_time": "2025-06-01T00:00:00Z", "sample_category": "abstain", "sample_number": -1, "sample_true_false": false, "oreum_id": "JJ-OREUM-126", "tile": "52SBB", "abstain_reason": "event pair unobservable: 2025", "event_flag_frac": null}, "geometry": {"type": "Polygon", "coordinates": [[[126.66462773176889, 33.39047170212001], [126.66807066823111, 33.39047170212001], [126.66807066823111, 33.39334629787999], [126.66462773176889, 33.39334629787999], [126.66462773176889, 33.39047170212001]]]}}, {"type": "Feature", "properties": {"task_name": "JJ-OREUM-127 마중오름 (320m)", "observation_time": "2025-06-01T00:00:00Z", "sample_category": "scored", "sample_number": 15, "sample_true_false": true, "oreum_id": "JJ-OREUM-127", "tile": "52SBB", "abstain_reason": null, "event_flag_frac": 0.0924}, "geometry": {"type": "Polygon", "coordinates": [[[126.26888796413034, 33.33321550212001], [126.27232863586967, 33.33321550212001], [126.27232863586967, 33.33609009787999], [126.26888796413034, 33.33609009787999], [126.26888796413034, 33.33321550212001]]]}}, {"type": "Feature", "properties": {"task_name": "JJ-OREUM-128 만세동산 (320m)", "observation_time": "2025-06-01T00:00:00Z", "sample_category": "scored", "sample_number": 45, "sample_true_false": true, "oreum_id": "JJ-OREUM-128", "tile": "52SBC", "abstain_reason": null, "event_flag_frac": 0.0369}, "geometry": {"type": "Polygon", "coordinates": [[[126.50429780119185, 33.36675570212001], [126.50773979880816, 33.36675570212001], [126.50773979880816, 33.369630297879986], [126.50429780119185, 33.369630297879986], [126.50429780119185, 33.36675570212001]]]}}, {"type": "Feature", "properties": {"task_name": "JJ-OREUM-129 말젯오름 (320m)", "observation_time": "2025-06-01T00:00:00Z", "sample_category": "scored", "sample_number": 148, "sample_true_false": false, "oreum_id": "JJ-OREUM-129", "tile": "51SYT", "abstain_reason": null, "event_flag_frac": 0.001}, "geometry": {"type": "Polygon", "coordinates": [[[126.31375738040833, 33.44852270212001], [126.31720261959165, 33.44852270212001], [126.31720261959165, 33.451397297879986], [126.31375738040833, 33.451397297879986], [126.31375738040833, 33.44852270212001]]]}}, {"type": "Feature", "properties": {"task_name": "JJ-OREUM-130 말찻 (320m)", "observation_time": "2025-06-01T00:00:00Z", "sample_category": "abstain", "sample_number": -1, "sample_true_false": false, "oreum_id": "JJ-OREUM-130", "tile": "52SBB", "abstain_reason": "event pair unobservable: 2025", "event_flag_frac": null}, "geometry": {"type": "Polygon", "coordinates": [[[126.65253076126785, 33.39907880212001], [126.65597403873215, 33.39907880212001], [126.65597403873215, 33.401953397879986], [126.65253076126785, 33.401953397879986], [126.65253076126785, 33.39907880212001]]]}}, {"type": "Feature", "properties": {"task_name": "JJ-OREUM-131 망동산 (320m)", "observation_time": "2025-06-01T00:00:00Z", "sample_category": "scored", "sample_number": 86, "sample_true_false": false, "oreum_id": "JJ-OREUM-131", "tile": "52SCC", "abstain_reason": null, "event_flag_frac": 0.014}, "geometry": {"type": "Polygon", "coordinates": [[[126.96062092518758, 33.49655820212001], [126.96406807481242, 33.49655820212001], [126.96406807481242, 33.49943279787999], [126.96062092518758, 33.49943279787999], [126.96062092518758, 33.49655820212001]]]}}, {"type": "Feature", "properties": {"task_name": "JJ-OREUM-132 망밭 (320m)", "observation_time": "2025-06-01T00:00:00Z", "sample_category": "scored", "sample_number": 137, "sample_true_false": false, "oreum_id": "JJ-OREUM-132", "tile": "52SBB", "abstain_reason": null, "event_flag_frac": 0.0024}, "geometry": {"type": "Polygon", "coordinates": [[[126.5224703898593, 33.240557102120015], [126.5259074101407, 33.240557102120015], [126.5259074101407, 33.24343169787999], [126.5224703898593, 33.24343169787999], [126.5224703898593, 33.240557102120015]]]}}, {"type": "Feature", "properties": {"task_name": "JJ-OREUM-133 매오름 (320m)", "observation_time": "2025-06-01T00:00:00Z", "sample_category": "scored", "sample_number": 40, "sample_true_false": false, "oreum_id": "JJ-OREUM-133", "tile": "52SBB", "abstain_reason": null, "event_flag_frac": 0.0414}, "geometry": {"type": "Polygon", "coordinates": [[[126.81179980740937, 33.31582600212001], [126.81523979259062, 33.31582600212001], [126.81523979259062, 33.31870059787999], [126.81179980740937, 33.31870059787999], [126.81179980740937, 33.31582600212001]]]}}, {"type": "Feature", "properties": {"task_name": "JJ-OREUM-134 머체오름 (320m)", "observation_time": "2025-06-01T00:00:00Z", "sample_category": "abstain", "sample_number": -1, "sample_true_false": false, "oreum_id": "JJ-OREUM-134", "tile": "52SBB", "abstain_reason": "event pair unobservable: 2025", "event_flag_frac": null}, "geometry": {"type": "Polygon", "coordinates": [[[126.65796924826734, 33.33908140212001], [126.66141015173267, 33.33908140212001], [126.66141015173267, 33.341955997879985], [126.65796924826734, 33.341955997879985], [126.65796924826734, 33.33908140212001]]]}}, {"type": "Feature", "properties": {"task_name": "JJ-OREUM-135 명월오름 (320m)", "observation_time": "2025-06-01T00:00:00Z", "sample_category": "scored", "sample_number": 132, "sample_true_false": false, "oreum_id": "JJ-OREUM-135", "tile": "51SYT", "abstain_reason": null, "event_flag_frac": 0.0039}, "geometry": {"type": "Polygon", "coordinates": [[[126.2769642152194, 33.38120680212001], [126.2804067847806, 33.38120680212001], [126.2804067847806, 33.38408139787999], [126.2769642152194, 33.38408139787999], [126.2769642152194, 33.38120680212001]]]}}, {"type": "Feature", "properties": {"task_name": "JJ-OREUM-137 모구리오름 (320m)", "observation_time": "2025-06-01T00:00:00Z", "sample_category": "scored", "sample_number": 7, "sample_true_false": true, "oreum_id": "JJ-OREUM-137", "tile": "52SBB", "abstain_reason": null, "event_flag_frac": 0.1276}, "geometry": {"type": "Polygon", "coordinates": [[[126.82693589253759, 33.40759290212001], [126.8303795074624, 33.40759290212001], [126.8303795074624, 33.410467497879985], [126.82693589253759, 33.410467497879985], [126.82693589253759, 33.40759290212001]]]}}, {"type": "Feature", "properties": {"task_name": "JJ-OREUM-139 모슬봉 (320m)", "observation_time": "2025-06-01T00:00:00Z", "sample_category": "scored", "sample_number": 141, "sample_true_false": true, "oreum_id": "JJ-OREUM-139", "tile": "51SYS", "abstain_reason": null, "event_flag_frac": 0.0018}, "geometry": {"type": "Polygon", "coordinates": [[[126.25645195557294, 33.237214102120014], [126.25988884442705, 33.237214102120014], [126.25988884442705, 33.24008869787999], [126.25645195557294, 33.24008869787999], [126.25645195557294, 33.237214102120014]]]}}, {"type": "Feature", "properties": {"task_name": "JJ-OREUM-140 모지오름 (320m)", "observation_time": "2025-06-01T00:00:00Z", "sample_category": "scored", "sample_number": 117, "sample_true_false": false, "oreum_id": "JJ-OREUM-140", "tile": "52SBC", "abstain_reason": null, "event_flag_frac": 0.0053}, "geometry": {"type": "Polygon", "coordinates": [[[126.76659618867457, 33.39264750212001], [126.77003921132543, 33.39264750212001], [126.77003921132543, 33.39552209787999], [126.76659618867457, 33.39552209787999], [126.76659618867457, 33.39264750212001]]]}}, {"type": "Feature", "properties": {"task_name": "JJ-OREUM-143 문도지오름 (320m)", "observation_time": "2025-06-01T00:00:00Z", "sample_category": "scored", "sample_number": 1, "sample_true_false": true, "oreum_id": "JJ-OREUM-143", "tile": "52SBB", "abstain_reason": null, "event_flag_frac": 0.3022}, "geometry": {"type": "Polygon", "coordinates": [[[126.29285492853133, 33.32488930212001], [126.29629527146868, 33.32488930212001], [126.29629527146868, 33.32776389787999], [126.29285492853133, 33.32776389787999], [126.29285492853133, 33.32488930212001]]]}}, {"type": "Feature", "properties": {"task_name": "JJ-OREUM-144 문석이오름 (320m)", "observation_time": "2025-06-01T00:00:00Z", "sample_category": "scored", "sample_number": 94, "sample_true_false": false, "oreum_id": "JJ-OREUM-144", "tile": "52SBC", "abstain_reason": null, "event_flag_frac": 0.0129}, "geometry": {"type": "Polygon", "coordinates": [[[126.79436413266212, 33.445891702120015], [126.79780926733788, 33.445891702120015], [126.79780926733788, 33.44876629787999], [126.79436413266212, 33.44876629787999], [126.79436413266212, 33.445891702120015]]]}}, {"type": "Feature", "properties": {"task_name": "JJ-OREUM-146 물영아리 (320m)", "observation_time": "2025-06-01T00:00:00Z", "sample_category": "abstain", "sample_number": -1, "sample_true_false": false, "oreum_id": "JJ-OREUM-146", "tile": "52SBB", "abstain_reason": "event pair unobservable: 2025", "event_flag_frac": null}, "geometry": {"type": "Polygon", "coordinates": [[[126.6903548969684, 33.36696920212001], [126.69379690303161, 33.36696920212001], [126.69379690303161, 33.36984379787999], [126.6903548969684, 33.36984379787999], [126.6903548969684, 33.36696920212001]]]}}, {"type": "Feature", "properties": {"task_name": "JJ-OREUM-147 물오름 (320m)", "observation_time": "2025-06-01T00:00:00Z", "sample_category": "abstain", "sample_number": -1, "sample_true_false": false, "oreum_id": "JJ-OREUM-147", "tile": "52SBB", "abstain_reason": "event pair unobservable: 2025", "event_flag_frac": null}, "geometry": {"type": "Polygon", "coordinates": [[[126.621886486425, 33.38266130212001], [126.625329113575, 33.38266130212001], [126.625329113575, 33.38553589787999], [126.621886486425, 33.38553589787999], [126.621886486425, 33.38266130212001]]]}}, {"type": "Feature", "properties": {"task_name": "JJ-OREUM-148 물장오리 (320m)", "observation_time": "2025-06-01T00:00:00Z", "sample_category": "abstain", "sample_number": -1, "sample_true_false": false, "oreum_id": "JJ-OREUM-148", "tile": "52SBB", "abstain_reason": "event pair unobservable: 2025", "event_flag_frac": null}, "geometry": {"type": "Polygon", "coordinates": [[[126.60506344740885, 33.404824502120015], [126.60850695259116, 33.404824502120015], [126.60850695259116, 33.40769909787999], [126.60506344740885, 33.40769909787999], [126.60506344740885, 33.404824502120015]]]}}, {"type": "Feature", "properties": {"task_name": "JJ-OREUM-149 물찻 (320m)", "observation_time": "2025-06-01T00:00:00Z", "sample_category": "abstain", "sample_number": -1, "sample_true_false": false, "oreum_id": "JJ-OREUM-149", "tile": "52SBB", "abstain_reason": "event pair unobservable: 2025", "event_flag_frac": null}, "geometry": {"type": "Polygon", "coordinates": [[[126.65114137354749, 33.393411202120014], [126.65458442645252, 33.393411202120014], [126.65458442645252, 33.39628579787999], [126.65114137354749, 33.39628579787999], [126.65114137354749, 33.393411202120014]]]}}, {"type": "Feature", "properties": {"task_name": "JJ-OREUM-153 민오름 (320m)", "observation_time": "2025-06-01T00:00:00Z", "sample_category": "abstain", "sample_number": -1, "sample_true_false": false, "oreum_id": "JJ-OREUM-153", "tile": "52SBB", "abstain_reason": "event pair unobservable: 2025", "event_flag_frac": null}, "geometry": {"type": "Polygon", "coordinates": [[[126.6751873544808, 33.34888860212001], [126.6786286455192, 33.34888860212001], [126.6786286455192, 33.35176319787999], [126.6751873544808, 33.35176319787999], [126.6751873544808, 33.34888860212001]]]}}, {"type": "Feature", "properties": {"task_name": "JJ-OREUM-154 민오름 (320m)", "observation_time": "2025-06-01T00:00:00Z", "sample_category": "scored", "sample_number": 16, "sample_true_false": true, "oreum_id": "JJ-OREUM-154", "tile": "52SBC", "abstain_reason": null, "event_flag_frac": 0.0899}, "geometry": {"type": "Polygon", "coordinates": [[[126.76114254801259, 33.435045102120014], [126.76458725198741, 33.435045102120014], [126.76458725198741, 33.43791969787999], [126.76114254801259, 33.43791969787999], [126.76114254801259, 33.435045102120014]]]}}, {"type": "Feature", "properties": {"task_name": "JJ-OREUM-155 민오름 (320m)", "observation_time": "2025-06-01T00:00:00Z", "sample_category": "scored", "sample_number": 54, "sample_true_false": true, "oreum_id": "JJ-OREUM-155", "tile": "52SBC", "abstain_reason": null, "event_flag_frac": 0.027}, "geometry": {"type": "Polygon", "coordinates": [[[126.50538237140351, 33.47413340212001], [126.50882862859648, 33.47413340212001], [126.50882862859648, 33.47700799787999], [126.50538237140351, 33.47700799787999], [126.50538237140351, 33.47413340212001]]]}}, {"type": "Feature", "properties": {"task_name": "JJ-OREUM-156 민오름 (320m)", "observation_time": "2025-06-01T00:00:00Z", "sample_category": "scored", "sample_number": 17, "sample_true_false": true, "oreum_id": "JJ-OREUM-156", "tile": "52SBC", "abstain_reason": null, "event_flag_frac": 0.0897}, "geometry": {"type": "Polygon", "coordinates": [[[126.69322821211495, 33.44692630212001], [126.69667338788506, 33.44692630212001], [126.69667338788506, 33.44980089787999], [126.69322821211495, 33.44980089787999], [126.69322821211495, 33.44692630212001]]]}}, {"type": "Feature", "properties": {"task_name": "JJ-OREUM-157 민오름(무녜오름) (320m)", "observation_time": "2025-06-01T00:00:00Z", "sample_category": "abstain", "sample_number": -1, "sample_true_false": false, "oreum_id": "JJ-OREUM-157", "tile": "52SBC", "abstain_reason": "event pair unobservable: 2025", "event_flag_frac": null}, "geometry": {"type": "Polygon", "coordinates": [[[126.63535863292121, 33.43580540212001], [126.63880336707878, 33.43580540212001], [126.63880336707878, 33.43867999787999], [126.63535863292121, 33.43867999787999], [126.63535863292121, 33.43580540212001]]]}}, {"type": "Feature", "properties": {"task_name": "JJ-OREUM-158 바농오름 (320m)", "observation_time": "2025-06-01T00:00:00Z", "sample_category": "scored", "sample_number": 61, "sample_true_false": false, "oreum_id": "JJ-OREUM-158", "tile": "52SBC", "abstain_reason": null, "event_flag_frac": 0.0228}, "geometry": {"type": "Polygon", "coordinates": [[[126.65207870456369, 33.452340902120014], [126.65552409543632, 33.452340902120014], [126.65552409543632, 33.45521549787999], [126.65207870456369, 33.45521549787999], [126.65207870456369, 33.452340902120014]]]}}, {"type": "Feature", "properties": {"task_name": "JJ-OREUM-159 큰바리메 (320m)", "observation_time": "2025-06-01T00:00:00Z", "sample_category": "abstain", "sample_number": -1, "sample_true_false": false, "oreum_id": "JJ-OREUM-159", "tile": "52SBB", "abstain_reason": "no cube", "event_flag_frac": null}, "geometry": {"type": "Polygon", "coordinates": [[[126.38632012387308, 33.37571740212001], [126.38976247612692, 33.37571740212001], [126.38976247612692, 33.37859199787999], [126.38632012387308, 33.37859199787999], [126.38632012387308, 33.37571740212001]]]}}, {"type": "Feature", "properties": {"task_name": "JJ-OREUM-160 밝은오름 (320m)", "observation_time": "2025-06-01T00:00:00Z", "sample_category": "abstain", "sample_number": -1, "sample_true_false": false, "oreum_id": "JJ-OREUM-160", "tile": "52SBB", "abstain_reason": "event pair unobservable: 2025", "event_flag_frac": null}, "geometry": {"type": "Polygon", "coordinates": [[[126.33977252288558, 33.29983170212001], [126.34321187711443, 33.29983170212001], [126.34321187711443, 33.302706297879986], [126.33977252288558, 33.302706297879986], [126.33977252288558, 33.29983170212001]]]}}, {"type": "Feature", "properties": {"task_name": "JJ-OREUM-161 밝은오름 (320m)", "observation_time": "2025-06-01T00:00:00Z", "sample_category": "scored", "sample_number": 88, "sample_true_false": false, "oreum_id": "JJ-OREUM-161", "tile": "51SYT", "abstain_reason": null, "event_flag_frac": 0.0137}, "geometry": {"type": "Polygon", "coordinates": [[[126.26436984477473, 33.35949610212001], [126.26781155522528, 33.35949610212001], [126.26781155522528, 33.36237069787999], [126.26436984477473, 33.36237069787999], [126.26436984477473, 33.35949610212001]]]}}, {"type": "Feature", "properties": {"task_name": "JJ-OREUM-162 밝은오름 (320m)", "observation_time": "2025-06-01T00:00:00Z", "sample_category": "scored", "sample_number": 12, "sample_true_false": false, "oreum_id": "JJ-OREUM-162", "tile": "52SBB", "abstain_reason": null, "event_flag_frac": 0.0986}, "geometry": {"type": "Polygon", "coordinates": [[[126.33419934056444, 33.34959270212001], [126.33764065943556, 33.34959270212001], [126.33764065943556, 33.35246729787999], [126.33419934056444, 33.35246729787999], [126.33419934056444, 33.34959270212001]]]}}, {"type": "Feature", "properties": {"task_name": "JJ-OREUM-163 밝은오름 (320m)", "observation_time": "2025-06-01T00:00:00Z", "sample_category": "abstain", "sample_number": -1, "sample_true_false": false, "oreum_id": "JJ-OREUM-163", "tile": "52SBC", "abstain_reason": "event pair unobservable: 2025", "event_flag_frac": null}, "geometry": {"type": "Polygon", "coordinates": [[[126.46301967529564, 33.43870830212001], [126.46646452470435, 33.43870830212001], [126.46646452470435, 33.44158289787999], [126.46301967529564, 33.44158289787999], [126.46301967529564, 33.43870830212001]]]}}, {"type": "Feature", "properties": {"task_name": "JJ-OREUM-164 밧돌오름 (320m)", "observation_time": "2025-06-01T00:00:00Z", "sample_category": "abstain", "sample_number": -1, "sample_true_false": false, "oreum_id": "JJ-OREUM-164", "tile": "52SBC", "abstain_reason": "event pair unobservable: 2025", "event_flag_frac": null}, "geometry": {"type": "Polygon", "coordinates": [[[126.75865796627151, 33.459301002120014], [126.76210363372847, 33.459301002120014], [126.76210363372847, 33.46217559787999], [126.75865796627151, 33.46217559787999], [126.75865796627151, 33.459301002120014]]]}}, {"type": "Feature", "properties": {"task_name": "JJ-OREUM-165 밧세미 (320m)", "observation_time": "2025-06-01T00:00:00Z", "sample_category": "scored", "sample_number": 81, "sample_true_false": true, "oreum_id": "JJ-OREUM-165", "tile": "52SBC", "abstain_reason": null, "event_flag_frac": 0.0154}, "geometry": {"type": "Polygon", "coordinates": [[[126.60138107629179, 33.463828302120014], [126.60482692370822, 33.463828302120014], [126.60482692370822, 33.46670289787999], [126.60138107629179, 33.46670289787999], [126.60138107629179, 33.463828302120014]]]}}, {"type": "Feature", "properties": {"task_name": "JJ-OREUM-167 방애오름 (320m)", "observation_time": "2025-06-01T00:00:00Z", "sample_category": "abstain", "sample_number": -1, "sample_true_false": false, "oreum_id": "JJ-OREUM-167", "tile": "52SBC", "abstain_reason": "event pair unobservable: 2025", "event_flag_frac": null}, "geometry": {"type": "Polygon", "coordinates": [[[126.6828109001808, 33.442491602120015], [126.68625589981922, 33.442491602120015], [126.68625589981922, 33.44536619787999], [126.6828109001808, 33.44536619787999], [126.6828109001808, 33.442491602120015]]]}}, {"type": "Feature", "properties": {"task_name": "JJ-OREUM-169 방주오름 (320m)", "observation_time": "2025-06-01T00:00:00Z", "sample_category": "scored", "sample_number": 125, "sample_true_false": false, "oreum_id": "JJ-OREUM-169", "tile": "51SYT", "abstain_reason": null, "event_flag_frac": 0.0047}, "geometry": {"type": "Polygon", "coordinates": [[[126.28123878398695, 33.377732702120014], [126.28468121601306, 33.377732702120014], [126.28468121601306, 33.38060729787999], [126.28123878398695, 33.38060729787999], [126.28123878398695, 33.377732702120014]]]}}, {"type": "Feature", "properties": {"task_name": "JJ-OREUM-170 백약이오름 (320m)", "observation_time": "2025-06-01T00:00:00Z", "sample_category": "scored", "sample_number": 31, "sample_true_false": false, "oreum_id": "JJ-OREUM-170", "tile": "52SBC", "abstain_reason": null, "event_flag_frac": 0.0547}, "geometry": {"type": "Polygon", "coordinates": [[[126.78731931408349, 33.43675440212001], [126.7907640859165, 33.43675440212001], [126.7907640859165, 33.439628997879986], [126.78731931408349, 33.439628997879986], [126.78731931408349, 33.43675440212001]]]}}, {"type": "Feature", "properties": {"task_name": "JJ-OREUM-171 번널오름 (320m)", "observation_time": "2025-06-01T00:00:00Z", "sample_category": "scored", "sample_number": 36, "sample_true_false": true, "oreum_id": "JJ-OREUM-171", "tile": "52SBB", "abstain_reason": null, "event_flag_frac": 0.0461}, "geometry": {"type": "Polygon", "coordinates": [[[126.74417568095124, 33.37283310212001], [126.74761791904875, 33.37283310212001], [126.74761791904875, 33.37570769787999], [126.74417568095124, 33.37570769787999], [126.74417568095124, 33.37283310212001]]]}}, {"type": "Feature", "properties": {"task_name": "JJ-OREUM-175 별도봉 (320m)", "observation_time": "2025-06-01T00:00:00Z", "sample_category": "scored", "sample_number": 151, "sample_true_false": false, "oreum_id": "JJ-OREUM-175", "tile": "52SBC", "abstain_reason": null, "event_flag_frac": 0.0}, "geometry": {"type": "Polygon", "coordinates": [[[126.55138549788909, 33.51800900212001], [126.55483350211092, 33.51800900212001], [126.55483350211092, 33.52088359787999], [126.55138549788909, 33.52088359787999], [126.55138549788909, 33.51800900212001]]]}}, {"type": "Feature", "properties": {"task_name": "JJ-OREUM-176 병곳오름 (320m)", "observation_time": "2025-06-01T00:00:00Z", "sample_category": "scored", "sample_number": 24, "sample_true_false": true, "oreum_id": "JJ-OREUM-176", "tile": "52SBB", "abstain_reason": null, "event_flag_frac": 0.0657}, "geometry": {"type": "Polygon", "coordinates": [[[126.74668402501844, 33.36555120212001], [126.75012597498157, 33.36555120212001], [126.75012597498157, 33.368425797879986], [126.74668402501844, 33.368425797879986], [126.74668402501844, 33.36555120212001]]]}}, {"type": "Feature", "properties": {"task_name": "JJ-OREUM-179 보리악 (320m)", "observation_time": "2025-06-01T00:00:00Z", "sample_category": "abstain", "sample_number": -1, "sample_true_false": false, "oreum_id": "JJ-OREUM-179", "tile": "52SBB", "abstain_reason": "event pair unobservable: 2025", "event_flag_frac": null}, "geometry": {"type": "Polygon", "coordinates": [[[126.59939791978894, 33.34558400212001], [126.60283908021106, 33.34558400212001], [126.60283908021106, 33.34845859787999], [126.59939791978894, 33.34845859787999], [126.59939791978894, 33.34558400212001]]]}}, {"type": "Feature", "properties": {"task_name": "JJ-OREUM-180 본지오름 (320m)", "observation_time": "2025-06-01T00:00:00Z", "sample_category": "scored", "sample_number": 9, "sample_true_false": false, "oreum_id": "JJ-OREUM-180", "tile": "52SBB", "abstain_reason": null, "event_flag_frac": 0.113}, "geometry": {"type": "Polygon", "coordinates": [[[126.82056192628366, 33.38569890212001], [126.82400467371633, 33.38569890212001], [126.82400467371633, 33.38857349787999], [126.82056192628366, 33.38857349787999], [126.82056192628366, 33.38569890212001]]]}}, {"type": "Feature", "properties": {"task_name": "JJ-OREUM-181 볼레오름 (320m)", "observation_time": "2025-06-01T00:00:00Z", "sample_category": "scored", "sample_number": 51, "sample_true_false": true, "oreum_id": "JJ-OREUM-181", "tile": "52SBC", "abstain_reason": null, "event_flag_frac": 0.0322}, "geometry": {"type": "Polygon", "coordinates": [[[126.48327289964857, 33.35166270212001], [126.48671430035142, 33.35166270212001], [126.48671430035142, 33.354537297879986], [126.48327289964857, 33.354537297879986], [126.48327289964857, 33.35166270212001]]]}}, {"type": "Feature", "properties": {"task_name": "JJ-OREUM-183 부대악 (320m)", "observation_time": "2025-06-01T00:00:00Z", "sample_category": "abstain", "sample_number": -1, "sample_true_false": false, "oreum_id": "JJ-OREUM-183", "tile": "52SBC", "abstain_reason": "event pair unobservable: 2025", "event_flag_frac": null}, "geometry": {"type": "Polygon", "coordinates": [[[126.70722555470957, 33.44478150212001], [126.71067064529043, 33.44478150212001], [126.71067064529043, 33.447656097879985], [126.70722555470957, 33.447656097879985], [126.70722555470957, 33.44478150212001]]]}}, {"type": "Feature", "properties": {"task_name": "JJ-OREUM-184 부소악 (320m)", "observation_time": "2025-06-01T00:00:00Z", "sample_category": "abstain", "sample_number": -1, "sample_true_false": false, "oreum_id": "JJ-OREUM-184", "tile": "52SBC", "abstain_reason": "event pair unobservable: 2025", "event_flag_frac": null}, "geometry": {"type": "Polygon", "coordinates": [[[126.71598273358543, 33.440809202120015], [126.71942766641456, 33.440809202120015], [126.71942766641456, 33.44368379787999], [126.71598273358543, 33.44368379787999], [126.71598273358543, 33.440809202120015]]]}}, {"type": "Feature", "properties": {"task_name": "JJ-OREUM-187 북오름 (320m)", "observation_time": "2025-06-01T00:00:00Z", "sample_category": "abstain", "sample_number": -1, "sample_true_false": false, "oreum_id": "JJ-OREUM-187", "tile": "52SBB", "abstain_reason": "event pair unobservable: 2025", "event_flag_frac": null}, "geometry": {"type": "Polygon", "coordinates": [[[126.33028552647215, 33.30472110212001], [126.33372507352786, 33.30472110212001], [126.33372507352786, 33.30759569787999], [126.33028552647215, 33.30759569787999], [126.33028552647215, 33.30472110212001]]]}}, {"type": "Feature", "properties": {"task_name": "JJ-OREUM-188 북오름 (320m)", "observation_time": "2025-06-01T00:00:00Z", "sample_category": "scored", "sample_number": 29, "sample_true_false": true, "oreum_id": "JJ-OREUM-188", "tile": "52SBC", "abstain_reason": null, "event_flag_frac": 0.0603}, "geometry": {"type": "Polygon", "coordinates": [[[126.7384679380659, 33.48586300212001], [126.74191466193412, 33.48586300212001], [126.74191466193412, 33.48873759787999], [126.7384679380659, 33.48873759787999], [126.7384679380659, 33.48586300212001]]]}}, {"type": "Feature", "properties": {"task_name": "JJ-OREUM-189 불칸디오름 (320m)", "observation_time": "2025-06-01T00:00:00Z", "sample_category": "abstain", "sample_number": -1, "sample_true_false": false, "oreum_id": "JJ-OREUM-189", "tile": "52SBB", "abstain_reason": "event pair unobservable: 2025, 2026", "event_flag_frac": null}, "geometry": {"type": "Polygon", "coordinates": [[[126.59088712893933, 33.39566310212001], [126.59433027106067, 33.39566310212001], [126.59433027106067, 33.39853769787999], [126.59088712893933, 33.39853769787999], [126.59088712893933, 33.39566310212001]]]}}, {"type": "Feature", "properties": {"task_name": "JJ-OREUM-190 붉은오름 (320m)", "observation_time": "2025-06-01T00:00:00Z", "sample_category": "scored", "sample_number": 110, "sample_true_false": false, "oreum_id": "JJ-OREUM-190", "tile": "52SCC", "abstain_reason": null, "event_flag_frac": 0.0066}, "geometry": {"type": "Polygon", "coordinates": [[[126.93191672758672, 33.42599600212001], [126.93536107241329, 33.42599600212001], [126.93536107241329, 33.428870597879985], [126.93191672758672, 33.428870597879985], [126.93191672758672, 33.42599600212001]]]}}, {"type": "Feature", "properties": {"task_name": "JJ-OREUM-191 붉은오름 (320m)", "observation_time": "2025-06-01T00:00:00Z", "sample_category": "abstain", "sample_number": -1, "sample_true_false": false, "oreum_id": "JJ-OREUM-191", "tile": "52SBB", "abstain_reason": "event pair unobservable: 2025", "event_flag_frac": null}, "geometry": {"type": "Polygon", "coordinates": [[[126.67816067680337, 33.39829470212001], [126.68160392319663, 33.39829470212001], [126.68160392319663, 33.40116929787999], [126.67816067680337, 33.40116929787999], [126.67816067680337, 33.39829470212001]]]}}, {"type": "Feature", "properties": {"task_name": "JJ-OREUM-193 비양봉 (320m)", "observation_time": "2025-06-01T00:00:00Z", "sample_category": "scored", "sample_number": 152, "sample_true_false": false, "oreum_id": "JJ-OREUM-193", "tile": "51SYT", "abstain_reason": null, "event_flag_frac": 0.0}, "geometry": {"type": "Polygon", "coordinates": [[[126.22515068294567, 33.408076802120014], [126.22859431705433, 33.408076802120014], [126.22859431705433, 33.41095139787999], [126.22515068294567, 33.41095139787999], [126.22515068294567, 33.408076802120014]]]}}, {"type": "Feature", "properties": {"task_name": "JJ-OREUM-194 비치미 (320m)", "observation_time": "2025-06-01T00:00:00Z", "sample_category": "scored", "sample_number": 55, "sample_true_false": true, "oreum_id": "JJ-OREUM-194", "tile": "52SBC", "abstain_reason": null, "event_flag_frac": 0.0269}, "geometry": {"type": "Polygon", "coordinates": [[[126.76138382825731, 33.42596220212001], [126.76482817174268, 33.42596220212001], [126.76482817174268, 33.42883679787999], [126.76138382825731, 33.42883679787999], [126.76138382825731, 33.42596220212001]]]}}, {"type": "Feature", "properties": {"task_name": "JJ-OREUM-195 빈네오름 (320m)", "observation_time": "2025-06-01T00:00:00Z", "sample_category": "scored", "sample_number": 102, "sample_true_false": true, "oreum_id": "JJ-OREUM-195", "tile": "52SBC", "abstain_reason": null, "event_flag_frac": 0.0096}, "geometry": {"type": "Polygon", "coordinates": [[[126.3922811772705, 33.34773550212001], [126.39572242272949, 33.34773550212001], [126.39572242272949, 33.350610097879986], [126.3922811772705, 33.350610097879986], [126.3922811772705, 33.34773550212001]]]}}, {"type": "Feature", "properties": {"task_name": "JJ-OREUM-196 사라봉 (320m)", "observation_time": "2025-06-01T00:00:00Z", "sample_category": "scored", "sample_number": 143, "sample_true_false": false, "oreum_id": "JJ-OREUM-196", "tile": "52SBC", "abstain_reason": null, "event_flag_frac": 0.0015}, "geometry": {"type": "Polygon", "coordinates": [[[126.54307622456916, 33.51667030212001], [126.54652417543083, 33.51667030212001], [126.54652417543083, 33.51954489787999], [126.54307622456916, 33.51954489787999], [126.54307622456916, 33.51667030212001]]]}}, {"type": "Feature", "properties": {"task_name": "JJ-OREUM-197 사라오름 (320m)", "observation_time": "2025-06-01T00:00:00Z", "sample_category": "abstain", "sample_number": -1, "sample_true_false": false, "oreum_id": "JJ-OREUM-197", "tile": "52SBB", "abstain_reason": "event pair unobservable: 2025", "event_flag_frac": null}, "geometry": {"type": "Polygon", "coordinates": [[[126.56925552777052, 33.370466902120015], [126.57269767222947, 33.370466902120015], [126.57269767222947, 33.37334149787999], [126.56925552777052, 33.37334149787999], [126.56925552777052, 33.370466902120015]]]}}, {"type": "Feature", "properties": {"task_name": "JJ-OREUM-198 사려니 (320m)", "observation_time": "2025-06-01T00:00:00Z", "sample_category": "abstain", "sample_number": -1, "sample_true_false": false, "oreum_id": "JJ-OREUM-198", "tile": "52SBB", "abstain_reason": "event pair unobservable: 2025", "event_flag_frac": null}, "geometry": {"type": "Polygon", "coordinates": [[[126.64430155064187, 33.33896120212001], [126.64774244935813, 33.33896120212001], [126.64774244935813, 33.34183579787999], [126.64430155064187, 33.34183579787999], [126.64430155064187, 33.33896120212001]]]}}, {"type": "Feature", "properties": {"task_name": "JJ-OREUM-199 사려니 남서쪽 (320m)", "observation_time": "2025-06-01T00:00:00Z", "sample_category": "abstain", "sample_number": -1, "sample_true_false": false, "oreum_id": "JJ-OREUM-199", "tile": "52SBB", "abstain_reason": "event pair unobservable: 2025", "event_flag_frac": null}, "geometry": {"type": "Polygon", "coordinates": [[[126.63776014633136, 33.33917940212001], [126.64120105366864, 33.33917940212001], [126.64120105366864, 33.34205399787999], [126.63776014633136, 33.34205399787999], [126.63776014633136, 33.33917940212001]]]}}, {"type": "Feature", "properties": {"task_name": "JJ-OREUM-200 사제비동산 (320m)", "observation_time": "2025-06-01T00:00:00Z", "sample_category": "scored", "sample_number": 46, "sample_true_false": true, "oreum_id": "JJ-OREUM-200", "tile": "52SBC", "abstain_reason": null, "event_flag_frac": 0.0365}, "geometry": {"type": "Polygon", "coordinates": [[[126.49564286893194, 33.37344050212001], [126.49908513106807, 33.37344050212001], [126.49908513106807, 33.37631509787999], [126.49564286893194, 33.37631509787999], [126.49564286893194, 33.37344050212001]]]}}, {"type": "Feature", "properties": {"task_name": "JJ-OREUM-203 산세미오름 (320m)", "observation_time": "2025-06-01T00:00:00Z", "sample_category": "abstain", "sample_number": -1, "sample_true_false": false, "oreum_id": "JJ-OREUM-203", "tile": "52SBB", "abstain_reason": "event pair unobservable: 2025", "event_flag_frac": null}, "geometry": {"type": "Polygon", "coordinates": [[[126.43239009901338, 33.40726620212001], [126.43583370098663, 33.40726620212001], [126.43583370098663, 33.41014079787999], [126.43239009901338, 33.41014079787999], [126.43239009901338, 33.40726620212001]]]}}, {"type": "Feature", "properties": {"task_name": "JJ-OREUM-204 살핀오름 (320m)", "observation_time": "2025-06-01T00:00:00Z", "sample_category": "scored", "sample_number": 67, "sample_true_false": true, "oreum_id": "JJ-OREUM-204", "tile": "52SBC", "abstain_reason": null, "event_flag_frac": 0.0199}, "geometry": {"type": "Polygon", "coordinates": [[[126.46044600730639, 33.366446602120014], [126.4638879926936, 33.366446602120014], [126.4638879926936, 33.36932119787999], [126.46044600730639, 33.36932119787999], [126.46044600730639, 33.366446602120014]]]}}, {"type": "Feature", "properties": {"task_name": "JJ-OREUM-205 삼각봉 (320m)", "observation_time": "2025-06-01T00:00:00Z", "sample_category": "abstain", "sample_number": -1, "sample_true_false": false, "oreum_id": "JJ-OREUM-205", "tile": "52SBC", "abstain_reason": "no cube", "event_flag_frac": null}, "geometry": {"type": "Polygon", "coordinates": [[[126.52485040308731, 33.37171440212001], [126.52829259691269, 33.37171440212001], [126.52829259691269, 33.37458899787999], [126.52485040308731, 33.37458899787999], [126.52485040308731, 33.37171440212001]]]}}, {"type": "Feature", "properties": {"task_name": "JJ-OREUM-206 삼매봉 (320m)", "observation_time": "2025-06-01T00:00:00Z", "sample_category": "scored", "sample_number": 153, "sample_true_false": false, "oreum_id": "JJ-OREUM-206", "tile": "52SBB", "abstain_reason": null, "event_flag_frac": 0.0}, "geometry": {"type": "Polygon", "coordinates": [[[126.54453335202626, 33.242481502120015], [126.54797044797374, 33.242481502120015], [126.54797044797374, 33.24535609787999], [126.54453335202626, 33.24535609787999], [126.54453335202626, 33.242481502120015]]]}}, {"type": "Feature", "properties": {"task_name": "JJ-OREUM-211 삼형제큰오름 (320m)", "observation_time": "2025-06-01T00:00:00Z", "sample_category": "scored", "sample_number": 68, "sample_true_false": true, "oreum_id": "JJ-OREUM-211", "tile": "52SBC", "abstain_reason": null, "event_flag_frac": 0.0198}, "geometry": {"type": "Polygon", "coordinates": [[[126.45842040949832, 33.35622280212001], [126.46186199050167, 33.35622280212001], [126.46186199050167, 33.359097397879985], [126.45842040949832, 33.359097397879985], [126.45842040949832, 33.35622280212001]]]}}, {"type": "Feature", "properties": {"task_name": "JJ-OREUM-212 상여오름 (320m)", "observation_time": "2025-06-01T00:00:00Z", "sample_category": "scored", "sample_number": 104, "sample_true_false": true, "oreum_id": "JJ-OREUM-212", "tile": "52SBC", "abstain_reason": null, "event_flag_frac": 0.0078}, "geometry": {"type": "Polygon", "coordinates": [[[126.48997906749207, 33.464271002120014], [126.49342493250793, 33.464271002120014], [126.49342493250793, 33.46714559787999], [126.48997906749207, 33.46714559787999], [126.48997906749207, 33.464271002120014]]]}}, {"type": "Feature", "properties": {"task_name": "JJ-OREUM-213 새끼오름 (320m)", "observation_time": "2025-06-01T00:00:00Z", "sample_category": "scored", "sample_number": 37, "sample_true_false": true, "oreum_id": "JJ-OREUM-213", "tile": "52SBB", "abstain_reason": null, "event_flag_frac": 0.045}, "geometry": {"type": "Polygon", "coordinates": [[[126.74920543921476, 33.39514440212001], [126.75264856078525, 33.39514440212001], [126.75264856078525, 33.39801899787999], [126.74920543921476, 33.39801899787999], [126.74920543921476, 33.39514440212001]]]}}, {"type": "Feature", "properties": {"task_name": "JJ-OREUM-214 새별오름 (320m)", "observation_time": "2025-06-01T00:00:00Z", "sample_category": "scored", "sample_number": 33, "sample_true_false": true, "oreum_id": "JJ-OREUM-214", "tile": "52SBB", "abstain_reason": null, "event_flag_frac": 0.0528}, "geometry": {"type": "Polygon", "coordinates": [[[126.35596733953129, 33.36481750212001], [126.35940926046872, 33.36481750212001], [126.35940926046872, 33.36769209787999], [126.35596733953129, 33.36769209787999], [126.35596733953129, 33.36481750212001]]]}}, {"type": "Feature", "properties": {"task_name": "JJ-OREUM-215 새신오름 (320m)", "observation_time": "2025-06-01T00:00:00Z", "sample_category": "scored", "sample_number": 8, "sample_true_false": true, "oreum_id": "JJ-OREUM-215", "tile": "52SBB", "abstain_reason": null, "event_flag_frac": 0.1165}, "geometry": {"type": "Polygon", "coordinates": [[[126.23594309166256, 33.29634310212001], [126.23938230833744, 33.29634310212001], [126.23938230833744, 33.29921769787999], [126.23594309166256, 33.29921769787999], [126.23594309166256, 33.29634310212001]]]}}, {"type": "Feature", "properties": {"task_name": "JJ-OREUM-218 샛오름 (320m)", "observation_time": "2025-06-01T00:00:00Z", "sample_category": "scored", "sample_number": 144, "sample_true_false": false, "oreum_id": "JJ-OREUM-218", "tile": "51SYT", "abstain_reason": null, "event_flag_frac": 0.0015}, "geometry": {"type": "Polygon", "coordinates": [[[126.31562332633484, 33.446210302120015], [126.31906847366517, 33.446210302120015], [126.31906847366517, 33.44908489787999], [126.31562332633484, 33.44908489787999], [126.31562332633484, 33.446210302120015]]]}}, {"type": "Feature", "properties": {"task_name": "JJ-OREUM-220 서삼봉 (320m)", "observation_time": "2025-06-01T00:00:00Z", "sample_category": "abstain", "sample_number": -1, "sample_true_false": false, "oreum_id": "JJ-OREUM-220", "tile": "52SBC", "abstain_reason": "no cube", "event_flag_frac": null}, "geometry": {"type": "Polygon", "coordinates": [[[126.551417765812, 33.43918600212001], [126.554862634188, 33.43918600212001], [126.554862634188, 33.44206059787999], [126.551417765812, 33.44206059787999], [126.551417765812, 33.43918600212001]]]}}, {"type": "Feature", "properties": {"task_name": "JJ-OREUM-222 서우봉 (320m)", "observation_time": "2025-06-01T00:00:00Z", "sample_category": "scored", "sample_number": 130, "sample_true_false": false, "oreum_id": "JJ-OREUM-222", "tile": "52SBC", "abstain_reason": null, "event_flag_frac": 0.0043}, "geometry": {"type": "Polygon", "coordinates": [[[126.67585797141197, 33.544407402120015], [126.67930702858803, 33.544407402120015], [126.67930702858803, 33.54728199787999], [126.67585797141197, 33.54728199787999], [126.67585797141197, 33.544407402120015]]]}}, {"type": "Feature", "properties": {"task_name": "JJ-OREUM-223 선소오름 (320m)", "observation_time": "2025-06-01T00:00:00Z", "sample_category": "scored", "sample_number": 103, "sample_true_false": false, "oreum_id": "JJ-OREUM-223", "tile": "51SYT", "abstain_reason": null, "event_flag_frac": 0.0085}, "geometry": {"type": "Polygon", "coordinates": [[[126.28699040520053, 33.37160760212001], [126.29043259479948, 33.37160760212001], [126.29043259479948, 33.374482197879985], [126.28699040520053, 33.374482197879985], [126.28699040520053, 33.37160760212001]]]}}, {"type": "Feature", "properties": {"task_name": "JJ-OREUM-225 설오름 (320m)", "observation_time": "2025-06-01T00:00:00Z", "sample_category": "scored", "sample_number": 20, "sample_true_false": true, "oreum_id": "JJ-OREUM-225", "tile": "52SBB", "abstain_reason": null, "event_flag_frac": 0.0735}, "geometry": {"type": "Polygon", "coordinates": [[[126.76781834440189, 33.36962630212001], [126.77126045559811, 33.36962630212001], [126.77126045559811, 33.37250089787999], [126.76781834440189, 33.37250089787999], [126.76781834440189, 33.36962630212001]]]}}, {"type": "Feature", "properties": {"task_name": "JJ-OREUM-227 섯알오름 (320m)", "observation_time": "2025-06-01T00:00:00Z", "sample_category": "scored", "sample_number": 126, "sample_true_false": false, "oreum_id": "JJ-OREUM-227", "tile": "51SYS", "abstain_reason": null, "event_flag_frac": 0.0047}, "geometry": {"type": "Polygon", "coordinates": [[[126.27950248720722, 33.20505320212001], [126.28293811279278, 33.20505320212001], [126.28293811279278, 33.20792779787999], [126.27950248720722, 33.20792779787999], [126.27950248720722, 33.20505320212001]]]}}, {"type": "Feature", "properties": {"task_name": "JJ-OREUM-228 성널오름 (320m)", "observation_time": "2025-06-01T00:00:00Z", "sample_category": "abstain", "sample_number": -1, "sample_true_false": false, "oreum_id": "JJ-OREUM-228", "tile": "52SBB", "abstain_reason": "event pair unobservable: 2025", "event_flag_frac": null}, "geometry": {"type": "Polygon", "coordinates": [[[126.59013858435672, 33.37266100212001], [126.59358081564328, 33.37266100212001], [126.59358081564328, 33.37553559787999], [126.59013858435672, 33.37553559787999], [126.59013858435672, 33.37266100212001]]]}}, {"type": "Feature", "properties": {"task_name": "JJ-OREUM-229 성불오름 (320m)", "observation_time": "2025-06-01T00:00:00Z", "sample_category": "scored", "sample_number": 75, "sample_true_false": false, "oreum_id": "JJ-OREUM-229", "tile": "52SBC", "abstain_reason": null, "event_flag_frac": 0.0178}, "geometry": {"type": "Polygon", "coordinates": [[[126.74740652656806, 33.421006402120014], [126.75085067343196, 33.421006402120014], [126.75085067343196, 33.42388099787999], [126.74740652656806, 33.42388099787999], [126.74740652656806, 33.421006402120014]]]}}, {"type": "Feature", "properties": {"task_name": "JJ-OREUM-230 성산일출봉 (320m)", "observation_time": "2025-06-01T00:00:00Z", "sample_category": "scored", "sample_number": 140, "sample_true_false": false, "oreum_id": "JJ-OREUM-230", "tile": "52SCC", "abstain_reason": null, "event_flag_frac": 0.002}, "geometry": {"type": "Polygon", "coordinates": [[[126.93909500301845, 33.45745180212001], [126.94254059698156, 33.45745180212001], [126.94254059698156, 33.46032639787999], [126.93909500301845, 33.46032639787999], [126.93909500301845, 33.45745180212001]]]}}, {"type": "Feature", "properties": {"task_name": "JJ-OREUM-231 성진이오름 (320m)", "observation_time": "2025-06-01T00:00:00Z", "sample_category": "abstain", "sample_number": -1, "sample_true_false": false, "oreum_id": "JJ-OREUM-231", "tile": "52SBC", "abstain_reason": "event pair unobservable: 2025", "event_flag_frac": null}, "geometry": {"type": "Polygon", "coordinates": [[[126.6091285786139, 33.41838230212001], [126.61257262138611, 33.41838230212001], [126.61257262138611, 33.421256897879985], [126.6091285786139, 33.421256897879985], [126.6091285786139, 33.41838230212001]]]}}, {"type": "Feature", "properties": {"task_name": "JJ-OREUM-232 세미소 (320m)", "observation_time": "2025-06-01T00:00:00Z", "sample_category": "scored", "sample_number": 4, "sample_true_false": true, "oreum_id": "JJ-OREUM-232", "tile": "52SBB", "abstain_reason": null, "event_flag_frac": 0.1843}, "geometry": {"type": "Polygon", "coordinates": [[[126.32160156185485, 33.34851550212001], [126.32504283814517, 33.34851550212001], [126.32504283814517, 33.351390097879985], [126.32160156185485, 33.351390097879985], [126.32160156185485, 33.34851550212001]]]}}, {"type": "Feature", "properties": {"task_name": "JJ-OREUM-234 세미오름 (320m)", "observation_time": "2025-06-01T00:00:00Z", "sample_category": "scored", "sample_number": 63, "sample_true_false": false, "oreum_id": "JJ-OREUM-234", "tile": "52SBC", "abstain_reason": null, "event_flag_frac": 0.0227}, "geometry": {"type": "Polygon", "coordinates": [[[126.66770120224355, 33.47258260212001], [126.67114739775646, 33.47258260212001], [126.67114739775646, 33.47545719787999], [126.66770120224355, 33.47545719787999], [126.66770120224355, 33.47258260212001]]]}}, {"type": "Feature", "properties": {"task_name": "JJ-OREUM-235 소록산 (320m)", "observation_time": "2025-06-01T00:00:00Z", "sample_category": "scored", "sample_number": 52, "sample_true_false": false, "oreum_id": "JJ-OREUM-235", "tile": "52SBC", "abstain_reason": null, "event_flag_frac": 0.029}, "geometry": {"type": "Polygon", "coordinates": [[[126.721121062209, 33.399031302120015], [126.72456433779101, 33.399031302120015], [126.72456433779101, 33.40190589787999], [126.721121062209, 33.40190589787999], [126.721121062209, 33.399031302120015]]]}}, {"type": "Feature", "properties": {"task_name": "JJ-OREUM-236 소병악 (320m)", "observation_time": "2025-06-01T00:00:00Z", "sample_category": "abstain", "sample_number": -1, "sample_true_false": false, "oreum_id": "JJ-OREUM-236", "tile": "52SBB", "abstain_reason": "event pair unobservable: 2025", "event_flag_frac": null}, "geometry": {"type": "Polygon", "coordinates": [[[126.37258678323292, 33.30691350212001], [126.37602641676708, 33.30691350212001], [126.37602641676708, 33.30978809787999], [126.37258678323292, 33.30978809787999], [126.37258678323292, 33.30691350212001]]]}}, {"type": "Feature", "properties": {"task_name": "JJ-OREUM-237 소산오름 (320m)", "observation_time": "2025-06-01T00:00:00Z", "sample_category": "scored", "sample_number": 57, "sample_true_false": true, "oreum_id": "JJ-OREUM-237", "tile": "52SBC", "abstain_reason": null, "event_flag_frac": 0.0263}, "geometry": {"type": "Polygon", "coordinates": [[[126.55190715773597, 33.44462910212001], [126.55535224226404, 33.44462910212001], [126.55535224226404, 33.44750369787999], [126.55190715773597, 33.44750369787999], [126.55190715773597, 33.44462910212001]]]}}, {"type": "Feature", "properties": {"task_name": "JJ-OREUM-238 소소름 (320m)", "observation_time": "2025-06-01T00:00:00Z", "sample_category": "scored", "sample_number": 21, "sample_true_false": true, "oreum_id": "JJ-OREUM-238", "tile": "52SBB", "abstain_reason": null, "event_flag_frac": 0.0706}, "geometry": {"type": "Polygon", "coordinates": [[[126.75364477596406, 33.34274110212001], [126.75708582403593, 33.34274110212001], [126.75708582403593, 33.345615697879985], [126.75364477596406, 33.345615697879985], [126.75364477596406, 33.34274110212001]]]}}, {"type": "Feature", "properties": {"task_name": "JJ-OREUM-239 소수산봉 (320m)", "observation_time": "2025-06-01T00:00:00Z", "sample_category": "scored", "sample_number": 147, "sample_true_false": true, "oreum_id": "JJ-OREUM-239", "tile": "52SBC", "abstain_reason": null, "event_flag_frac": 0.0011}, "geometry": {"type": "Polygon", "coordinates": [[[126.9104943424251, 33.435326602120014], [126.91393905757491, 33.435326602120014], [126.91393905757491, 33.43820119787999], [126.9104943424251, 33.43820119787999], [126.9104943424251, 33.435326602120014]]]}}, {"type": "Feature", "properties": {"task_name": "JJ-OREUM-240 소왕산 (320m)", "observation_time": "2025-06-01T00:00:00Z", "sample_category": "scored", "sample_number": 105, "sample_true_false": true, "oreum_id": "JJ-OREUM-240", "tile": "52SBC", "abstain_reason": null, "event_flag_frac": 0.0076}, "geometry": {"type": "Polygon", "coordinates": [[[126.87509509512891, 33.46288060212001], [126.87854090487109, 33.46288060212001], [126.87854090487109, 33.465755197879986], [126.87509509512891, 33.465755197879986], [126.87509509512891, 33.46288060212001]]]}}, {"type": "Feature", "properties": {"task_name": "JJ-OREUM-241 손자봉 (320m)", "observation_time": "2025-06-01T00:00:00Z", "sample_category": "scored", "sample_number": 85, "sample_true_false": false, "oreum_id": "JJ-OREUM-241", "tile": "52SBC", "abstain_reason": null, "event_flag_frac": 0.0141}, "geometry": {"type": "Polygon", "coordinates": [[[126.8176910754532, 33.45380620212001], [126.82113652454682, 33.45380620212001], [126.82113652454682, 33.45668079787999], [126.8176910754532, 33.45668079787999], [126.8176910754532, 33.45380620212001]]]}}, {"type": "Feature", "properties": {"task_name": "JJ-OREUM-242 송아오름 (320m)", "observation_time": "2025-06-01T00:00:00Z", "sample_category": "scored", "sample_number": 119, "sample_true_false": false, "oreum_id": "JJ-OREUM-242", "tile": "51SYT", "abstain_reason": null, "event_flag_frac": 0.0051}, "geometry": {"type": "Polygon", "coordinates": [[[126.23429650235, 33.326215502120014], [126.23773689764998, 33.326215502120014], [126.23773689764998, 33.32909009787999], [126.23429650235, 33.32909009787999], [126.23429650235, 33.326215502120014]]]}}, {"type": "Feature", "properties": {"task_name": "JJ-OREUM-243 송악산 (320m)", "observation_time": "2025-06-01T00:00:00Z", "sample_category": "scored", "sample_number": 145, "sample_true_false": false, "oreum_id": "JJ-OREUM-243", "tile": "51SYS", "abstain_reason": null, "event_flag_frac": 0.0012}, "geometry": {"type": "Polygon", "coordinates": [[[126.2880724325801, 33.197644002120015], [126.29150776741992, 33.197644002120015], [126.29150776741992, 33.20051859787999], [126.2880724325801, 33.20051859787999], [126.2880724325801, 33.197644002120015]]]}}, {"type": "Feature", "properties": {"task_name": "JJ-OREUM-245 수악 (320m)", "observation_time": "2025-06-01T00:00:00Z", "sample_category": "abstain", "sample_number": -1, "sample_true_false": false, "oreum_id": "JJ-OREUM-245", "tile": "52SBB", "abstain_reason": "event pair unobservable: 2025, 2026", "event_flag_frac": null}, "geometry": {"type": "Polygon", "coordinates": [[[126.60773066219218, 33.32318410212001], [126.61117093780783, 33.32318410212001], [126.61117093780783, 33.326058697879986], [126.60773066219218, 33.326058697879986], [126.60773066219218, 33.32318410212001]]]}}, {"type": "Feature", "properties": {"task_name": "JJ-OREUM-246 수월봉 (320m)", "observation_time": "2025-06-01T00:00:00Z", "sample_category": "scored", "sample_number": 48, "sample_true_false": true, "oreum_id": "JJ-OREUM-246", "tile": "51SYS", "abstain_reason": null, "event_flag_frac": 0.0334}, "geometry": {"type": "Polygon", "coordinates": [[[126.16152155501338, 33.293129202120014], [126.1649606449866, 33.293129202120014], [126.1649606449866, 33.29600379787999], [126.16152155501338, 33.29600379787999], [126.16152155501338, 33.293129202120014]]]}}, {"type": "Feature", "properties": {"task_name": "JJ-OREUM-248 시오름 (320m)", "observation_time": "2025-06-01T00:00:00Z", "sample_category": "abstain", "sample_number": -1, "sample_true_false": false, "oreum_id": "JJ-OREUM-248", "tile": "52SBB", "abstain_reason": "event pair unobservable: 2025, 2026", "event_flag_frac": null}, "geometry": {"type": "Polygon", "coordinates": [[[126.51516952524746, 33.304783202120014], [126.51860907475255, 33.304783202120014], [126.51860907475255, 33.30765779787999], [126.51516952524746, 33.30765779787999], [126.51516952524746, 33.304783202120014]]]}}, {"type": "Feature", "properties": {"task_name": "JJ-OREUM-249 식산봉 (320m)", "observation_time": "2025-06-01T00:00:00Z", "sample_category": "scored", "sample_number": 136, "sample_true_false": true, "oreum_id": "JJ-OREUM-249", "tile": "52SCC", "abstain_reason": null, "event_flag_frac": 0.0025}, "geometry": {"type": "Polygon", "coordinates": [[[126.91816526768886, 33.46426110212001], [126.92161113231114, 33.46426110212001], [126.92161113231114, 33.46713569787999], [126.91816526768886, 33.46713569787999], [126.91816526768886, 33.46426110212001]]]}}, {"type": "Feature", "properties": {"task_name": "JJ-OREUM-251 신산오름 (320m)", "observation_time": "2025-06-01T00:00:00Z", "sample_category": "scored", "sample_number": 58, "sample_true_false": true, "oreum_id": "JJ-OREUM-251", "tile": "52SBB", "abstain_reason": null, "event_flag_frac": 0.0257}, "geometry": {"type": "Polygon", "coordinates": [[[126.36069687092949, 33.26185600212001], [126.3641347290705, 33.26185600212001], [126.3641347290705, 33.26473059787999], [126.36069687092949, 33.26473059787999], [126.36069687092949, 33.26185600212001]]]}}, {"type": "Feature", "properties": {"task_name": "JJ-OREUM-254 아끈다랑쉬 (320m)", "observation_time": "2025-06-01T00:00:00Z", "sample_category": "abstain", "sample_number": -1, "sample_true_false": false, "oreum_id": "JJ-OREUM-254", "tile": "52SBC", "abstain_reason": "event pair unobservable: 2025", "event_flag_frac": null}, "geometry": {"type": "Polygon", "coordinates": [[[126.8297712898068, 33.47320800212001], [126.8332175101932, 33.47320800212001], [126.8332175101932, 33.47608259787999], [126.8297712898068, 33.47608259787999], [126.8297712898068, 33.47320800212001]]]}}, {"type": "Feature", "properties": {"task_name": "JJ-OREUM-255 아부오름 (320m)", "observation_time": "2025-06-01T00:00:00Z", "sample_category": "scored", "sample_number": 50, "sample_true_false": true, "oreum_id": "JJ-OREUM-255", "tile": "52SBC", "abstain_reason": null, "event_flag_frac": 0.0325}, "geometry": {"type": "Polygon", "coordinates": [[[126.77795722797923, 33.446127502120014], [126.78140237202076, 33.446127502120014], [126.78140237202076, 33.44900209787999], [126.77795722797923, 33.44900209787999], [126.77795722797923, 33.446127502120014]]]}}, {"type": "Feature", "properties": {"task_name": "JJ-OREUM-257 안돌오름 (320m)", "observation_time": "2025-06-01T00:00:00Z", "sample_category": "abstain", "sample_number": -1, "sample_true_false": false, "oreum_id": "JJ-OREUM-257", "tile": "52SBC", "abstain_reason": "event pair unobservable: 2025", "event_flag_frac": null}, "geometry": {"type": "Polygon", "coordinates": [[[126.75410902745689, 33.456221902120014], [126.7575545725431, 33.456221902120014], [126.7575545725431, 33.45909649787999], [126.75410902745689, 33.45909649787999], [126.75410902745689, 33.456221902120014]]]}}, {"type": "Feature", "properties": {"task_name": "JJ-OREUM-258 안세미 (320m)", "observation_time": "2025-06-01T00:00:00Z", "sample_category": "scored", "sample_number": 78, "sample_true_false": true, "oreum_id": "JJ-OREUM-258", "tile": "52SBC", "abstain_reason": null, "event_flag_frac": 0.0173}, "geometry": {"type": "Polygon", "coordinates": [[[126.60554163378622, 33.46596660212001], [126.60898756621377, 33.46596660212001], [126.60898756621377, 33.46884119787999], [126.60554163378622, 33.46884119787999], [126.60554163378622, 33.46596660212001]]]}}, {"type": "Feature", "properties": {"task_name": "JJ-OREUM-260 안천이오름 (320m)", "observation_time": "2025-06-01T00:00:00Z", "sample_category": "abstain", "sample_number": -1, "sample_true_false": false, "oreum_id": "JJ-OREUM-260", "tile": "52SBB", "abstain_reason": "no cube", "event_flag_frac": null}, "geometry": {"type": "Polygon", "coordinates": [[[126.40865122284984, 33.370715602120015], [126.41209337715017, 33.370715602120015], [126.41209337715017, 33.37359019787999], [126.40865122284984, 33.37359019787999], [126.40865122284984, 33.370715602120015]]]}}, {"type": "Feature", "properties": {"task_name": "JJ-OREUM-261 안친오름 (320m)", "observation_time": "2025-06-01T00:00:00Z", "sample_category": "abstain", "sample_number": -1, "sample_true_false": false, "oreum_id": "JJ-OREUM-261", "tile": "52SBC", "abstain_reason": "event pair unobservable: 2025", "event_flag_frac": null}, "geometry": {"type": "Polygon", "coordinates": [[[126.78422601358305, 33.47704060212001], [126.78767238641696, 33.47704060212001], [126.78767238641696, 33.47991519787999], [126.78422601358305, 33.47991519787999], [126.78422601358305, 33.47704060212001]]]}}, {"type": "Feature", "properties": {"task_name": "JJ-OREUM-262 알밤 (320m)", "observation_time": "2025-06-01T00:00:00Z", "sample_category": "scored", "sample_number": 74, "sample_true_false": false, "oreum_id": "JJ-OREUM-262", "tile": "52SBC", "abstain_reason": null, "event_flag_frac": 0.0185}, "geometry": {"type": "Polygon", "coordinates": [[[126.71091436184017, 33.48969330212001], [126.71436123815982, 33.48969330212001], [126.71436123815982, 33.49256789787999], [126.71091436184017, 33.49256789787999], [126.71091436184017, 33.48969330212001]]]}}, {"type": "Feature", "properties": {"task_name": "JJ-OREUM-263 알방애오름 (320m)", "observation_time": "2025-06-01T00:00:00Z", "sample_category": "abstain", "sample_number": -1, "sample_true_false": false, "oreum_id": "JJ-OREUM-263", "tile": "52SBB", "abstain_reason": "event pair unobservable: 2025", "event_flag_frac": null}, "geometry": {"type": "Polygon", "coordinates": [[[126.52821061343172, 33.345905702120014], [126.53165178656826, 33.345905702120014], [126.53165178656826, 33.34878029787999], [126.52821061343172, 33.34878029787999], [126.52821061343172, 33.345905702120014]]]}}, {"type": "Feature", "properties": {"task_name": "JJ-OREUM-266 알오름 (320m)", "observation_time": "2025-06-01T00:00:00Z", "sample_category": "scored", "sample_number": 149, "sample_true_false": false, "oreum_id": "JJ-OREUM-266", "tile": "52SBC", "abstain_reason": null, "event_flag_frac": 0.0008}, "geometry": {"type": "Polygon", "coordinates": [[[126.5477816042369, 33.51769050212001], [126.5512295957631, 33.51769050212001], [126.5512295957631, 33.52056509787999], [126.5477816042369, 33.52056509787999], [126.5477816042369, 33.51769050212001]]]}}, {"type": "Feature", "properties": {"task_name": "JJ-OREUM-268 어대오름 (320m)", "observation_time": "2025-06-01T00:00:00Z", "sample_category": "scored", "sample_number": 64, "sample_true_false": true, "oreum_id": "JJ-OREUM-268", "tile": "52SBC", "abstain_reason": null, "event_flag_frac": 0.0223}, "geometry": {"type": "Polygon", "coordinates": [[[126.75910907168321, 33.49422270212001], [126.76255612831679, 33.49422270212001], [126.76255612831679, 33.49709729787999], [126.75910907168321, 33.49709729787999], [126.75910907168321, 33.49422270212001]]]}}, {"type": "Feature", "properties": {"task_name": "JJ-OREUM-269 어도오름 (320m)", "observation_time": "2025-06-01T00:00:00Z", "sample_category": "scored", "sample_number": 92, "sample_true_false": false, "oreum_id": "JJ-OREUM-269", "tile": "51SYT", "abstain_reason": null, "event_flag_frac": 0.013}, "geometry": {"type": "Polygon", "coordinates": [[[126.30562304020643, 33.420318802120015], [126.30906715979359, 33.420318802120015], [126.30906715979359, 33.42319339787999], [126.30562304020643, 33.42319339787999], [126.30562304020643, 33.420318802120015]]]}}, {"type": "Feature", "properties": {"task_name": "JJ-OREUM-270 어스렁오름 (320m)", "observation_time": "2025-06-01T00:00:00Z", "sample_category": "scored", "sample_number": 38, "sample_true_false": true, "oreum_id": "JJ-OREUM-270", "tile": "52SBC", "abstain_reason": null, "event_flag_frac": 0.0439}, "geometry": {"type": "Polygon", "coordinates": [[[126.48509828208012, 33.35760950212001], [126.4885399179199, 33.35760950212001], [126.4885399179199, 33.36048409787999], [126.48509828208012, 33.36048409787999], [126.48509828208012, 33.35760950212001]]]}}, {"type": "Feature", "properties": {"task_name": "JJ-OREUM-271 어승생 (320m)", "observation_time": "2025-06-01T00:00:00Z", "sample_category": "abstain", "sample_number": -1, "sample_true_false": false, "oreum_id": "JJ-OREUM-271", "tile": "52SBB", "abstain_reason": "event pair unobservable: 2025, 2026", "event_flag_frac": null}, "geometry": {"type": "Polygon", "coordinates": [[[126.48753703972388, 33.39511870212001], [126.49098016027612, 33.39511870212001], [126.49098016027612, 33.397993297879985], [126.48753703972388, 33.397993297879985], [126.48753703972388, 33.39511870212001]]]}}, {"type": "Feature", "properties": {"task_name": "JJ-OREUM-272 어오름 (320m)", "observation_time": "2025-06-01T00:00:00Z", "sample_category": "abstain", "sample_number": -1, "sample_true_false": false, "oreum_id": "JJ-OREUM-272", "tile": "52SBC", "abstain_reason": "event pair unobservable: 2025", "event_flag_frac": null}, "geometry": {"type": "Polygon", "coordinates": [[[126.40372707023586, 33.32277660212001], [126.40716732976414, 33.32277660212001], [126.40716732976414, 33.325651197879985], [126.40372707023586, 33.325651197879985], [126.40372707023586, 33.32277660212001]]]}}, {"type": "Feature", "properties": {"task_name": "JJ-OREUM-273 어점이악 (320m)", "observation_time": "2025-06-01T00:00:00Z", "sample_category": "abstain", "sample_number": -1, "sample_true_false": false, "oreum_id": "JJ-OREUM-273", "tile": "52SBB", "abstain_reason": "event pair unobservable: 2025, 2026", "event_flag_frac": null}, "geometry": {"type": "Polygon", "coordinates": [[[126.49731903475973, 33.30937100212001], [126.50075876524028, 33.30937100212001], [126.50075876524028, 33.312245597879986], [126.49731903475973, 33.312245597879986], [126.49731903475973, 33.30937100212001]]]}}, {"type": "Feature", "properties": {"task_name": "JJ-OREUM-274 어후오름 (320m)", "observation_time": "2025-06-01T00:00:00Z", "sample_category": "abstain", "sample_number": -1, "sample_true_false": false, "oreum_id": "JJ-OREUM-274", "tile": "52SBB", "abstain_reason": "event pair unobservable: 2025, 2026", "event_flag_frac": null}, "geometry": {"type": "Polygon", "coordinates": [[[126.5919758487237, 33.38961560212001], [126.5954187512763, 33.38961560212001], [126.5954187512763, 33.39249019787999], [126.5919758487237, 33.39249019787999], [126.5919758487237, 33.38961560212001]]]}}, {"type": "Feature", "properties": {"task_name": "JJ-OREUM-275 여문영아리 (320m)", "observation_time": "2025-06-01T00:00:00Z", "sample_category": "scored", "sample_number": 69, "sample_true_false": false, "oreum_id": "JJ-OREUM-275", "tile": "52SBC", "abstain_reason": null, "event_flag_frac": 0.0198}, "geometry": {"type": "Polygon", "coordinates": [[[126.69237111430482, 33.38125300212001], [126.69581368569519, 33.38125300212001], [126.69581368569519, 33.38412759787999], [126.69237111430482, 33.38412759787999], [126.69237111430482, 33.38125300212001]]]}}, {"type": "Feature", "properties": {"task_name": "JJ-OREUM-276 여절악 (320m)", "observation_time": "2025-06-01T00:00:00Z", "sample_category": "scored", "sample_number": 10, "sample_true_false": true, "oreum_id": "JJ-OREUM-276", "tile": "52SBB", "abstain_reason": null, "event_flag_frac": 0.1097}, "geometry": {"type": "Polygon", "coordinates": [[[126.73475698208877, 33.34749170212001], [126.73819821791123, 33.34749170212001], [126.73819821791123, 33.35036629787999], [126.73475698208877, 33.35036629787999], [126.73475698208877, 33.34749170212001]]]}}, {"type": "Feature", "properties": {"task_name": "JJ-OREUM-277 열안지 (320m)", "observation_time": "2025-06-01T00:00:00Z", "sample_category": "abstain", "sample_number": -1, "sample_true_false": false, "oreum_id": "JJ-OREUM-277", "tile": "52SBC", "abstain_reason": "event pair unobservable: 2025", "event_flag_frac": null}, "geometry": {"type": "Polygon", "coordinates": [[[126.51948065850216, 33.42443770212001], [126.52292494149783, 33.42443770212001], [126.52292494149783, 33.427312297879986], [126.51948065850216, 33.427312297879986], [126.51948065850216, 33.42443770212001]]]}}, {"type": "Feature", "properties": {"task_name": "JJ-OREUM-278 열안지오름 (320m)", "observation_time": "2025-06-01T00:00:00Z", "sample_category": "scored", "sample_number": 100, "sample_true_false": true, "oreum_id": "JJ-OREUM-278", "tile": "52SBC", "abstain_reason": null, "event_flag_frac": 0.01}, "geometry": {"type": "Polygon", "coordinates": [[[126.60364562109481, 33.47163460212001], [126.60709177890519, 33.47163460212001], [126.60709177890519, 33.47450919787999], [126.60364562109481, 33.47450919787999], [126.60364562109481, 33.47163460212001]]]}}, {"type": "Feature", "properties": {"task_name": "JJ-OREUM-280 영주산 (320m)", "observation_time": "2025-06-01T00:00:00Z", "sample_category": "scored", "sample_number": 134, "sample_true_false": false, "oreum_id": "JJ-OREUM-280", "tile": "52SBC", "abstain_reason": null, "event_flag_frac": 0.0035}, "geometry": {"type": "Polygon", "coordinates": [[[126.79453807987733, 33.40318620212001], [126.79798152012268, 33.40318620212001], [126.79798152012268, 33.40606079787999], [126.79453807987733, 33.40606079787999], [126.79453807987733, 33.40318620212001]]]}}, {"type": "Feature", "properties": {"task_name": "JJ-OREUM-281 영천악 (320m)", "observation_time": "2025-06-01T00:00:00Z", "sample_category": "abstain", "sample_number": -1, "sample_true_false": false, "oreum_id": "JJ-OREUM-281", "tile": "52SBB", "abstain_reason": "event pair unobservable: 2026", "event_flag_frac": null}, "geometry": {"type": "Polygon", "coordinates": [[[126.59912374171682, 33.29380380212001], [126.60256285828316, 33.29380380212001], [126.60256285828316, 33.29667839787999], [126.59912374171682, 33.29667839787999], [126.59912374171682, 33.29380380212001]]]}}, {"type": "Feature", "properties": {"task_name": "JJ-OREUM-282 예촌망 (320m)", "observation_time": "2025-06-01T00:00:00Z", "sample_category": "scored", "sample_number": 113, "sample_true_false": true, "oreum_id": "JJ-OREUM-282", "tile": "52SBB", "abstain_reason": null, "event_flag_frac": 0.006}, "geometry": {"type": "Polygon", "coordinates": [[[126.62870939598848, 33.25550020212001], [126.63214700401151, 33.25550020212001], [126.63214700401151, 33.25837479787999], [126.62870939598848, 33.25837479787999], [126.62870939598848, 33.25550020212001]]]}}, {"type": "Feature", "properties": {"task_name": "JJ-OREUM-283 오구시오름 (320m)", "observation_time": "2025-06-01T00:00:00Z", "sample_category": "scored", "sample_number": 111, "sample_true_false": true, "oreum_id": "JJ-OREUM-283", "tile": "52SBC", "abstain_reason": null, "event_flag_frac": 0.0063}, "geometry": {"type": "Polygon", "coordinates": [[[126.53335038244477, 33.468549102120015], [126.53679641755524, 33.468549102120015], [126.53679641755524, 33.47142369787999], [126.53335038244477, 33.47142369787999], [126.53335038244477, 33.468549102120015]]]}}, {"type": "Feature", "properties": {"task_name": "JJ-OREUM-286 왕관릉 (320m)", "observation_time": "2025-06-01T00:00:00Z", "sample_category": "abstain", "sample_number": -1, "sample_true_false": false, "oreum_id": "JJ-OREUM-286", "tile": "52SBC", "abstain_reason": "no cube", "event_flag_frac": null}, "geometry": {"type": "Polygon", "coordinates": [[[126.53132424175271, 33.36976020212001], [126.53476635824728, 33.36976020212001], [126.53476635824728, 33.37263479787999], [126.53132424175271, 33.37263479787999], [126.53132424175271, 33.36976020212001]]]}}, {"type": "Feature", "properties": {"task_name": "JJ-OREUM-288 왕이메 (320m)", "observation_time": "2025-06-01T00:00:00Z", "sample_category": "scored", "sample_number": 18, "sample_true_false": true, "oreum_id": "JJ-OREUM-288", "tile": "52SBB", "abstain_reason": null, "event_flag_frac": 0.0877}, "geometry": {"type": "Polygon", "coordinates": [[[126.37486738872187, 33.34209540212001], [126.37830841127814, 33.34209540212001], [126.37830841127814, 33.344969997879986], [126.37486738872187, 33.344969997879986], [126.37486738872187, 33.34209540212001]]]}}, {"type": "Feature", "properties": {"task_name": "JJ-OREUM-289 용눈이오름 (320m)", "observation_time": "2025-06-01T00:00:00Z", "sample_category": "scored", "sample_number": 106, "sample_true_false": true, "oreum_id": "JJ-OREUM-289", "tile": "52SBC", "abstain_reason": null, "event_flag_frac": 0.0072}, "geometry": {"type": "Polygon", "coordinates": [[[126.8307787828013, 33.458469202120014], [126.8342244171987, 33.458469202120014], [126.8342244171987, 33.46134379787999], [126.8307787828013, 33.46134379787999], [126.8307787828013, 33.458469202120014]]]}}, {"type": "Feature", "properties": {"task_name": "JJ-OREUM-292 우진제비 (320m)", "observation_time": "2025-06-01T00:00:00Z", "sample_category": "scored", "sample_number": 59, "sample_true_false": true, "oreum_id": "JJ-OREUM-292", "tile": "52SBC", "abstain_reason": null, "event_flag_frac": 0.0251}, "geometry": {"type": "Polygon", "coordinates": [[[126.69776022632149, 33.46634210212001], [126.70120617367851, 33.46634210212001], [126.70120617367851, 33.469216697879986], [126.69776022632149, 33.469216697879986], [126.69776022632149, 33.46634210212001]]]}}, {"type": "Feature", "properties": {"task_name": "JJ-OREUM-293 운지악 (320m)", "observation_time": "2025-06-01T00:00:00Z", "sample_category": "scored", "sample_number": 70, "sample_true_false": false, "oreum_id": "JJ-OREUM-293", "tile": "52SBB", "abstain_reason": null, "event_flag_frac": 0.0198}, "geometry": {"type": "Polygon", "coordinates": [[[126.70297475809174, 33.29804600212001], [126.70641404190825, 33.29804600212001], [126.70641404190825, 33.30092059787999], [126.70297475809174, 33.30092059787999], [126.70297475809174, 33.29804600212001]]]}}, {"type": "Feature", "properties": {"task_name": "JJ-OREUM-294 웃밤 (320m)", "observation_time": "2025-06-01T00:00:00Z", "sample_category": "scored", "sample_number": 73, "sample_true_false": true, "oreum_id": "JJ-OREUM-294", "tile": "52SBC", "abstain_reason": null, "event_flag_frac": 0.0192}, "geometry": {"type": "Polygon", "coordinates": [[[126.71369963632081, 33.47589740212001], [126.71714596367919, 33.47589740212001], [126.71714596367919, 33.47877199787999], [126.71369963632081, 33.47877199787999], [126.71369963632081, 33.47589740212001]]]}}, {"type": "Feature", "properties": {"task_name": "JJ-OREUM-295 웃방애오름 (320m)", "observation_time": "2025-06-01T00:00:00Z", "sample_category": "abstain", "sample_number": -1, "sample_true_false": false, "oreum_id": "JJ-OREUM-295", "tile": "52SBB", "abstain_reason": "event pair unobservable: 2025", "event_flag_frac": null}, "geometry": {"type": "Polygon", "coordinates": [[[126.52821322334017, 33.35552270212001], [126.53165477665982, 33.35552270212001], [126.53165477665982, 33.35839729787999], [126.52821322334017, 33.35839729787999], [126.52821322334017, 33.35552270212001]]]}}, {"type": "Feature", "properties": {"task_name": "JJ-OREUM-298 원당봉 (320m)", "observation_time": "2025-06-01T00:00:00Z", "sample_category": "scored", "sample_number": 146, "sample_true_false": false, "oreum_id": "JJ-OREUM-298", "tile": "52SBC", "abstain_reason": null, "event_flag_frac": 0.0012}, "geometry": {"type": "Polygon", "coordinates": [[[126.59764378453634, 33.523695602120014], [126.60109201546366, 33.523695602120014], [126.60109201546366, 33.52657019787999], [126.59764378453634, 33.52657019787999], [126.59764378453634, 33.523695602120014]]]}}, {"type": "Feature", "properties": {"task_name": "JJ-OREUM-300 월라봉 (320m)", "observation_time": "2025-06-01T00:00:00Z", "sample_category": "scored", "sample_number": 101, "sample_true_false": true, "oreum_id": "JJ-OREUM-300", "tile": "52SBB", "abstain_reason": null, "event_flag_frac": 0.0098}, "geometry": {"type": "Polygon", "coordinates": [[[126.34778315235853, 33.24246460212001], [126.35122024764148, 33.24246460212001], [126.35122024764148, 33.245339197879986], [126.34778315235853, 33.245339197879986], [126.34778315235853, 33.24246460212001]]]}}, {"type": "Feature", "properties": {"task_name": "JJ-OREUM-302 월랑지 (320m)", "observation_time": "2025-06-01T00:00:00Z", "sample_category": "scored", "sample_number": 72, "sample_true_false": false, "oreum_id": "JJ-OREUM-302", "tile": "52SBC", "abstain_reason": null, "event_flag_frac": 0.0195}, "geometry": {"type": "Polygon", "coordinates": [[[126.8079308945481, 33.43773850212001], [126.8113757054519, 33.43773850212001], [126.8113757054519, 33.44061309787999], [126.8079308945481, 33.44061309787999], [126.8079308945481, 33.43773850212001]]]}}, {"type": "Feature", "properties": {"task_name": "JJ-OREUM-303 월산봉 (320m)", "observation_time": "2025-06-01T00:00:00Z", "sample_category": "scored", "sample_number": 109, "sample_true_false": true, "oreum_id": "JJ-OREUM-303", "tile": "52SBB", "abstain_reason": null, "event_flag_frac": 0.0069}, "geometry": {"type": "Polygon", "coordinates": [[[126.49853113809569, 33.258442702120014], [126.5019688619043, 33.258442702120014], [126.5019688619043, 33.26131729787999], [126.49853113809569, 33.26131729787999], [126.49853113809569, 33.258442702120014]]]}}, {"type": "Feature", "properties": {"task_name": "JJ-OREUM-305 은월봉 (320m)", "observation_time": "2025-06-01T00:00:00Z", "sample_category": "scored", "sample_number": 124, "sample_true_false": false, "oreum_id": "JJ-OREUM-305", "tile": "52SBC", "abstain_reason": null, "event_flag_frac": 0.0049}, "geometry": {"type": "Polygon", "coordinates": [[[126.85387449976541, 33.46767790212001], [126.8573205002346, 33.46767790212001], [126.8573205002346, 33.470552497879986], [126.85387449976541, 33.470552497879986], [126.85387449976541, 33.46767790212001]]]}}, {"type": "Feature", "properties": {"task_name": "JJ-OREUM-308 이달봉 (320m)", "observation_time": "2025-06-01T00:00:00Z", "sample_category": "scored", "sample_number": 26, "sample_true_false": false, "oreum_id": "JJ-OREUM-308", "tile": "52SBB", "abstain_reason": null, "event_flag_frac": 0.0618}, "geometry": {"type": "Polygon", "coordinates": [[[126.34678968082584, 33.36272970212001], [126.35023151917416, 33.36272970212001], [126.35023151917416, 33.36560429787999], [126.34678968082584, 33.36560429787999], [126.34678968082584, 33.36272970212001]]]}}, {"type": "Feature", "properties": {"task_name": "JJ-OREUM-309 이달이촛대봉 (320m)", "observation_time": "2025-06-01T00:00:00Z", "sample_category": "scored", "sample_number": 23, "sample_true_false": false, "oreum_id": "JJ-OREUM-309", "tile": "52SBB", "abstain_reason": null, "event_flag_frac": 0.0678}, "geometry": {"type": "Polygon", "coordinates": [[[126.3452810388014, 33.36485440212001], [126.3487229611986, 33.36485440212001], [126.3487229611986, 33.367728997879986], [126.3452810388014, 33.367728997879986], [126.3452810388014, 33.36485440212001]]]}}, {"type": "Feature", "properties": {"task_name": "JJ-OREUM-311 이스렁오름 (320m)", "observation_time": "2025-06-01T00:00:00Z", "sample_category": "scored", "sample_number": 44, "sample_true_false": true, "oreum_id": "JJ-OREUM-311", "tile": "52SBC", "abstain_reason": null, "event_flag_frac": 0.0378}, "geometry": {"type": "Polygon", "coordinates": [[[126.48247381863753, 33.36081780212001], [126.48591558136248, 33.36081780212001], [126.48591558136248, 33.36369239787999], [126.48247381863753, 33.36369239787999], [126.48247381863753, 33.36081780212001]]]}}, {"type": "Feature", "properties": {"task_name": "JJ-OREUM-312 이승악 (320m)", "observation_time": "2025-06-01T00:00:00Z", "sample_category": "abstain", "sample_number": -1, "sample_true_false": false, "oreum_id": "JJ-OREUM-312", "tile": "52SBB", "abstain_reason": "event pair unobservable: 2025", "event_flag_frac": null}, "geometry": {"type": "Polygon", "coordinates": [[[126.62053305518344, 33.33873130212001], [126.62397394481656, 33.33873130212001], [126.62397394481656, 33.34160589787999], [126.62053305518344, 33.34160589787999], [126.62053305518344, 33.33873130212001]]]}}, {"type": "Feature", "properties": {"task_name": "JJ-OREUM-313 인정오름 (320m)", "observation_time": "2025-06-01T00:00:00Z", "sample_category": "abstain", "sample_number": -1, "sample_true_false": false, "oreum_id": "JJ-OREUM-313", "tile": "52SBB", "abstain_reason": "event pair unobservable: 2026", "event_flag_frac": null}, "geometry": {"type": "Polygon", "coordinates": [[[126.5832103571703, 33.28287000212001], [126.5866490428297, 33.28287000212001], [126.5866490428297, 33.28574459787999], [126.5832103571703, 33.28574459787999], [126.5832103571703, 33.28287000212001]]]}}, {"type": "Feature", "properties": {"task_name": "JJ-OREUM-314 입산봉 (320m)", "observation_time": "2025-06-01T00:00:00Z", "sample_category": "scored", "sample_number": 118, "sample_true_false": false, "oreum_id": "JJ-OREUM-314", "tile": "52SBC", "abstain_reason": null, "event_flag_frac": 0.0053}, "geometry": {"type": "Polygon", "coordinates": [[[126.75651133668609, 33.54614740212001], [126.75996046331392, 33.54614740212001], [126.75996046331392, 33.54902199787999], [126.75651133668609, 33.54902199787999], [126.75651133668609, 33.54614740212001]]]}}, {"type": "Feature", "properties": {"task_name": "JJ-OREUM-315 입석오름 (320m)", "observation_time": "2025-06-01T00:00:00Z", "sample_category": "abstain", "sample_number": -1, "sample_true_false": false, "oreum_id": "JJ-OREUM-315", "tile": "52SBB", "abstain_reason": "event pair unobservable: 2025", "event_flag_frac": null}, "geometry": {"type": "Polygon", "coordinates": [[[126.56792532856954, 33.35525820212001], [126.57136687143046, 33.35525820212001], [126.57136687143046, 33.35813279787999], [126.56792532856954, 33.35813279787999], [126.56792532856954, 33.35525820212001]]]}}, {"type": "Feature", "properties": {"task_name": "JJ-OREUM-316 자배봉 (320m)", "observation_time": "2025-06-01T00:00:00Z", "sample_category": "scored", "sample_number": 76, "sample_true_false": false, "oreum_id": "JJ-OREUM-316", "tile": "52SBB", "abstain_reason": null, "event_flag_frac": 0.0178}, "geometry": {"type": "Polygon", "coordinates": [[[126.67521362803154, 33.299570702120015], [126.67865297196846, 33.299570702120015], [126.67865297196846, 33.30244529787999], [126.67521362803154, 33.30244529787999], [126.67521362803154, 33.299570702120015]]]}}, {"type": "Feature", "properties": {"task_name": "JJ-OREUM-320 저지오름 (320m)", "observation_time": "2025-06-01T00:00:00Z", "sample_category": "scored", "sample_number": 114, "sample_true_false": false, "oreum_id": "JJ-OREUM-320", "tile": "51SYT", "abstain_reason": null, "event_flag_frac": 0.0058}, "geometry": {"type": "Polygon", "coordinates": [[[126.24922619817632, 33.33149150212001], [126.25266680182368, 33.33149150212001], [126.25266680182368, 33.334366097879986], [126.24922619817632, 33.334366097879986], [126.24922619817632, 33.33149150212001]]]}}, {"type": "Feature", "properties": {"task_name": "JJ-OREUM-324 정물오름 (320m)", "observation_time": "2025-06-01T00:00:00Z", "sample_category": "scored", "sample_number": 13, "sample_true_false": true, "oreum_id": "JJ-OREUM-324", "tile": "52SBB", "abstain_reason": null, "event_flag_frac": 0.0966}, "geometry": {"type": "Polygon", "coordinates": [[[126.32783998865403, 33.33703690212001], [126.33128081134598, 33.33703690212001], [126.33128081134598, 33.33991149787999], [126.32783998865403, 33.33991149787999], [126.32783998865403, 33.33703690212001]]]}}, {"type": "Feature", "properties": {"task_name": "JJ-OREUM-325 정월오름 (320m)", "observation_time": "2025-06-01T00:00:00Z", "sample_category": "scored", "sample_number": 129, "sample_true_false": false, "oreum_id": "JJ-OREUM-325", "tile": "51SYT", "abstain_reason": null, "event_flag_frac": 0.0044}, "geometry": {"type": "Polygon", "coordinates": [[[126.23978809038836, 33.36224620212001], [126.24322990961163, 33.36224620212001], [126.24322990961163, 33.36512079787999], [126.23978809038836, 33.36512079787999], [126.23978809038836, 33.36224620212001]]]}}, {"type": "Feature", "properties": {"task_name": "JJ-OREUM-326 제석오름 (320m)", "observation_time": "2025-06-01T00:00:00Z", "sample_category": "scored", "sample_number": 28, "sample_true_false": true, "oreum_id": "JJ-OREUM-326", "tile": "52SBB", "abstain_reason": null, "event_flag_frac": 0.061}, "geometry": {"type": "Polygon", "coordinates": [[[126.83416950941617, 33.34610890212001], [126.83761069058383, 33.34610890212001], [126.83761069058383, 33.348983497879985], [126.83416950941617, 33.348983497879985], [126.83416950941617, 33.34610890212001]]]}}, {"type": "Feature", "properties": {"task_name": "JJ-OREUM-327 제지기오름 (320m)", "observation_time": "2025-06-01T00:00:00Z", "sample_category": "scored", "sample_number": 120, "sample_true_false": false, "oreum_id": "JJ-OREUM-327", "tile": "52SBB", "abstain_reason": null, "event_flag_frac": 0.0051}, "geometry": {"type": "Polygon", "coordinates": [[[126.60758289315409, 33.24038950212001], [126.61101990684593, 33.24038950212001], [126.61101990684593, 33.24326409787999], [126.60758289315409, 33.24326409787999], [126.60758289315409, 33.24038950212001]]]}}, {"type": "Feature", "properties": {"task_name": "JJ-OREUM-331 족은대비악 (320m)", "observation_time": "2025-06-01T00:00:00Z", "sample_category": "scored", "sample_number": 107, "sample_true_false": true, "oreum_id": "JJ-OREUM-331", "tile": "52SBC", "abstain_reason": null, "event_flag_frac": 0.0072}, "geometry": {"type": "Polygon", "coordinates": [[[126.36733594677172, 33.32903050212001], [126.37077645322829, 33.32903050212001], [126.37077645322829, 33.33190509787999], [126.36733594677172, 33.33190509787999], [126.36733594677172, 33.32903050212001]]]}}, {"type": "Feature", "properties": {"task_name": "JJ-OREUM-332 족은돌이미 (320m)", "observation_time": "2025-06-01T00:00:00Z", "sample_category": "scored", "sample_number": 42, "sample_true_false": true, "oreum_id": "JJ-OREUM-332", "tile": "52SBC", "abstain_reason": null, "event_flag_frac": 0.0398}, "geometry": {"type": "Polygon", "coordinates": [[[126.77142297638554, 33.43865340212001], [126.77486782361447, 33.43865340212001], [126.77486782361447, 33.44152799787999], [126.77142297638554, 33.44152799787999], [126.77142297638554, 33.43865340212001]]]}}, {"type": "Feature", "properties": {"task_name": "JJ-OREUM-334 족은바리메 (320m)", "observation_time": "2025-06-01T00:00:00Z", "sample_category": "scored", "sample_number": 32, "sample_true_false": true, "oreum_id": "JJ-OREUM-334", "tile": "52SBB", "abstain_reason": null, "event_flag_frac": 0.0543}, "geometry": {"type": "Polygon", "coordinates": [[[126.39853565229939, 33.374281002120014], [126.4019779477006, 33.374281002120014], [126.4019779477006, 33.37715559787999], [126.39853565229939, 33.37715559787999], [126.39853565229939, 33.374281002120014]]]}}, {"type": "Feature", "properties": {"task_name": "JJ-OREUM-335 족은방애오름 (320m)", "observation_time": "2025-06-01T00:00:00Z", "sample_category": "abstain", "sample_number": -1, "sample_true_false": false, "oreum_id": "JJ-OREUM-335", "tile": "52SBC", "abstain_reason": "event pair unobservable: 2025", "event_flag_frac": null}, "geometry": {"type": "Polygon", "coordinates": [[[126.68233589506026, 33.43771270212001], [126.68578070493975, 33.43771270212001], [126.68578070493975, 33.440587297879986], [126.68233589506026, 33.440587297879986], [126.68233589506026, 33.43771270212001]]]}}, {"type": "Feature", "properties": {"task_name": "JJ-OREUM-337 족은지그리 (320m)", "observation_time": "2025-06-01T00:00:00Z", "sample_category": "scored", "sample_number": 47, "sample_true_false": true, "oreum_id": "JJ-OREUM-337", "tile": "52SBC", "abstain_reason": null, "event_flag_frac": 0.0336}, "geometry": {"type": "Polygon", "coordinates": [[[126.64402167742702, 33.448672802120015], [126.64746692257299, 33.448672802120015], [126.64746692257299, 33.45154739787999], [126.64402167742702, 33.45154739787999], [126.64402167742702, 33.448672802120015]]]}}, {"type": "Feature", "properties": {"task_name": "JJ-OREUM-339 좌보미 (320m)", "observation_time": "2025-06-01T00:00:00Z", "sample_category": "scored", "sample_number": 71, "sample_true_false": false, "oreum_id": "JJ-OREUM-339", "tile": "52SBC", "abstain_reason": null, "event_flag_frac": 0.0198}, "geometry": {"type": "Polygon", "coordinates": [[[126.80504985582701, 33.43465140212001], [126.80849454417299, 33.43465140212001], [126.80849454417299, 33.43752599787999], [126.80504985582701, 33.43752599787999], [126.80504985582701, 33.43465140212001]]]}}, {"type": "Feature", "properties": {"task_name": "JJ-OREUM-340 좌보미알오름 (320m)", "observation_time": "2025-06-01T00:00:00Z", "sample_category": "scored", "sample_number": 108, "sample_true_false": false, "oreum_id": "JJ-OREUM-340", "tile": "52SBC", "abstain_reason": null, "event_flag_frac": 0.0071}, "geometry": {"type": "Polygon", "coordinates": [[[126.81322772089892, 33.431372702120015], [126.81667227910107, 33.431372702120015], [126.81667227910107, 33.43424729787999], [126.81322772089892, 33.43424729787999], [126.81322772089892, 33.431372702120015]]]}}, {"type": "Feature", "properties": {"task_name": "JJ-OREUM-341 주체오름 (320m)", "observation_time": "2025-06-01T00:00:00Z", "sample_category": "scored", "sample_number": 35, "sample_true_false": true, "oreum_id": "JJ-OREUM-341", "tile": "52SBC", "abstain_reason": null, "event_flag_frac": 0.0482}, "geometry": {"type": "Polygon", "coordinates": [[[126.74639454013978, 33.49078360212001], [126.74984145986024, 33.49078360212001], [126.74984145986024, 33.49365819787999], [126.74639454013978, 33.49365819787999], [126.74639454013978, 33.49078360212001]]]}}, {"type": "Feature", "properties": {"task_name": "JJ-OREUM-342 지미봉 (320m)", "observation_time": "2025-06-01T00:00:00Z", "sample_category": "abstain", "sample_number": -1, "sample_true_false": false, "oreum_id": "JJ-OREUM-342", "tile": "52SCC", "abstain_reason": "no cube", "event_flag_frac": null}, "geometry": {"type": "Polygon", "coordinates": [[[126.90064099990587, 33.49782800212001], [126.90408820009412, 33.49782800212001], [126.90408820009412, 33.500702597879986], [126.90064099990587, 33.500702597879986], [126.90064099990587, 33.49782800212001]]]}}, {"type": "Feature", "properties": {"task_name": "JJ-OREUM-344 천아오름 (320m)", "observation_time": "2025-06-01T00:00:00Z", "sample_category": "abstain", "sample_number": -1, "sample_true_false": false, "oreum_id": "JJ-OREUM-344", "tile": "52SBB", "abstain_reason": "event pair unobservable: 2025", "event_flag_frac": null}, "geometry": {"type": "Polygon", "coordinates": [[[126.4482197454112, 33.394831602120014], [126.45166285458882, 33.394831602120014], [126.45166285458882, 33.39770619787999], [126.4482197454112, 33.39770619787999], [126.4482197454112, 33.394831602120014]]]}}, {"type": "Feature", "properties": {"task_name": "JJ-OREUM-345 천아오름 (320m)", "observation_time": "2025-06-01T00:00:00Z", "sample_category": "scored", "sample_number": 122, "sample_true_false": false, "oreum_id": "JJ-OREUM-345", "tile": "51SYT", "abstain_reason": null, "event_flag_frac": 0.005}, "geometry": {"type": "Polygon", "coordinates": [[[126.29717098078497, 33.40314040212001], [126.30061441921502, 33.40314040212001], [126.30061441921502, 33.406014997879986], [126.29717098078497, 33.406014997879986], [126.29717098078497, 33.40314040212001]]]}}, {"type": "Feature", "properties": {"task_name": "JJ-OREUM-346 체오름 (320m)", "observation_time": "2025-06-01T00:00:00Z", "sample_category": "abstain", "sample_number": -1, "sample_true_false": false, "oreum_id": "JJ-OREUM-346", "tile": "52SBC", "abstain_reason": "event pair unobservable: 2025", "event_flag_frac": null}, "geometry": {"type": "Polygon", "coordinates": [[[126.74753136388826, 33.46445230212001], [126.75097723611175, 33.46445230212001], [126.75097723611175, 33.467326897879985], [126.74753136388826, 33.467326897879985], [126.74753136388826, 33.46445230212001]]]}}, {"type": "Feature", "properties": {"task_name": "JJ-OREUM-347 쳇망오름 (320m)", "observation_time": "2025-06-01T00:00:00Z", "sample_category": "abstain", "sample_number": -1, "sample_true_false": false, "oreum_id": "JJ-OREUM-347", "tile": "52SBB", "abstain_reason": "no cube", "event_flag_frac": null}, "geometry": {"type": "Polygon", "coordinates": [[[126.68886047690494, 33.39324170212001], [126.69230352309508, 33.39324170212001], [126.69230352309508, 33.396116297879985], [126.68886047690494, 33.396116297879985], [126.68886047690494, 33.39324170212001]]]}}, {"type": "Feature", "properties": {"task_name": "JJ-OREUM-349 칡(족은)오름 (320m)", "observation_time": "2025-06-01T00:00:00Z", "sample_category": "scored", "sample_number": 79, "sample_true_false": false, "oreum_id": "JJ-OREUM-349", "tile": "52SBC", "abstain_reason": null, "event_flag_frac": 0.0173}, "geometry": {"type": "Polygon", "coordinates": [[[126.61096377513437, 33.473945802120014], [126.61441002486563, 33.473945802120014], [126.61441002486563, 33.47682039787999], [126.61096377513437, 33.47682039787999], [126.61096377513437, 33.473945802120014]]]}}, {"type": "Feature", "properties": {"task_name": "JJ-OREUM-351 칡오름 (320m)", "observation_time": "2025-06-01T00:00:00Z", "sample_category": "abstain", "sample_number": -1, "sample_true_false": false, "oreum_id": "JJ-OREUM-351", "tile": "52SBB", "abstain_reason": "event pair unobservable: 2026", "event_flag_frac": null}, "geometry": {"type": "Polygon", "coordinates": [[[126.60117916295611, 33.28257630212001], [126.60461783704388, 33.28257630212001], [126.60461783704388, 33.28545089787999], [126.60117916295611, 33.28545089787999], [126.60117916295611, 33.28257630212001]]]}}, {"type": "Feature", "properties": {"task_name": "JJ-OREUM-352 칡오름 (320m)", "observation_time": "2025-06-01T00:00:00Z", "sample_category": "scored", "sample_number": 5, "sample_true_false": true, "oreum_id": "JJ-OREUM-352", "tile": "52SBC", "abstain_reason": null, "event_flag_frac": 0.1523}, "geometry": {"type": "Polygon", "coordinates": [[[126.76034179293919, 33.44285630212001], [126.76378680706082, 33.44285630212001], [126.76378680706082, 33.44573089787999], [126.76034179293919, 33.44573089787999], [126.76034179293919, 33.44285630212001]]]}}, {"type": "Feature", "properties": {"task_name": "JJ-OREUM-356 큰지그리 (320m)", "observation_time": "2025-06-01T00:00:00Z", "sample_category": "scored", "sample_number": 41, "sample_true_false": true, "oreum_id": "JJ-OREUM-356", "tile": "52SBC", "abstain_reason": null, "event_flag_frac": 0.0402}, "geometry": {"type": "Polygon", "coordinates": [[[126.64353870308375, 33.44234540212001], [126.64698369691624, 33.44234540212001], [126.64698369691624, 33.44521999787999], [126.64353870308375, 33.44521999787999], [126.64353870308375, 33.44234540212001]]]}}, {"type": "Feature", "properties": {"task_name": "JJ-OREUM-357 테역장오리 (320m)", "observation_time": "2025-06-01T00:00:00Z", "sample_category": "abstain", "sample_number": -1, "sample_true_false": false, "oreum_id": "JJ-OREUM-357", "tile": "52SBB", "abstain_reason": "event pair unobservable: 2025", "event_flag_frac": null}, "geometry": {"type": "Polygon", "coordinates": [[[126.6015343559308, 33.40943960212001], [126.60497804406921, 33.40943960212001], [126.60497804406921, 33.41231419787999], [126.6015343559308, 33.41231419787999], [126.6015343559308, 33.40943960212001]]]}}, {"type": "Feature", "properties": {"task_name": "JJ-OREUM-359 통오름 (320m)", "observation_time": "2025-06-01T00:00:00Z", "sample_category": "scored", "sample_number": 115, "sample_true_false": true, "oreum_id": "JJ-OREUM-359", "tile": "52SBB", "abstain_reason": null, "event_flag_frac": 0.0058}, "geometry": {"type": "Polygon", "coordinates": [[[126.85139322623333, 33.390751202120015], [126.85483617376669, 33.390751202120015], [126.85483617376669, 33.39362579787999], [126.85139322623333, 33.39362579787999], [126.85139322623333, 33.390751202120015]]]}}, {"type": "Feature", "properties": {"task_name": "JJ-OREUM-362 폭낭오름 (320m)", "observation_time": "2025-06-01T00:00:00Z", "sample_category": "scored", "sample_number": 30, "sample_true_false": true, "oreum_id": "JJ-OREUM-362", "tile": "52SBB", "abstain_reason": null, "event_flag_frac": 0.0555}, "geometry": {"type": "Polygon", "coordinates": [[[126.3802510185712, 33.35070540212001], [126.38369238142879, 33.35070540212001], [126.38369238142879, 33.35357999787999], [126.3802510185712, 33.35357999787999], [126.3802510185712, 33.35070540212001]]]}}, {"type": "Feature", "properties": {"task_name": "JJ-OREUM-364 하늬보기 (320m)", "observation_time": "2025-06-01T00:00:00Z", "sample_category": "scored", "sample_number": 65, "sample_true_false": true, "oreum_id": "JJ-OREUM-364", "tile": "52SBC", "abstain_reason": null, "event_flag_frac": 0.0213}, "geometry": {"type": "Polygon", "coordinates": [[[126.38981871666289, 33.32549050212001], [126.39325908333711, 33.32549050212001], [126.39325908333711, 33.32836509787999], [126.38981871666289, 33.32836509787999], [126.38981871666289, 33.32549050212001]]]}}, {"type": "Feature", "properties": {"task_name": "JJ-OREUM-365 한대오름 (320m)", "observation_time": "2025-06-01T00:00:00Z", "sample_category": "abstain", "sample_number": -1, "sample_true_false": false, "oreum_id": "JJ-OREUM-365", "tile": "52SBC", "abstain_reason": "no cube", "event_flag_frac": null}, "geometry": {"type": "Polygon", "coordinates": [[[126.42276903555248, 33.35490500212001], [126.42621056444753, 33.35490500212001], [126.42621056444753, 33.35777959787999], [126.42276903555248, 33.35777959787999], [126.42276903555248, 33.35490500212001]]]}}, {"type": "Feature", "properties": {"task_name": "JJ-OREUM-367 흑악 (320m)", "observation_time": "2025-06-01T00:00:00Z", "sample_category": "abstain", "sample_number": -1, "sample_true_false": false, "oreum_id": "JJ-OREUM-367", "tile": "52SBB", "abstain_reason": "event pair unobservable: 2025", "event_flag_frac": null}, "geometry": {"type": "Polygon", "coordinates": [[[126.61730438222314, 33.34748490212001], [126.62074561777685, 33.34748490212001], [126.62074561777685, 33.350359497879985], [126.61730438222314, 33.350359497879985], [126.61730438222314, 33.34748490212001]]]}}, {"type": "Feature", "properties": {"task_name": "JJ-OREUM-368 흙붉은오름 (320m)", "observation_time": "2025-06-01T00:00:00Z", "sample_category": "abstain", "sample_number": -1, "sample_true_false": false, "oreum_id": "JJ-OREUM-368", "tile": "52SBB", "abstain_reason": "event pair unobservable: 2025", "event_flag_frac": null}, "geometry": {"type": "Polygon", "coordinates": [[[126.55842297369463, 33.37825270212001], [126.56186542630536, 33.37825270212001], [126.56186542630536, 33.381127297879985], [126.55842297369463, 33.381127297879985], [126.55842297369463, 33.37825270212001]]]}}]}