{"type": "FeatureCollection", "features": [{"type": "Feature", "geometry": {"type": "Point", "coordinates": [126.2469945, 33.3055566]}, "properties": {"oreum_id": "JJ-OREUM-001", "name": "가마오름", "verdict": "scored", "abstain_reason": null, "rank": 11, "event_flag_frac": 0.1021, "event_n_flag": 167, "null_flag_frac": 0.0083, "persistent_tokens": 6, "event_only_tokens": 131, "valid_token_fraction": {"2023": 0.9866, "2024": 0.9695, "2025": 0.5752, "2026": 0.7375}, "observable_by_year": {"2023": true, "2024": true, "2025": true, "2026": true}, "tile": "52SBB", "secondary_20m": {"verdict": "scored", "event_flag_frac": 0.0949, "rank": 12}, "korea_tags": {}, "buffer1_verdict": "scored", "buffer1_rank": 9}}, {"type": "Feature", "geometry": {"type": "Point", "coordinates": [126.6881031, 33.4016666]}, "properties": {"oreum_id": "JJ-OREUM-005", "name": "가문이오름", "verdict": "abstain", "abstain_reason": "event pair unobservable: 2025", "rank": null, "event_flag_frac": null, "event_n_flag": null, "null_flag_frac": null, "persistent_tokens": 4, "event_only_tokens": 22, "valid_token_fraction": {"2023": 0.071, "2024": 0.3062, "2025": 0.1531, "2026": 0.6216}, "observable_by_year": {"2023": false, "2024": true, "2025": false, "2026": true}, "tile": "52SBB", "secondary_20m": {"verdict": "abstain", "event_flag_frac": null, "rank": null}, "korea_tags": {}, "buffer1_verdict": "abstain", "buffer1_rank": null}}, {"type": "Feature", "geometry": {"type": "Point", "coordinates": [126.7813194, 33.3301417]}, "properties": {"oreum_id": "JJ-OREUM-007", "name": "가세오름", "verdict": "scored", "abstain_reason": null, "rank": 53, "event_flag_frac": 0.0285, "event_n_flag": 99, "null_flag_frac": null, "persistent_tokens": 1, "event_only_tokens": 1, "valid_token_fraction": {"2023": 0.0908, "2024": 0.1211, "2025": 0.8618, "2026": 0.9819}, "observable_by_year": {"2023": false, "2024": false, "2025": true, "2026": true}, "tile": "52SBB", "secondary_20m": {"verdict": "scored", "event_flag_frac": 0.0335, "rank": 41}, "korea_tags": {}, "buffer1_verdict": "scored", "buffer1_rank": 38}}, {"type": "Feature", "geometry": {"type": "Point", "coordinates": [126.2431521, 33.2470481]}, "properties": {"oreum_id": "JJ-OREUM-008", "name": "가시오름", "verdict": "scored", "abstain_reason": null, "rank": 133, "event_flag_frac": 0.0035, "event_n_flag": 12, "null_flag_frac": 0.0032, "persistent_tokens": 2, "event_only_tokens": 10, "valid_token_fraction": {"2023": 0.2434, "2024": 0.9951, "2025": 0.9097, "2026": 0.9307}, "observable_by_year": {"2023": true, "2024": true, "2025": true, "2026": true}, "tile": "51SYS", "secondary_20m": {"verdict": "scored", "event_flag_frac": 0.003, "rank": 133}, "korea_tags": {}, "buffer1_verdict": "scored", "buffer1_rank": 117}}, {"type": "Feature", "geometry": {"type": "Point", "coordinates": [126.52611, 33.27678]}, "properties": {"oreum_id": "JJ-OREUM-009", "name": "각시바위", "verdict": "abstain", "abstain_reason": "event pair unobservable: 2025", "rank": null, "event_flag_frac": null, "event_n_flag": null, "null_flag_frac": null, "persistent_tokens": 1, "event_only_tokens": 3, "valid_token_fraction": {"2023": 1.0, "2024": 0.4321, "2025": 0.1086, "2026": 0.3381}, "observable_by_year": {"2023": true, "2024": true, "2025": false, "2026": true}, "tile": "52SBB", "secondary_20m": {"verdict": "abstain", "event_flag_frac": null, "rank": null}, "korea_tags": {}, "buffer1_verdict": "abstain", "buffer1_rank": null}}, {"type": "Feature", "geometry": {"type": "Point", "coordinates": [126.3501773, 33.3249271]}, "properties": {"oreum_id": "JJ-OREUM-010", "name": "감낭오름", "verdict": "abstain", "abstain_reason": "event pair unobservable: 2025", "rank": null, "event_flag_frac": null, "event_n_flag": null, "null_flag_frac": null, "persistent_tokens": 1, "event_only_tokens": 12, "valid_token_fraction": {"2023": 1.0, "2024": 0.3535, "2025": 0.1555, "2026": 0.9941}, "observable_by_year": {"2023": true, "2024": true, "2025": false, "2026": true}, "tile": "52SBB", "secondary_20m": {"verdict": "abstain", "event_flag_frac": null, "rank": null}, "korea_tags": {}, "buffer1_verdict": "abstain", "buffer1_rank": null}}, {"type": "Feature", "geometry": {"type": "Point", "coordinates": [126.7411155, 33.423607]}, "properties": {"oreum_id": "JJ-OREUM-011", "name": "감은이오름", "verdict": "scored", "abstain_reason": null, "rank": 80, "event_flag_frac": 0.0172, "event_n_flag": 39, "null_flag_frac": 0.0084, "persistent_tokens": 1, "event_only_tokens": 25, "valid_token_fraction": {"2023": 0.4033, "2024": 0.6492, "2025": 0.5964, "2026": 0.9329}, "observable_by_year": {"2023": true, "2024": true, "2025": true, "2026": true}, "tile": "52SBC", "secondary_20m": {"verdict": "scored", "event_flag_frac": 0.0151, "rank": 82}, "korea_tags": {}, "buffer1_verdict": "scored", "buffer1_rank": 84}}, {"type": "Feature", "geometry": {"type": "Point", "coordinates": [126.7816683, 33.3608555]}, "properties": {"oreum_id": "JJ-OREUM-012", "name": "갑선이오름", "verdict": "scored", "abstain_reason": null, "rank": 89, "event_flag_frac": 0.0136, "event_n_flag": 27, "null_flag_frac": 0.0037, "persistent_tokens": 0, "event_only_tokens": 25, "valid_token_fraction": {"2023": 0.3325, "2024": 0.6631, "2025": 0.499, "2026": 0.9841}, "observable_by_year": {"2023": true, "2024": true, "2025": true, "2026": true}, "tile": "52SBB", "secondary_20m": {"verdict": "scored", "event_flag_frac": 0.0189, "rank": 68}, "korea_tags": {}, "buffer1_verdict": "scored", "buffer1_rank": 57}}, {"type": "Feature", "geometry": {"type": "Point", "coordinates": [126.7719182, 33.4226308]}, "properties": {"oreum_id": "JJ-OREUM-013", "name": "개오름", "verdict": "scored", "abstain_reason": null, "rank": 84, "event_flag_frac": 0.0141, "event_n_flag": 40, "null_flag_frac": 0.0233, "persistent_tokens": 9, "event_only_tokens": 14, "valid_token_fraction": {"2023": 0.3833, "2024": 0.6807, "2025": 0.6909, "2026": 0.978}, "observable_by_year": {"2023": true, "2024": true, "2025": true, "2026": true}, "tile": "52SBC", "secondary_20m": {"verdict": "scored", "event_flag_frac": 0.0232, "rank": 55}, "korea_tags": {"자연환경보전지역": ["자연환경보전지역"]}, "buffer1_verdict": "scored", "buffer1_rank": 50}}, {"type": "Feature", "geometry": {"type": "Point", "coordinates": [126.2927168, 33.3757714]}, "properties": {"oreum_id": "JJ-OREUM-016", "name": "갯거리오름", "verdict": "scored", "abstain_reason": null, "rank": 121, "event_flag_frac": 0.005, "event_n_flag": 15, "null_flag_frac": 0.0025, "persistent_tokens": 2, "event_only_tokens": 10, "valid_token_fraction": {"2023": 0.4585, "2024": 0.7683, "2025": 0.9995, "2026": 0.7258}, "observable_by_year": {"2023": true, "2024": true, "2025": true, "2026": true}, "tile": "51SYT", "secondary_20m": {"verdict": "scored", "event_flag_frac": 0.0093, "rank": 103}, "korea_tags": {}, "buffer1_verdict": "scored", "buffer1_rank": 90}}, {"type": "Feature", "geometry": {"type": "Point", "coordinates": [126.4542361, 33.3096056]}, "properties": {"oreum_id": "JJ-OREUM-019", "name": "거린사슴", "verdict": "abstain", "abstain_reason": "event pair unobservable: 2025, 2026", "rank": null, "event_flag_frac": null, "event_n_flag": null, "null_flag_frac": null, "persistent_tokens": 0, "event_only_tokens": 0, "valid_token_fraction": {"2023": 0.042, "2024": 0.2654, "2025": 0.0139, "2026": 0.073}, "observable_by_year": {"2023": false, "2024": true, "2025": false, "2026": false}, "tile": "52SBB", "secondary_20m": {"verdict": "abstain", "event_flag_frac": null, "rank": null}, "korea_tags": {}, "buffer1_verdict": "abstain", "buffer1_rank": null}}, {"type": "Feature", "geometry": {"type": "Point", "coordinates": [126.3319606, 33.3031239]}, "properties": {"oreum_id": "JJ-OREUM-020", "name": "거린오름", "verdict": "abstain", "abstain_reason": "event pair unobservable: 2025", "rank": null, "event_flag_frac": null, "event_n_flag": null, "null_flag_frac": null, "persistent_tokens": 0, "event_only_tokens": 14, "valid_token_fraction": {"2023": 0.999, "2024": 0.4302, "2025": 0.1216, "2026": 1.0}, "observable_by_year": {"2023": true, "2024": true, "2025": false, "2026": true}, "tile": "52SBB", "secondary_20m": {"verdict": "abstain", "event_flag_frac": null, "rank": null}, "korea_tags": {}, "buffer1_verdict": "abstain", "buffer1_rank": null}}, {"type": "Feature", "geometry": {"type": "Point", "coordinates": [126.7182215, 33.4547869]}, "properties": {"oreum_id": "JJ-OREUM-021", "name": "거문오름", "verdict": "abstain", "abstain_reason": "event pair unobservable: 2025", "rank": null, "event_flag_frac": null, "event_n_flag": null, "null_flag_frac": null, "persistent_tokens": 3, "event_only_tokens": 3, "valid_token_fraction": {"2023": 0.9006, "2024": 0.5667, "2025": 0.0022, "2026": 0.9741}, "observable_by_year": {"2023": true, "2024": true, "2025": false, "2026": true}, "tile": "52SBC", "secondary_20m": {"verdict": "abstain", "event_flag_frac": null, "rank": null}, "korea_tags": {"자연환경보전지역": ["자연환경보전지역"], "문화재·보호구역": ["국가지정문화재구역"]}, "buffer1_verdict": "abstain", "buffer1_rank": null}}, {"type": "Feature", "geometry": {"type": "Point", "coordinates": [126.8035498, 33.4488981]}, "properties": {"oreum_id": "JJ-OREUM-022", "name": "거미오름", "verdict": "scored", "abstain_reason": null, "rank": 60, "event_flag_frac": 0.0239, "event_n_flag": 71, "null_flag_frac": 0.0347, "persistent_tokens": 28, "event_only_tokens": 31, "valid_token_fraction": {"2023": 0.3162, "2024": 0.4817, "2025": 0.8784, "2026": 0.8157}, "observable_by_year": {"2023": true, "2024": true, "2025": true, "2026": true}, "tile": "52SBC", "secondary_20m": {"verdict": "scored", "event_flag_frac": 0.0201, "rank": 61}, "korea_tags": {}, "buffer1_verdict": "scored", "buffer1_rank": 68}}, {"type": "Feature", "geometry": {"type": "Point", "coordinates": [126.7405561, 33.4596557]}, "properties": {"oreum_id": "JJ-OREUM-024", "name": "거친오름", "verdict": "abstain", "abstain_reason": "event pair unobservable: 2025", "rank": null, "event_flag_frac": null, "event_n_flag": null, "null_flag_frac": null, "persistent_tokens": 0, "event_only_tokens": 0, "valid_token_fraction": {"2023": 0.9062, "2024": 0.7241, "2025": 0.0, "2026": 0.9692}, "observable_by_year": {"2023": true, "2024": true, "2025": false, "2026": true}, "tile": "52SBC", "secondary_20m": {"verdict": "abstain", "event_flag_frac": null, "rank": null}, "korea_tags": {}, "buffer1_verdict": "abstain", "buffer1_rank": null}}, {"type": "Feature", "geometry": {"type": "Point", "coordinates": [126.6201097, 33.4447383]}, "properties": {"oreum_id": "JJ-OREUM-025", "name": "거친오름", "verdict": "abstain", "abstain_reason": "event pair unobservable: 2025", "rank": null, "event_flag_frac": null, "event_n_flag": null, "null_flag_frac": null, "persistent_tokens": 15, "event_only_tokens": 15, "valid_token_fraction": {"2023": 0.7649, "2024": 0.938, "2025": 0.0903, "2026": 0.9998}, "observable_by_year": {"2023": true, "2024": true, "2025": false, "2026": true}, "tile": "52SBC", "secondary_20m": {"verdict": "abstain", "event_flag_frac": null, "rank": null}, "korea_tags": {}, "buffer1_verdict": "abstain", "buffer1_rank": null}}, {"type": "Feature", "geometry": {"type": "Point", "coordinates": [126.8154541, 33.3764452]}, "properties": {"oreum_id": "JJ-OREUM-026", "name": "걸리오름", "verdict": "scored", "abstain_reason": null, "rank": 93, "event_flag_frac": 0.0129, "event_n_flag": 32, "null_flag_frac": 0.0169, "persistent_tokens": 15, "event_only_tokens": 16, "valid_token_fraction": {"2023": 0.7319, "2024": 0.9155, "2025": 0.9658, "2026": 0.6416}, "observable_by_year": {"2023": true, "2024": true, "2025": true, "2026": true}, "tile": "52SBC", "secondary_20m": {"verdict": "scored", "event_flag_frac": 0.0128, "rank": 91}, "korea_tags": {}, "buffer1_verdict": "scored", "buffer1_rank": 71}}, {"type": "Feature", "geometry": {"type": "Point", "coordinates": [126.6197944, 33.2823139]}, "properties": {"oreum_id": "JJ-OREUM-027", "name": "걸서악(동걸세)", "verdict": "abstain", "abstain_reason": "event pair unobservable: 2026", "rank": null, "event_flag_frac": null, "event_n_flag": null, "null_flag_frac": 0.0079, "persistent_tokens": 0, "event_only_tokens": 9, "valid_token_fraction": {"2023": 1.0, "2024": 0.9429, "2025": 0.5955, "2026": 0.0674}, "observable_by_year": {"2023": true, "2024": true, "2025": true, "2026": false}, "tile": "52SBB", "secondary_20m": {"verdict": "abstain", "event_flag_frac": null, "rank": null}, "korea_tags": {"문화재·보호구역": ["역사문화환경보존지역"]}, "buffer1_verdict": "abstain", "buffer1_rank": null}}, {"type": "Feature", "geometry": {"type": "Point", "coordinates": [126.4063162, 33.3625652]}, "properties": {"oreum_id": "JJ-OREUM-031", "name": "검은들먹오름", "verdict": "scored", "abstain_reason": null, "rank": 25, "event_flag_frac": 0.0627, "event_n_flag": 80, "null_flag_frac": 0.0152, "persistent_tokens": 7, "event_only_tokens": 56, "valid_token_fraction": {"2023": 0.9404, "2024": 0.5947, "2025": 0.4595, "2026": 0.7378}, "observable_by_year": {"2023": true, "2024": true, "2025": true, "2026": true}, "tile": "52SBC", "secondary_20m": {"verdict": "scored", "event_flag_frac": 0.0589, "rank": 28}, "korea_tags": {}, "buffer1_verdict": "scored", "buffer1_rank": 23}}, {"type": "Feature", "geometry": {"type": "Point", "coordinates": [126.4977501, 33.4427975]}, "properties": {"oreum_id": "JJ-OREUM-032", "name": "검은오름", "verdict": "abstain", "abstain_reason": "no cube", "rank": null, "event_flag_frac": null, "event_n_flag": null, "null_flag_frac": 0.0397, "persistent_tokens": 8, "event_only_tokens": 11, "valid_token_fraction": {"2023": 0.3398, "2024": 0.999, "2025": 0.24, "2026": 0.5591}, "observable_by_year": {"2023": true, "2024": true, "2025": true, "2026": true}, "tile": "52SBC", "secondary_20m": {"verdict": "abstain", "event_flag_frac": null, "rank": null}, "korea_tags": {}, "buffer1_verdict": "abstain", "buffer1_rank": null}}, {"type": "Feature", "geometry": {"type": "Point", "coordinates": [126.5137393, 33.2668804]}, "properties": {"oreum_id": "JJ-OREUM-033", "name": "고근산", "verdict": "scored", "abstain_reason": null, "rank": 82, "event_flag_frac": 0.015, "event_n_flag": 15, "null_flag_frac": 0.001, "persistent_tokens": 0, "event_only_tokens": 15, "valid_token_fraction": {"2023": 1.0, "2024": 0.8142, "2025": 0.2588, "2026": 0.8357}, "observable_by_year": {"2023": true, "2024": true, "2025": true, "2026": true}, "tile": "52SBB", "secondary_20m": {"verdict": "scored", "event_flag_frac": 0.0159, "rank": 78}, "korea_tags": {}, "buffer1_verdict": "scored", "buffer1_rank": 66}}, {"type": "Feature", "geometry": {"type": "Point", "coordinates": [126.3414694, 33.4593322]}, "properties": {"oreum_id": "JJ-OREUM-034", "name": "고내봉", "verdict": "scored", "abstain_reason": null, "rank": 138, "event_flag_frac": 0.0023, "event_n_flag": 2, "null_flag_frac": 0.0117, "persistent_tokens": 2, "event_only_tokens": 0, "valid_token_fraction": {"2023": 0.9482, "2024": 0.9963, "2025": 0.2505, "2026": 0.6575}, "observable_by_year": {"2023": true, "2024": true, "2025": true, "2026": true}, "tile": "52SBC", "secondary_20m": {"verdict": "abstain", "event_flag_frac": null, "rank": null}, "korea_tags": {}, "buffer1_verdict": "abstain", "buffer1_rank": null}}, {"type": "Feature", "geometry": {"type": "Point", "coordinates": [126.6605969, 33.3190332]}, "properties": {"oreum_id": "JJ-OREUM-036", "name": "고이악", "verdict": "scored", "abstain_reason": null, "rank": 27, "event_flag_frac": 0.0613, "event_n_flag": 86, "null_flag_frac": null, "persistent_tokens": 0, "event_only_tokens": 0, "valid_token_fraction": {"2023": 0.7927, "2024": 0.0, "2025": 0.3423, "2026": 1.0}, "observable_by_year": {"2023": true, "2024": false, "2025": true, "2026": true}, "tile": "52SBB", "secondary_20m": {"verdict": "scored", "event_flag_frac": 0.0602, "rank": 27}, "korea_tags": {}, "buffer1_verdict": "scored", "buffer1_rank": 21}}, {"type": "Feature", "geometry": {"type": "Point", "coordinates": [126.3231774, 33.446247]}, "properties": {"oreum_id": "JJ-OREUM-039", "name": "과오름", "verdict": "scored", "abstain_reason": null, "rank": 135, "event_flag_frac": 0.0027, "event_n_flag": 9, "null_flag_frac": 0.0047, "persistent_tokens": 6, "event_only_tokens": 3, "valid_token_fraction": {"2023": 0.8103, "2024": 0.8262, "2025": 0.8279, "2026": 0.8276}, "observable_by_year": {"2023": true, "2024": true, "2025": true, "2026": true}, "tile": "51SYT", "secondary_20m": {"verdict": "scored", "event_flag_frac": 0.0038, "rank": 130}, "korea_tags": {}, "buffer1_verdict": "scored", "buffer1_rank": 118}}, {"type": "Feature", "geometry": {"type": "Point", "coordinates": [126.4954659, 33.4680422]}, "properties": {"oreum_id": "JJ-OREUM-040", "name": "광이오름", "verdict": "scored", "abstain_reason": null, "rank": 91, "event_flag_frac": 0.0134, "event_n_flag": 32, "null_flag_frac": 0.0083, "persistent_tokens": 9, "event_only_tokens": 23, "valid_token_fraction": {"2023": 0.2141, "2024": 0.9915, "2025": 0.8013, "2026": 0.7595}, "observable_by_year": {"2023": true, "2024": true, "2025": true, "2026": true}, "tile": "52SBC", "secondary_20m": {"verdict": "scored", "event_flag_frac": 0.0106, "rank": 96}, "korea_tags": {}, "buffer1_verdict": "scored", "buffer1_rank": 110}}, {"type": "Feature", "geometry": {"type": "Point", "coordinates": [126.780749, 33.4618609]}, "properties": {"oreum_id": "JJ-OREUM-041", "name": "괭이모루", "verdict": "abstain", "abstain_reason": "no cube", "rank": null, "event_flag_frac": null, "event_n_flag": null, "null_flag_frac": null, "persistent_tokens": 0, "event_only_tokens": 32, "valid_token_fraction": {"2023": 0.4663, "2024": 0.2168, "2025": 0.2253, "2026": 0.8691}, "observable_by_year": {"2023": true, "2024": true, "2025": true, "2026": true}, "tile": "52SBC", "secondary_20m": {"verdict": "abstain", "event_flag_frac": null, "rank": null}, "korea_tags": {}, "buffer1_verdict": "abstain", "buffer1_rank": null}}, {"type": "Feature", "geometry": {"type": "Point", "coordinates": [126.3794774, 33.3585579]}, "properties": {"oreum_id": "JJ-OREUM-043", "name": "괴오름", "verdict": "scored", "abstain_reason": null, "rank": 34, "event_flag_frac": 0.0495, "event_n_flag": 50, "null_flag_frac": null, "persistent_tokens": 0, "event_only_tokens": 12, "valid_token_fraction": {"2023": 0.9583, "2024": 0.3608, "2025": 0.2942, "2026": 0.7454}, "observable_by_year": {"2023": true, "2024": true, "2025": true, "2026": true}, "tile": "52SBB", "secondary_20m": {"verdict": "scored", "event_flag_frac": 0.0443, "rank": 35}, "korea_tags": {"자연환경보전지역": ["자연환경보전지역"]}, "buffer1_verdict": "abstain", "buffer1_rank": null}}, {"type": "Feature", "geometry": {"type": "Point", "coordinates": [126.6878956, 33.4099502]}, "properties": {"oreum_id": "JJ-OREUM-045", "name": "구두리오름", "verdict": "abstain", "abstain_reason": "event pair unobservable: 2025", "rank": null, "event_flag_frac": null, "event_n_flag": null, "null_flag_frac": null, "persistent_tokens": 11, "event_only_tokens": 5, "valid_token_fraction": {"2023": 0.0725, "2024": 0.4221, "2025": 0.0142, "2026": 0.4849}, "observable_by_year": {"2023": false, "2024": true, "2025": false, "2026": true}, "tile": "52SBB", "secondary_20m": {"verdict": "abstain", "event_flag_frac": null, "rank": null}, "korea_tags": {}, "buffer1_verdict": "abstain", "buffer1_rank": null}}, {"type": "Feature", "geometry": {"type": "Point", "coordinates": [126.3702135, 33.253086]}, "properties": {"oreum_id": "JJ-OREUM-047", "name": "군산", "verdict": "scored", "abstain_reason": null, "rank": 56, "event_flag_frac": 0.0263, "event_n_flag": 77, "null_flag_frac": 0.0043, "persistent_tokens": 5, "event_only_tokens": 72, "valid_token_fraction": {"2023": 0.9983, "2024": 0.9917, "2025": 0.9143, "2026": 0.7188}, "observable_by_year": {"2023": true, "2024": true, "2025": true, "2026": true}, "tile": "52SBB", "secondary_20m": {"verdict": "scored", "event_flag_frac": 0.0316, "rank": 43}, "korea_tags": {}, "buffer1_verdict": "scored", "buffer1_rank": 37}}, {"type": "Feature", "geometry": {"type": "Point", "coordinates": [126.212275, 33.2991306]}, "properties": {"oreum_id": "JJ-OREUM-048", "name": "굽은오름", "verdict": "abstain", "abstain_reason": "event pair unobservable: 2025", "rank": null, "event_flag_frac": null, "event_n_flag": null, "null_flag_frac": null, "persistent_tokens": 0, "event_only_tokens": 0, "valid_token_fraction": {"2023": 0.2529, "2024": 0.6436, "2025": 0.0, "2026": 0.6658}, "observable_by_year": {"2023": true, "2024": true, "2025": false, "2026": true}, "tile": "51SYS", "secondary_20m": {"verdict": "abstain", "event_flag_frac": null, "rank": null}, "korea_tags": {}, "buffer1_verdict": "abstain", "buffer1_rank": null}}, {"type": "Feature", "geometry": {"type": "Point", "coordinates": [126.8231061, 33.4355941]}, "properties": {"oreum_id": "JJ-OREUM-049", "name": "궁대악", "verdict": "scored", "abstain_reason": null, "rank": 96, "event_flag_frac": 0.0113, "event_n_flag": 39, "null_flag_frac": 0.0134, "persistent_tokens": 3, "event_only_tokens": 24, "valid_token_fraction": {"2023": 0.5784, "2024": 0.7344, "2025": 0.9829, "2026": 0.863}, "observable_by_year": {"2023": true, "2024": true, "2025": true, "2026": true}, "tile": "52SBC", "secondary_20m": {"verdict": "scored", "event_flag_frac": 0.0109, "rank": 95}, "korea_tags": {}, "buffer1_verdict": "scored", "buffer1_rank": 80}}, {"type": "Feature", "geometry": {"type": "Point", "coordinates": [126.4806147, 33.2638635]}, "properties": {"oreum_id": "JJ-OREUM-050", "name": "궁산", "verdict": "scored", "abstain_reason": null, "rank": 97, "event_flag_frac": 0.0112, "event_n_flag": 22, "null_flag_frac": 0.0189, "persistent_tokens": 5, "event_only_tokens": 17, "valid_token_fraction": {"2023": 0.9355, "2024": 0.8857, "2025": 0.8005, "2026": 0.5991}, "observable_by_year": {"2023": true, "2024": true, "2025": true, "2026": true}, "tile": "52SBB", "secondary_20m": {"verdict": "scored", "event_flag_frac": 0.0125, "rank": 93}, "korea_tags": {"문화재·보호구역": ["역사문화환경보존지역"]}, "buffer1_verdict": "scored", "buffer1_rank": 77}}, {"type": "Feature", "geometry": {"type": "Point", "coordinates": [126.6338977, 33.3941071]}, "properties": {"oreum_id": "JJ-OREUM-052", "name": "궤펜이", "verdict": "abstain", "abstain_reason": "event pair unobservable: 2025", "rank": null, "event_flag_frac": null, "event_n_flag": null, "null_flag_frac": null, "persistent_tokens": 0, "event_only_tokens": 0, "valid_token_fraction": {"2023": 0.0032, "2024": 0.3696, "2025": 0.0017, "2026": 0.4717}, "observable_by_year": {"2023": false, "2024": true, "2025": false, "2026": true}, "tile": "52SBB", "secondary_20m": {"verdict": "abstain", "event_flag_frac": null, "rank": null}, "korea_tags": {}, "buffer1_verdict": "abstain", "buffer1_rank": null}}, {"type": "Feature", "geometry": {"type": "Point", "coordinates": [126.405954, 33.396976]}, "properties": {"oreum_id": "JJ-OREUM-053", "name": "궷물오름", "verdict": "abstain", "abstain_reason": "no cube", "rank": null, "event_flag_frac": null, "event_n_flag": null, "null_flag_frac": null, "persistent_tokens": 0, "event_only_tokens": 3, "valid_token_fraction": {"2023": 0.5759, "2024": 0.0278, "2025": 0.2461, "2026": 0.7988}, "observable_by_year": {"2023": true, "2024": false, "2025": true, "2026": true}, "tile": "52SBB", "secondary_20m": {"verdict": "abstain", "event_flag_frac": null, "rank": null}, "korea_tags": {}, "buffer1_verdict": "abstain", "buffer1_rank": null}}, {"type": "Feature", "geometry": {"type": "Point", "coordinates": [126.2853977, 33.2351332]}, "properties": {"oreum_id": "JJ-OREUM-055", "name": "금산", "verdict": "scored", "abstain_reason": null, "rank": 112, "event_flag_frac": 0.006, "event_n_flag": 6, "null_flag_frac": null, "persistent_tokens": 4, "event_only_tokens": 0, "valid_token_fraction": {"2023": 0.3372, "2024": 0.2522, "2025": 0.2449, "2026": 1.0}, "observable_by_year": {"2023": true, "2024": true, "2025": true, "2026": true}, "tile": "51SYS", "secondary_20m": {"verdict": "scored", "event_flag_frac": 0.0058, "rank": 122}, "korea_tags": {}, "buffer1_verdict": "scored", "buffer1_rank": 115}}, {"type": "Feature", "geometry": {"type": "Point", "coordinates": [126.3058247, 33.3546336]}, "properties": {"oreum_id": "JJ-OREUM-056", "name": "금오름", "verdict": "scored", "abstain_reason": null, "rank": 2, "event_flag_frac": 0.2027, "event_n_flag": 180, "null_flag_frac": 0.0278, "persistent_tokens": 2, "event_only_tokens": 148, "valid_token_fraction": {"2023": 0.9097, "2024": 0.7415, "2025": 0.3452, "2026": 0.6812}, "observable_by_year": {"2023": true, "2024": true, "2025": true, "2026": true}, "tile": "52SBB", "secondary_20m": {"verdict": "scored", "event_flag_frac": 0.1821, "rank": 3}, "korea_tags": {"자연환경보전지역": ["자연환경보전지역"]}, "buffer1_verdict": "abstain", "buffer1_rank": null}}, {"type": "Feature", "geometry": {"type": "Point", "coordinates": [126.833968, 33.4145833]}, "properties": {"oreum_id": "JJ-OREUM-059", "name": "나시리오름", "verdict": "abstain", "abstain_reason": "no cube", "rank": null, "event_flag_frac": null, "event_n_flag": null, "null_flag_frac": null, "persistent_tokens": 0, "event_only_tokens": 7, "valid_token_fraction": {"2023": 0.4648, "2024": 0.3186, "2025": 0.2976, "2026": 0.585}, "observable_by_year": {"2023": true, "2024": true, "2025": true, "2026": true}, "tile": "52SBB", "secondary_20m": {"verdict": "abstain", "event_flag_frac": null, "rank": null}, "korea_tags": {}, "buffer1_verdict": "abstain", "buffer1_rank": null}}, {"type": "Feature", "geometry": {"type": "Point", "coordinates": [126.8124489, 33.3833961]}, "properties": {"oreum_id": "JJ-OREUM-060", "name": "남산봉", "verdict": "scored", "abstain_reason": null, "rank": 14, "event_flag_frac": 0.0932, "event_n_flag": 322, "null_flag_frac": 0.0357, "persistent_tokens": 45, "event_only_tokens": 126, "valid_token_fraction": {"2023": 0.78, "2024": 0.3423, "2025": 0.9487, "2026": 0.8918}, "observable_by_year": {"2023": true, "2024": true, "2025": true, "2026": true}, "tile": "52SBB", "secondary_20m": {"verdict": "scored", "event_flag_frac": 0.085, "rank": 15}, "korea_tags": {}, "buffer1_verdict": "scored", "buffer1_rank": 8}}, {"type": "Feature", "geometry": {"type": "Point", "coordinates": [126.3065836, 33.3121964]}, "properties": {"oreum_id": "JJ-OREUM-061", "name": "남송이오름", "verdict": "abstain", "abstain_reason": "event pair unobservable: 2025", "rank": null, "event_flag_frac": null, "event_n_flag": null, "null_flag_frac": null, "persistent_tokens": 0, "event_only_tokens": 0, "valid_token_fraction": {"2023": 0.9985, "2024": 0.2815, "2025": 0.0002, "2026": 1.0}, "observable_by_year": {"2023": true, "2024": true, "2025": false, "2026": true}, "tile": "51SYS", "secondary_20m": {"verdict": "abstain", "event_flag_frac": null, "rank": null}, "korea_tags": {}, "buffer1_verdict": "abstain", "buffer1_rank": null}}, {"type": "Feature", "geometry": {"type": "Point", "coordinates": [126.6536338, 33.3357241]}, "properties": {"oreum_id": "JJ-OREUM-065", "name": "넙거리", "verdict": "abstain", "abstain_reason": "event pair unobservable: 2025", "rank": null, "event_flag_frac": null, "event_n_flag": null, "null_flag_frac": null, "persistent_tokens": 0, "event_only_tokens": 0, "valid_token_fraction": {"2023": 0.1072, "2024": 0.0, "2025": 0.0125, "2026": 0.9216}, "observable_by_year": {"2023": false, "2024": false, "2025": false, "2026": true}, "tile": "52SBB", "secondary_20m": {"verdict": "abstain", "event_flag_frac": null, "rank": null}, "korea_tags": {}, "buffer1_verdict": "abstain", "buffer1_rank": null}}, {"type": "Feature", "geometry": {"type": "Point", "coordinates": [126.4393034, 33.3662545]}, "properties": {"oreum_id": "JJ-OREUM-070", "name": "노로오름", "verdict": "abstain", "abstain_reason": "no cube", "rank": null, "event_flag_frac": null, "event_n_flag": null, "null_flag_frac": null, "persistent_tokens": 0, "event_only_tokens": 3, "valid_token_fraction": {"2023": 0.5554, "2024": 0.2698, "2025": 0.2239, "2026": 0.406}, "observable_by_year": {"2023": true, "2024": true, "2025": true, "2026": true}, "tile": "52SBB", "secondary_20m": {"verdict": "abstain", "event_flag_frac": null, "rank": null}, "korea_tags": {}, "buffer1_verdict": "abstain", "buffer1_rank": null}}, {"type": "Feature", "geometry": {"type": "Point", "coordinates": [126.1958761, 33.2793603]}, "properties": {"oreum_id": "JJ-OREUM-072", "name": "녹남봉", "verdict": "abstain", "abstain_reason": "event pair unobservable: 2025", "rank": null, "event_flag_frac": null, "event_n_flag": null, "null_flag_frac": null, "persistent_tokens": 0, "event_only_tokens": 0, "valid_token_fraction": {"2023": 0.2354, "2024": 0.9998, "2025": 0.1887, "2026": 0.3921}, "observable_by_year": {"2023": true, "2024": true, "2025": false, "2026": true}, "tile": "51SYS", "secondary_20m": {"verdict": "abstain", "event_flag_frac": null, "rank": null}, "korea_tags": {}, "buffer1_verdict": "abstain", "buffer1_rank": null}}, {"type": "Feature", "geometry": {"type": "Point", "coordinates": [126.4308806, 33.3046417]}, "properties": {"oreum_id": "JJ-OREUM-073", "name": "녹하지악", "verdict": "abstain", "abstain_reason": "event pair unobservable: 2025", "rank": null, "event_flag_frac": null, "event_n_flag": null, "null_flag_frac": null, "persistent_tokens": 0, "event_only_tokens": 0, "valid_token_fraction": {"2023": 0.4219, "2024": 0.0544, "2025": 0.0173, "2026": 0.5105}, "observable_by_year": {"2023": true, "2024": false, "2025": false, "2026": true}, "tile": "52SBB", "secondary_20m": {"verdict": "abstain", "event_flag_frac": null, "rank": null}, "korea_tags": {}, "buffer1_verdict": "abstain", "buffer1_rank": null}}, {"type": "Feature", "geometry": {"type": "Point", "coordinates": [126.6104757, 33.3596491]}, "properties": {"oreum_id": "JJ-OREUM-074", "name": "논고악", "verdict": "abstain", "abstain_reason": "event pair unobservable: 2025", "rank": null, "event_flag_frac": null, "event_n_flag": null, "null_flag_frac": null, "persistent_tokens": 0, "event_only_tokens": 0, "valid_token_fraction": {"2023": 0.0012, "2024": 0.0435, "2025": 0.0005, "2026": 0.6702}, "observable_by_year": {"2023": false, "2024": false, "2025": false, "2026": true}, "tile": "52SBB", "secondary_20m": {"verdict": "abstain", "event_flag_frac": null, "rank": null}, "korea_tags": {"자연환경보전지역": ["자연환경보전지역"], "문화재·보호구역": ["국가지정문화재구역", "문화재보호구역"], "한라산국립공원": ["한라산"]}, "buffer1_verdict": "abstain", "buffer1_rank": null}}, {"type": "Feature", "geometry": {"type": "Point", "coordinates": [126.3376107, 33.27132]}, "properties": {"oreum_id": "JJ-OREUM-075", "name": "논오름", "verdict": "scored", "abstain_reason": null, "rank": 90, "event_flag_frac": 0.0136, "event_n_flag": 43, "null_flag_frac": 0.0128, "persistent_tokens": 1, "event_only_tokens": 19, "valid_token_fraction": {"2023": 0.999, "2024": 0.3616, "2025": 0.7839, "2026": 0.9824}, "observable_by_year": {"2023": true, "2024": true, "2025": true, "2026": true}, "tile": "52SBB", "secondary_20m": {"verdict": "scored", "event_flag_frac": 0.0169, "rank": 76}, "korea_tags": {}, "buffer1_verdict": "scored", "buffer1_rank": 69}}, {"type": "Feature", "geometry": {"type": "Point", "coordinates": [126.7930234, 33.4564687]}, "properties": {"oreum_id": "JJ-OREUM-077", "name": "높은오름", "verdict": "scored", "abstain_reason": null, "rank": 83, "event_flag_frac": 0.0143, "event_n_flag": 25, "null_flag_frac": 0.0037, "persistent_tokens": 1, "event_only_tokens": 18, "valid_token_fraction": {"2023": 0.2493, "2024": 0.3545, "2025": 0.5803, "2026": 0.7449}, "observable_by_year": {"2023": true, "2024": true, "2025": true, "2026": true}, "tile": "52SBC", "secondary_20m": {"verdict": "scored", "event_flag_frac": 0.0134, "rank": 88}, "korea_tags": {"자연환경보전지역": ["자연환경보전지역"]}, "buffer1_verdict": "scored", "buffer1_rank": 101}}, {"type": "Feature", "geometry": {"type": "Point", "coordinates": [126.3312331, 33.3623643]}, "properties": {"oreum_id": "JJ-OREUM-079", "name": "누운오름", "verdict": "scored", "abstain_reason": null, "rank": 6, "event_flag_frac": 0.1339, "event_n_flag": 357, "null_flag_frac": 0.0305, "persistent_tokens": 7, "event_only_tokens": 133, "valid_token_fraction": {"2023": 0.8792, "2024": 0.6594, "2025": 0.8276, "2026": 0.7698}, "observable_by_year": {"2023": true, "2024": true, "2025": true, "2026": true}, "tile": "52SBB", "secondary_20m": {"verdict": "scored", "event_flag_frac": 0.1242, "rank": 7}, "korea_tags": {}, "buffer1_verdict": "scored", "buffer1_rank": 4}}, {"type": "Feature", "geometry": {"type": "Point", "coordinates": [126.3702778, 33.43965]}, "properties": {"oreum_id": "JJ-OREUM-081", "name": "눈오름", "verdict": "scored", "abstain_reason": null, "rank": 131, "event_flag_frac": 0.0039, "event_n_flag": 6, "null_flag_frac": 0.0037, "persistent_tokens": 1, "event_only_tokens": 5, "valid_token_fraction": {"2023": 0.6328, "2024": 1.0, "2025": 0.7195, "2026": 0.5208}, "observable_by_year": {"2023": true, "2024": true, "2025": true, "2026": true}, "tile": "52SBC", "secondary_20m": {"verdict": "scored", "event_flag_frac": 0.0072, "rank": 119}, "korea_tags": {}, "buffer1_verdict": "scored", "buffer1_rank": 95}}, {"type": "Feature", "geometry": {"type": "Point", "coordinates": [126.4747987, 33.4594672]}, "properties": {"oreum_id": "JJ-OREUM-082", "name": "눈오름", "verdict": "scored", "abstain_reason": null, "rank": 128, "event_flag_frac": 0.0044, "event_n_flag": 8, "null_flag_frac": 0.007, "persistent_tokens": 2, "event_only_tokens": 6, "valid_token_fraction": {"2023": 0.3418, "2024": 0.8418, "2025": 0.6187, "2026": 0.7776}, "observable_by_year": {"2023": true, "2024": true, "2025": true, "2026": true}, "tile": "52SBC", "secondary_20m": {"verdict": "scored", "event_flag_frac": 0.0039, "rank": 128}, "korea_tags": {}, "buffer1_verdict": "scored", "buffer1_rank": 122}}, {"type": "Feature", "geometry": {"type": "Point", "coordinates": [126.2615851, 33.3665967]}, "properties": {"oreum_id": "JJ-OREUM-083", "name": "느지리오름", "verdict": "scored", "abstain_reason": null, "rank": 95, "event_flag_frac": 0.0122, "event_n_flag": 50, "null_flag_frac": 0.0021, "persistent_tokens": 2, "event_only_tokens": 48, "valid_token_fraction": {"2023": 0.7017, "2024": 0.9373, "2025": 1.0, "2026": 0.9998}, "observable_by_year": {"2023": true, "2024": true, "2025": true, "2026": true}, "tile": "51SYT", "secondary_20m": {"verdict": "scored", "event_flag_frac": 0.0143, "rank": 85}, "korea_tags": {"문화재·보호구역": ["역사문화환경보존지역"]}, "buffer1_verdict": "scored", "buffer1_rank": 70}}, {"type": "Feature", "geometry": {"type": "Point", "coordinates": [126.5341306, 33.4002094]}, "properties": {"oreum_id": "JJ-OREUM-085", "name": "능화오름", "verdict": "abstain", "abstain_reason": "event pair unobservable: 2025", "rank": null, "event_flag_frac": null, "event_n_flag": null, "null_flag_frac": null, "persistent_tokens": 0, "event_only_tokens": 0, "valid_token_fraction": {"2023": 0.0542, "2024": 0.0, "2025": 0.0, "2026": 0.2351}, "observable_by_year": {"2023": false, "2024": false, "2025": false, "2026": true}, "tile": "52SBB", "secondary_20m": {"verdict": "abstain", "event_flag_frac": null, "rank": null}, "korea_tags": {"자연환경보전지역": ["자연환경보전지역"], "문화재·보호구역": ["국가지정문화재구역"], "한라산국립공원": ["한라산"]}, "buffer1_verdict": "abstain", "buffer1_rank": null}}, {"type": "Feature", "geometry": {"type": "Point", "coordinates": [126.8215284, 33.4777119]}, "properties": {"oreum_id": "JJ-OREUM-086", "name": "다랑쉬", "verdict": "abstain", "abstain_reason": "event pair unobservable: 2025", "rank": null, "event_flag_frac": null, "event_n_flag": null, "null_flag_frac": null, "persistent_tokens": 39, "event_only_tokens": 0, "valid_token_fraction": {"2023": 0.4756, "2024": 0.8181, "2025": 0.0156, "2026": 0.9087}, "observable_by_year": {"2023": true, "2024": true, "2025": false, "2026": true}, "tile": "52SBC", "secondary_20m": {"verdict": "abstain", "event_flag_frac": null, "rank": null}, "korea_tags": {}, "buffer1_verdict": "abstain", "buffer1_rank": null}}, {"type": "Feature", "geometry": {"type": "Point", "coordinates": [126.2883304, 33.2428728]}, "properties": {"oreum_id": "JJ-OREUM-090", "name": "단산", "verdict": "scored", "abstain_reason": null, "rank": 150, "event_flag_frac": 0.0, "event_n_flag": 0, "null_flag_frac": null, "persistent_tokens": 0, "event_only_tokens": 0, "valid_token_fraction": {"2023": 0.1741, "2024": 0.24, "2025": 0.2664, "2026": 0.8909}, "observable_by_year": {"2023": false, "2024": true, "2025": true, "2026": true}, "tile": "51SYS", "secondary_20m": {"verdict": "scored", "event_flag_frac": 0.0, "rank": 151}, "korea_tags": {}, "buffer1_verdict": "abstain", "buffer1_rank": null}}, {"type": "Feature", "geometry": {"type": "Point", "coordinates": [126.1726059, 33.307918]}, "properties": {"oreum_id": "JJ-OREUM-092", "name": "당산봉", "verdict": "scored", "abstain_reason": null, "rank": 87, "event_flag_frac": 0.0139, "event_n_flag": 13, "null_flag_frac": 0.0013, "persistent_tokens": 0, "event_only_tokens": 13, "valid_token_fraction": {"2023": 0.4395, "2024": 0.9902, "2025": 0.3689, "2026": 0.7109}, "observable_by_year": {"2023": true, "2024": true, "2025": true, "2026": true}, "tile": "51SYS", "secondary_20m": {"verdict": "scored", "event_flag_frac": 0.008, "rank": 111}, "korea_tags": {"문화재·보호구역": ["역사문화환경보존지역"]}, "buffer1_verdict": "scored", "buffer1_rank": 104}}, {"type": "Feature", "geometry": {"type": "Point", "coordinates": [126.1701472, 33.3117136]}, "properties": {"oreum_id": "JJ-OREUM-093", "name": "당산봉 알봉", "verdict": "scored", "abstain_reason": null, "rank": 98, "event_flag_frac": 0.0106, "event_n_flag": 13, "null_flag_frac": 0.0012, "persistent_tokens": 0, "event_only_tokens": 13, "valid_token_fraction": {"2023": 0.5591, "2024": 0.9951, "2025": 0.4089, "2026": 0.7651}, "observable_by_year": {"2023": true, "2024": true, "2025": true, "2026": true}, "tile": "51SYS", "secondary_20m": {"verdict": "scored", "event_flag_frac": 0.0075, "rank": 116}, "korea_tags": {"문화재·보호구역": ["역사문화환경보존지역"]}, "buffer1_verdict": "scored", "buffer1_rank": 111}}, {"type": "Feature", "geometry": {"type": "Point", "coordinates": [126.3357562, 33.3340724]}, "properties": {"oreum_id": "JJ-OREUM-094", "name": "당오름", "verdict": "scored", "abstain_reason": null, "rank": 19, "event_flag_frac": 0.0873, "event_n_flag": 148, "null_flag_frac": 0.0118, "persistent_tokens": 4, "event_only_tokens": 99, "valid_token_fraction": {"2023": 1.0, "2024": 0.6252, "2025": 0.4949, "2026": 0.8962}, "observable_by_year": {"2023": true, "2024": true, "2025": true, "2026": true}, "tile": "52SBB", "secondary_20m": {"verdict": "scored", "event_flag_frac": 0.0849, "rank": 16}, "korea_tags": {"자연환경보전지역": ["자연환경보전지역"]}, "buffer1_verdict": "scored", "buffer1_rank": 12}}, {"type": "Feature", "geometry": {"type": "Point", "coordinates": [126.7786076, 33.4666281]}, "properties": {"oreum_id": "JJ-OREUM-095", "name": "당오름", "verdict": "abstain", "abstain_reason": "event pair unobservable: 2025", "rank": null, "event_flag_frac": null, "event_n_flag": null, "null_flag_frac": null, "persistent_tokens": 18, "event_only_tokens": 48, "valid_token_fraction": {"2023": 0.5024, "2024": 0.1951, "2025": 0.075, "2026": 0.9058}, "observable_by_year": {"2023": true, "2024": false, "2025": false, "2026": true}, "tile": "52SBC", "secondary_20m": {"verdict": "abstain", "event_flag_frac": null, "rank": null}, "korea_tags": {"자연환경보전지역": ["자연환경보전지역"]}, "buffer1_verdict": "abstain", "buffer1_rank": null}}, {"type": "Feature", "geometry": {"type": "Point", "coordinates": [126.6876166, 33.4785734]}, "properties": {"oreum_id": "JJ-OREUM-096", "name": "당오름", "verdict": "scored", "abstain_reason": null, "rank": 99, "event_flag_frac": 0.01, "event_n_flag": 37, "null_flag_frac": 0.02, "persistent_tokens": 7, "event_only_tokens": 25, "valid_token_fraction": {"2023": 0.3594, "2024": 0.8477, "2025": 0.9102, "2026": 0.9963}, "observable_by_year": {"2023": true, "2024": true, "2025": true, "2026": true}, "tile": "52SBC", "secondary_20m": {"verdict": "scored", "event_flag_frac": 0.0149, "rank": 84}, "korea_tags": {}, "buffer1_verdict": "scored", "buffer1_rank": 73}}, {"type": "Feature", "geometry": {"type": "Point", "coordinates": [126.7291545, 33.3995242]}, "properties": {"oreum_id": "JJ-OREUM-097", "name": "대록산", "verdict": "scored", "abstain_reason": null, "rank": 43, "event_flag_frac": 0.038, "event_n_flag": 40, "null_flag_frac": 0.0, "persistent_tokens": 0, "event_only_tokens": 34, "valid_token_fraction": {"2023": 0.7957, "2024": 0.5173, "2025": 0.2954, "2026": 0.7622}, "observable_by_year": {"2023": true, "2024": true, "2025": true, "2026": true}, "tile": "52SBB", "secondary_20m": {"verdict": "scored", "event_flag_frac": 0.031, "rank": 45}, "korea_tags": {}, "buffer1_verdict": "abstain", "buffer1_rank": null}}, {"type": "Feature", "geometry": {"type": "Point", "coordinates": [126.3682261, 33.3062741]}, "properties": {"oreum_id": "JJ-OREUM-099", "name": "대병악", "verdict": "abstain", "abstain_reason": "event pair unobservable: 2025", "rank": null, "event_flag_frac": null, "event_n_flag": null, "null_flag_frac": null, "persistent_tokens": 23, "event_only_tokens": 5, "valid_token_fraction": {"2023": 0.9966, "2024": 0.6631, "2025": 0.0149, "2026": 1.0}, "observable_by_year": {"2023": true, "2024": true, "2025": false, "2026": true}, "tile": "52SBB", "secondary_20m": {"verdict": "abstain", "event_flag_frac": null, "rank": null}, "korea_tags": {}, "buffer1_verdict": "abstain", "buffer1_rank": null}}, {"type": "Feature", "geometry": {"type": "Point", "coordinates": [126.9012957, 33.4400169]}, "properties": {"oreum_id": "JJ-OREUM-100", "name": "대수산봉", "verdict": "scored", "abstain_reason": null, "rank": 139, "event_flag_frac": 0.0023, "event_n_flag": 5, "null_flag_frac": 0.0093, "persistent_tokens": 4, "event_only_tokens": 1, "valid_token_fraction": {"2023": 0.6018, "2024": 1.0, "2025": 0.5774, "2026": 0.8931}, "observable_by_year": {"2023": true, "2024": true, "2025": true, "2026": true}, "tile": "52SBC", "secondary_20m": {"verdict": "scored", "event_flag_frac": 0.0026, "rank": 134}, "korea_tags": {}, "buffer1_verdict": "scored", "buffer1_rank": 119}}, {"type": "Feature", "geometry": {"type": "Point", "coordinates": [126.8726727, 33.4564559]}, "properties": {"oreum_id": "JJ-OREUM-101", "name": "대왕산", "verdict": "scored", "abstain_reason": null, "rank": 127, "event_flag_frac": 0.0045, "event_n_flag": 12, "null_flag_frac": 0.0057, "persistent_tokens": 2, "event_only_tokens": 6, "valid_token_fraction": {"2023": 0.7576, "2024": 0.5801, "2025": 0.9746, "2026": 0.6689}, "observable_by_year": {"2023": true, "2024": true, "2025": true, "2026": true}, "tile": "52SBC", "secondary_20m": {"verdict": "scored", "event_flag_frac": 0.0058, "rank": 123}, "korea_tags": {}, "buffer1_verdict": "scored", "buffer1_rank": 100}}, {"type": "Feature", "geometry": {"type": "Point", "coordinates": [126.6850443, 33.4513674]}, "properties": {"oreum_id": "JJ-OREUM-102", "name": "대천이오름", "verdict": "scored", "abstain_reason": null, "rank": 49, "event_flag_frac": 0.0325, "event_n_flag": 53, "null_flag_frac": 0.0282, "persistent_tokens": 12, "event_only_tokens": 30, "valid_token_fraction": {"2023": 0.9692, "2024": 0.5989, "2025": 0.3982, "2026": 1.0}, "observable_by_year": {"2023": true, "2024": true, "2025": true, "2026": true}, "tile": "52SBC", "secondary_20m": {"verdict": "scored", "event_flag_frac": 0.0311, "rank": 44}, "korea_tags": {}, "buffer1_verdict": "scored", "buffer1_rank": 43}}, {"type": "Feature", "geometry": {"type": "Point", "coordinates": [126.3212291, 33.326222]}, "properties": {"oreum_id": "JJ-OREUM-104", "name": "도너리오름", "verdict": "scored", "abstain_reason": null, "rank": 3, "event_flag_frac": 0.1917, "event_n_flag": 170, "null_flag_frac": null, "persistent_tokens": 2, "event_only_tokens": 150, "valid_token_fraction": {"2023": 0.9856, "2024": 0.6216, "2025": 0.2231, "2026": 0.9841}, "observable_by_year": {"2023": true, "2024": true, "2025": true, "2026": true}, "tile": "52SBB", "secondary_20m": {"verdict": "scored", "event_flag_frac": 0.1832, "rank": 2}, "korea_tags": {}, "buffer1_verdict": "abstain", "buffer1_rank": null}}, {"type": "Feature", "geometry": {"type": "Point", "coordinates": [126.4683629, 33.5080318]}, "properties": {"oreum_id": "JJ-OREUM-105", "name": "도두봉", "verdict": "scored", "abstain_reason": null, "rank": 142, "event_flag_frac": 0.0015, "event_n_flag": 6, "null_flag_frac": 0.0045, "persistent_tokens": 3, "event_only_tokens": 3, "valid_token_fraction": {"2023": 0.9592, "2024": 0.9919, "2025": 0.9802, "2026": 0.9917}, "observable_by_year": {"2023": true, "2024": true, "2025": true, "2026": true}, "tile": "52SBC", "secondary_20m": {"verdict": "scored", "event_flag_frac": 0.0023, "rank": 137}, "korea_tags": {}, "buffer1_verdict": "scored", "buffer1_rank": 121}}, {"type": "Feature", "geometry": {"type": "Point", "coordinates": [126.815162, 33.3150392]}, "properties": {"oreum_id": "JJ-OREUM-106", "name": "도청오름", "verdict": "scored", "abstain_reason": null, "rank": 62, "event_flag_frac": 0.0227, "event_n_flag": 70, "null_flag_frac": 0.0016, "persistent_tokens": 6, "event_only_tokens": 64, "valid_token_fraction": {"2023": 0.0847, "2024": 1.0, "2025": 0.9263, "2026": 0.793}, "observable_by_year": {"2023": false, "2024": true, "2025": true, "2026": true}, "tile": "52SBB", "secondary_20m": {"verdict": "scored", "event_flag_frac": 0.0194, "rank": 66}, "korea_tags": {}, "buffer1_verdict": "scored", "buffer1_rank": 63}}, {"type": "Feature", "geometry": {"type": "Point", "coordinates": [126.8535524, 33.3880033]}, "properties": {"oreum_id": "JJ-OREUM-107", "name": "독자봉", "verdict": "scored", "abstain_reason": null, "rank": 66, "event_flag_frac": 0.0206, "event_n_flag": 47, "null_flag_frac": null, "persistent_tokens": 0, "event_only_tokens": 2, "valid_token_fraction": {"2023": 0.5015, "2024": 0.2532, "2025": 0.5928, "2026": 0.9492}, "observable_by_year": {"2023": true, "2024": true, "2025": true, "2026": true}, "tile": "52SBB", "secondary_20m": {"verdict": "scored", "event_flag_frac": 0.0228, "rank": 56}, "korea_tags": {}, "buffer1_verdict": "scored", "buffer1_rank": 45}}, {"type": "Feature", "geometry": {"type": "Point", "coordinates": [126.2102703, 33.249893]}, "properties": {"oreum_id": "JJ-OREUM-108", "name": "돈두미오름", "verdict": "scored", "abstain_reason": null, "rank": 77, "event_flag_frac": 0.0174, "event_n_flag": 53, "null_flag_frac": 0.0003, "persistent_tokens": 0, "event_only_tokens": 52, "valid_token_fraction": {"2023": 0.8047, "2024": 0.95, "2025": 1.0, "2026": 0.7456}, "observable_by_year": {"2023": true, "2024": true, "2025": true, "2026": true}, "tile": "51SYS", "secondary_20m": {"verdict": "scored", "event_flag_frac": 0.0099, "rank": 99}, "korea_tags": {}, "buffer1_verdict": "scored", "buffer1_rank": 58}}, {"type": "Feature", "geometry": {"type": "Point", "coordinates": [126.4297583, 33.337155]}, "properties": {"oreum_id": "JJ-OREUM-110", "name": "돌오름", "verdict": "abstain", "abstain_reason": "no cube", "rank": null, "event_flag_frac": null, "event_n_flag": null, "null_flag_frac": 0.0058, "persistent_tokens": 4, "event_only_tokens": 12, "valid_token_fraction": {"2023": 0.9978, "2024": 1.0, "2025": 0.3809, "2026": 0.4377}, "observable_by_year": {"2023": true, "2024": true, "2025": true, "2026": true}, "tile": "52SBC", "secondary_20m": {"verdict": "abstain", "event_flag_frac": null, "rank": null}, "korea_tags": {}, "buffer1_verdict": "abstain", "buffer1_rank": null}}, {"type": "Feature", "geometry": {"type": "Point", "coordinates": [126.3634711, 33.3399161]}, "properties": {"oreum_id": "JJ-OREUM-112", "name": "돔박이", "verdict": "scored", "abstain_reason": null, "rank": 22, "event_flag_frac": 0.0705, "event_n_flag": 67, "null_flag_frac": null, "persistent_tokens": 3, "event_only_tokens": 25, "valid_token_fraction": {"2023": 0.9985, "2024": 0.4124, "2025": 0.2544, "2026": 0.9724}, "observable_by_year": {"2023": true, "2024": true, "2025": true, "2026": true}, "tile": "52SBB", "secondary_20m": {"verdict": "scored", "event_flag_frac": 0.0729, "rank": 20}, "korea_tags": {}, "buffer1_verdict": "abstain", "buffer1_rank": null}}, {"type": "Feature", "geometry": {"type": "Point", "coordinates": [126.668503, 33.4293036]}, "properties": {"oreum_id": "JJ-OREUM-113", "name": "돔배오름", "verdict": "abstain", "abstain_reason": "event pair unobservable: 2025", "rank": null, "event_flag_frac": null, "event_n_flag": null, "null_flag_frac": null, "persistent_tokens": 0, "event_only_tokens": 25, "valid_token_fraction": {"2023": 0.9089, "2024": 0.9031, "2025": 0.0425, "2026": 0.9995}, "observable_by_year": {"2023": true, "2024": true, "2025": false, "2026": true}, "tile": "52SBC", "secondary_20m": {"verdict": "abstain", "event_flag_frac": null, "rank": null}, "korea_tags": {}, "buffer1_verdict": "abstain", "buffer1_rank": null}}, {"type": "Feature", "geometry": {"type": "Point", "coordinates": [126.6276055, 33.3612074]}, "properties": {"oreum_id": "JJ-OREUM-114", "name": "동수악", "verdict": "abstain", "abstain_reason": "event pair unobservable: 2025", "rank": null, "event_flag_frac": null, "event_n_flag": null, "null_flag_frac": null, "persistent_tokens": 0, "event_only_tokens": 0, "valid_token_fraction": {"2023": 0.0015, "2024": 0.0181, "2025": 0.0637, "2026": 0.6394}, "observable_by_year": {"2023": false, "2024": false, "2025": false, "2026": true}, "tile": "52SBB", "secondary_20m": {"verdict": "abstain", "event_flag_frac": null, "rank": null}, "korea_tags": {"자연환경보전지역": ["자연환경보전지역"], "문화재·보호구역": ["국가지정문화재구역", "문화재보호구역", "역사문화환경보존지역"], "한라산국립공원": ["한라산"]}, "buffer1_verdict": "abstain", "buffer1_rank": null}}, {"type": "Feature", "geometry": {"type": "Point", "coordinates": [126.2881294, 33.2074283]}, "properties": {"oreum_id": "JJ-OREUM-115", "name": "동알오름", "verdict": "scored", "abstain_reason": null, "rank": 116, "event_flag_frac": 0.0057, "event_n_flag": 23, "null_flag_frac": 0.0058, "persistent_tokens": 6, "event_only_tokens": 17, "valid_token_fraction": {"2023": 0.9224, "2024": 0.9695, "2025": 0.9849, "2026": 0.9985}, "observable_by_year": {"2023": true, "2024": true, "2025": true, "2026": true}, "tile": "51SYS", "secondary_20m": {"verdict": "scored", "event_flag_frac": 0.0043, "rank": 126}, "korea_tags": {}, "buffer1_verdict": "scored", "buffer1_rank": 99}}, {"type": "Feature", "geometry": {"type": "Point", "coordinates": [126.795398, 33.5027463]}, "properties": {"oreum_id": "JJ-OREUM-118", "name": "둔지봉", "verdict": "abstain", "abstain_reason": "event pair unobservable: 2025", "rank": null, "event_flag_frac": null, "event_n_flag": null, "null_flag_frac": null, "persistent_tokens": 3, "event_only_tokens": 0, "valid_token_fraction": {"2023": 0.0171, "2024": 0.4033, "2025": 0.0327, "2026": 0.842}, "observable_by_year": {"2023": false, "2024": true, "2025": false, "2026": true}, "tile": "52SBC", "secondary_20m": {"verdict": "abstain", "event_flag_frac": null, "rank": null}, "korea_tags": {"자연환경보전지역": ["자연환경보전지역"]}, "buffer1_verdict": "abstain", "buffer1_rank": null}}, {"type": "Feature", "geometry": {"type": "Point", "coordinates": [126.7666957, 33.4776833]}, "properties": {"oreum_id": "JJ-OREUM-119", "name": "뒤굽은이", "verdict": "abstain", "abstain_reason": "event pair unobservable: 2025", "rank": null, "event_flag_frac": null, "event_n_flag": null, "null_flag_frac": null, "persistent_tokens": 19, "event_only_tokens": 20, "valid_token_fraction": {"2023": 0.4797, "2024": 0.5894, "2025": 0.019, "2026": 0.9739}, "observable_by_year": {"2023": true, "2024": true, "2025": false, "2026": true}, "tile": "52SBC", "secondary_20m": {"verdict": "abstain", "event_flag_frac": null, "rank": null}, "korea_tags": {}, "buffer1_verdict": "abstain", "buffer1_rank": null}}, {"type": "Feature", "geometry": {"type": "Point", "coordinates": [126.7524586, 33.38819]}, "properties": {"oreum_id": "JJ-OREUM-122", "name": "따라비", "verdict": "scored", "abstain_reason": null, "rank": 39, "event_flag_frac": 0.0429, "event_n_flag": 60, "null_flag_frac": null, "persistent_tokens": 3, "event_only_tokens": 1, "valid_token_fraction": {"2023": 0.429, "2024": 0.1953, "2025": 0.3904, "2026": 0.8779}, "observable_by_year": {"2023": true, "2024": false, "2025": true, "2026": true}, "tile": "52SBB", "secondary_20m": {"verdict": "scored", "event_flag_frac": 0.0363, "rank": 39}, "korea_tags": {}, "buffer1_verdict": "scored", "buffer1_rank": 27}}, {"type": "Feature", "geometry": {"type": "Point", "coordinates": [126.3929972, 33.3203806]}, "properties": {"oreum_id": "JJ-OREUM-123", "name": "마보기", "verdict": "abstain", "abstain_reason": "event pair unobservable: 2025", "rank": null, "event_flag_frac": null, "event_n_flag": null, "null_flag_frac": null, "persistent_tokens": 2, "event_only_tokens": 10, "valid_token_fraction": {"2023": 0.9998, "2024": 0.1753, "2025": 0.1858, "2026": 1.0}, "observable_by_year": {"2023": true, "2024": false, "2025": false, "2026": true}, "tile": "52SBB", "secondary_20m": {"verdict": "abstain", "event_flag_frac": null, "rank": null}, "korea_tags": {}, "buffer1_verdict": "abstain", "buffer1_rank": null}}, {"type": "Feature", "geometry": {"type": "Point", "coordinates": [126.2436556, 33.3380556]}, "properties": {"oreum_id": "JJ-OREUM-124", "name": "마오름", "verdict": "scored", "abstain_reason": null, "rank": 123, "event_flag_frac": 0.0049, "event_n_flag": 20, "null_flag_frac": 0.0054, "persistent_tokens": 2, "event_only_tokens": 18, "valid_token_fraction": {"2023": 0.7388, "2024": 0.8979, "2025": 1.0, "2026": 0.9939}, "observable_by_year": {"2023": true, "2024": true, "2025": true, "2026": true}, "tile": "51SYT", "secondary_20m": {"verdict": "scored", "event_flag_frac": 0.0091, "rank": 104}, "korea_tags": {}, "buffer1_verdict": "scored", "buffer1_rank": 96}}, {"type": "Feature", "geometry": {"type": "Point", "coordinates": [126.6586028, 33.3796639]}, "properties": {"oreum_id": "JJ-OREUM-125", "name": "마은이", "verdict": "abstain", "abstain_reason": "event pair unobservable: 2025", "rank": null, "event_flag_frac": null, "event_n_flag": null, "null_flag_frac": null, "persistent_tokens": 0, "event_only_tokens": 0, "valid_token_fraction": {"2023": 0.1204, "2024": 0.0542, "2025": 0.1821, "2026": 0.5613}, "observable_by_year": {"2023": false, "2024": false, "2025": false, "2026": true}, "tile": "52SBB", "secondary_20m": {"verdict": "abstain", "event_flag_frac": null, "rank": null}, "korea_tags": {}, "buffer1_verdict": "abstain", "buffer1_rank": null}}, {"type": "Feature", "geometry": {"type": "Point", "coordinates": [126.6663492, 33.391909]}, "properties": {"oreum_id": "JJ-OREUM-126", "name": "마은이옆", "verdict": "abstain", "abstain_reason": "event pair unobservable: 2025", "rank": null, "event_flag_frac": null, "event_n_flag": null, "null_flag_frac": null, "persistent_tokens": 5, "event_only_tokens": 1, "valid_token_fraction": {"2023": 0.0107, "2024": 0.0247, "2025": 0.1853, "2026": 0.7051}, "observable_by_year": {"2023": false, "2024": false, "2025": false, "2026": true}, "tile": "52SBB", "secondary_20m": {"verdict": "abstain", "event_flag_frac": null, "rank": null}, "korea_tags": {}, "buffer1_verdict": "abstain", "buffer1_rank": null}}, {"type": "Feature", "geometry": {"type": "Point", "coordinates": [126.2706083, 33.3346528]}, "properties": {"oreum_id": "JJ-OREUM-127", "name": "마중오름", "verdict": "scored", "abstain_reason": null, "rank": 15, "event_flag_frac": 0.0924, "event_n_flag": 207, "null_flag_frac": 0.0091, "persistent_tokens": 6, "event_only_tokens": 168, "valid_token_fraction": {"2023": 0.9851, "2024": 0.5298, "2025": 0.5559, "2026": 0.9822}, "observable_by_year": {"2023": true, "2024": true, "2025": true, "2026": true}, "tile": "52SBB", "secondary_20m": {"verdict": "scored", "event_flag_frac": 0.0899, "rank": 13}, "korea_tags": {}, "buffer1_verdict": "scored", "buffer1_rank": 11}}, {"type": "Feature", "geometry": {"type": "Point", "coordinates": [126.5060188, 33.368193]}, "properties": {"oreum_id": "JJ-OREUM-128", "name": "만세동산", "verdict": "scored", "abstain_reason": null, "rank": 45, "event_flag_frac": 0.0369, "event_n_flag": 51, "null_flag_frac": 0.0215, "persistent_tokens": 15, "event_only_tokens": 30, "valid_token_fraction": {"2023": 0.6655, "2024": 0.9336, "2025": 0.8743, "2026": 0.4053}, "observable_by_year": {"2023": true, "2024": true, "2025": true, "2026": true}, "tile": "52SBC", "secondary_20m": {"verdict": "scored", "event_flag_frac": 0.0323, "rank": 42}, "korea_tags": {"자연환경보전지역": ["자연환경보전지역"], "문화재·보호구역": ["국가지정문화재구역"], "한라산국립공원": ["한라산"]}, "buffer1_verdict": "scored", "buffer1_rank": 31}}, {"type": "Feature", "geometry": {"type": "Point", "coordinates": [126.31548, 33.44996]}, "properties": {"oreum_id": "JJ-OREUM-129", "name": "말젯오름", "verdict": "scored", "abstain_reason": null, "rank": 148, "event_flag_frac": 0.001, "event_n_flag": 4, "null_flag_frac": 0.0022, "persistent_tokens": 1, "event_only_tokens": 3, "valid_token_fraction": {"2023": 0.9978, "2024": 0.9021, "2025": 0.9985, "2026": 0.9954}, "observable_by_year": {"2023": true, "2024": true, "2025": true, "2026": true}, "tile": "51SYT", "secondary_20m": {"verdict": "scored", "event_flag_frac": 0.0016, "rank": 141}, "korea_tags": {}, "buffer1_verdict": "scored", "buffer1_rank": 127}}, {"type": "Feature", "geometry": {"type": "Point", "coordinates": [126.6542524, 33.4005161]}, "properties": {"oreum_id": "JJ-OREUM-130", "name": "말찻", "verdict": "abstain", "abstain_reason": "event pair unobservable: 2025", "rank": null, "event_flag_frac": null, "event_n_flag": null, "null_flag_frac": null, "persistent_tokens": 0, "event_only_tokens": 0, "valid_token_fraction": {"2023": 0.0117, "2024": 0.1838, "2025": 0.0042, "2026": 0.5337}, "observable_by_year": {"2023": false, "2024": false, "2025": false, "2026": true}, "tile": "52SBB", "secondary_20m": {"verdict": "abstain", "event_flag_frac": null, "rank": null}, "korea_tags": {}, "buffer1_verdict": "abstain", "buffer1_rank": null}}, {"type": "Feature", "geometry": {"type": "Point", "coordinates": [126.9623445, 33.4979955]}, "properties": {"oreum_id": "JJ-OREUM-131", "name": "망동산", "verdict": "scored", "abstain_reason": null, "rank": 86, "event_flag_frac": 0.014, "event_n_flag": 57, "null_flag_frac": 0.0054, "persistent_tokens": 15, "event_only_tokens": 41, "valid_token_fraction": {"2023": 0.5142, "2024": 0.9976, "2025": 0.9976, "2026": 0.9905}, "observable_by_year": {"2023": true, "2024": true, "2025": true, "2026": true}, "tile": "52SCC", "secondary_20m": {"verdict": "scored", "event_flag_frac": 0.0094, "rank": 101}, "korea_tags": {"자연환경보전지역": ["자연환경보전지역"]}, "buffer1_verdict": "scored", "buffer1_rank": 67}}, {"type": "Feature", "geometry": {"type": "Point", "coordinates": [126.5241889, 33.2419944]}, "properties": {"oreum_id": "JJ-OREUM-132", "name": "망밭", "verdict": "scored", "abstain_reason": null, "rank": 137, "event_flag_frac": 0.0024, "event_n_flag": 10, "null_flag_frac": 0.0002, "persistent_tokens": 1, "event_only_tokens": 9, "valid_token_fraction": {"2023": 1.0, "2024": 0.9958, "2025": 1.0, "2026": 1.0}, "observable_by_year": {"2023": true, "2024": true, "2025": true, "2026": true}, "tile": "52SBB", "secondary_20m": {"verdict": "scored", "event_flag_frac": 0.0017, "rank": 140}, "korea_tags": {"문화재·보호구역": ["문화재", "문화재보호구역"]}, "buffer1_verdict": "scored", "buffer1_rank": 120}}, {"type": "Feature", "geometry": {"type": "Point", "coordinates": [126.8135198, 33.3172633]}, "properties": {"oreum_id": "JJ-OREUM-133", "name": "매오름", "verdict": "scored", "abstain_reason": null, "rank": 40, "event_flag_frac": 0.0414, "event_n_flag": 132, "null_flag_frac": 0.0027, "persistent_tokens": 8, "event_only_tokens": 124, "valid_token_fraction": {"2023": 0.033, "2024": 1.0, "2025": 0.9202, "2026": 0.835}, "observable_by_year": {"2023": false, "2024": true, "2025": true, "2026": true}, "tile": "52SBB", "secondary_20m": {"verdict": "scored", "event_flag_frac": 0.0429, "rank": 37}, "korea_tags": {}, "buffer1_verdict": "scored", "buffer1_rank": 29}}, {"type": "Feature", "geometry": {"type": "Point", "coordinates": [126.6596897, 33.3405187]}, "properties": {"oreum_id": "JJ-OREUM-134", "name": "머체오름", "verdict": "abstain", "abstain_reason": "event pair unobservable: 2025", "rank": null, "event_flag_frac": null, "event_n_flag": null, "null_flag_frac": null, "persistent_tokens": 0, "event_only_tokens": 0, "valid_token_fraction": {"2023": 0.0012, "2024": 0.0042, "2025": 0.0046, "2026": 0.7671}, "observable_by_year": {"2023": false, "2024": false, "2025": false, "2026": true}, "tile": "52SBB", "secondary_20m": {"verdict": "abstain", "event_flag_frac": null, "rank": null}, "korea_tags": {}, "buffer1_verdict": "abstain", "buffer1_rank": null}}, {"type": "Feature", "geometry": {"type": "Point", "coordinates": [126.2786855, 33.3826441]}, "properties": {"oreum_id": "JJ-OREUM-135", "name": "명월오름", "verdict": "scored", "abstain_reason": null, "rank": 132, "event_flag_frac": 0.0039, "event_n_flag": 16, "null_flag_frac": 0.0023, "persistent_tokens": 3, "event_only_tokens": 12, "valid_token_fraction": {"2023": 0.7317, "2024": 0.9583, "2025": 0.9985, "2026": 0.998}, "observable_by_year": {"2023": true, "2024": true, "2025": true, "2026": true}, "tile": "51SYT", "secondary_20m": {"verdict": "scored", "event_flag_frac": 0.0079, "rank": 112}, "korea_tags": {}, "buffer1_verdict": "scored", "buffer1_rank": 106}}, {"type": "Feature", "geometry": {"type": "Point", "coordinates": [126.8286577, 33.4090302]}, "properties": {"oreum_id": "JJ-OREUM-137", "name": "모구리오름", "verdict": "scored", "abstain_reason": null, "rank": 7, "event_flag_frac": 0.1276, "event_n_flag": 182, "null_flag_frac": 0.0085, "persistent_tokens": 0, "event_only_tokens": 77, "valid_token_fraction": {"2023": 0.5872, "2024": 0.4336, "2025": 0.4944, "2026": 0.7595}, "observable_by_year": {"2023": true, "2024": true, "2025": true, "2026": true}, "tile": "52SBB", "secondary_20m": {"verdict": "scored", "event_flag_frac": 0.117, "rank": 8}, "korea_tags": {}, "buffer1_verdict": "scored", "buffer1_rank": 3}}, {"type": "Feature", "geometry": {"type": "Point", "coordinates": [126.2581704, 33.2386514]}, "properties": {"oreum_id": "JJ-OREUM-139", "name": "모슬봉", "verdict": "scored", "abstain_reason": null, "rank": 141, "event_flag_frac": 0.0018, "event_n_flag": 3, "null_flag_frac": 0.0006, "persistent_tokens": 0, "event_only_tokens": 3, "valid_token_fraction": {"2023": 0.5134, "2024": 0.9939, "2025": 0.4104, "2026": 0.9985}, "observable_by_year": {"2023": true, "2024": true, "2025": true, "2026": true}, "tile": "51SYS", "secondary_20m": {"verdict": "scored", "event_flag_frac": 0.0024, "rank": 136}, "korea_tags": {}, "buffer1_verdict": "scored", "buffer1_rank": 125}}, {"type": "Feature", "geometry": {"type": "Point", "coordinates": [126.7683177, 33.3940848]}, "properties": {"oreum_id": "JJ-OREUM-140", "name": "모지오름", "verdict": "scored", "abstain_reason": null, "rank": 117, "event_flag_frac": 0.0053, "event_n_flag": 16, "null_flag_frac": 0.0148, "persistent_tokens": 1, "event_only_tokens": 6, "valid_token_fraction": {"2023": 0.5696, "2024": 0.5918, "2025": 0.8362, "2026": 0.894}, "observable_by_year": {"2023": true, "2024": true, "2025": true, "2026": true}, "tile": "52SBC", "secondary_20m": {"verdict": "scored", "event_flag_frac": 0.009, "rank": 107}, "korea_tags": {}, "buffer1_verdict": "scored", "buffer1_rank": 88}}, {"type": "Feature", "geometry": {"type": "Point", "coordinates": [126.2945751, 33.3263266]}, "properties": {"oreum_id": "JJ-OREUM-143", "name": "문도지오름", "verdict": "scored", "abstain_reason": null, "rank": 1, "event_flag_frac": 0.3022, "event_n_flag": 366, "null_flag_frac": 0.02, "persistent_tokens": 6, "event_only_tokens": 280, "valid_token_fraction": {"2023": 0.946, "2024": 0.6807, "2025": 0.343, "2026": 0.9243}, "observable_by_year": {"2023": true, "2024": true, "2025": true, "2026": true}, "tile": "52SBB", "secondary_20m": {"verdict": "scored", "event_flag_frac": 0.2808, "rank": 1}, "korea_tags": {}, "buffer1_verdict": "scored", "buffer1_rank": 1}}, {"type": "Feature", "geometry": {"type": "Point", "coordinates": [126.7960867, 33.447329]}, "properties": {"oreum_id": "JJ-OREUM-144", "name": "문석이오름", "verdict": "scored", "abstain_reason": null, "rank": 94, "event_flag_frac": 0.0129, "event_n_flag": 38, "null_flag_frac": 0.0234, "persistent_tokens": 8, "event_only_tokens": 20, "valid_token_fraction": {"2023": 0.2493, "2024": 0.4749, "2025": 0.8567, "2026": 0.8303}, "observable_by_year": {"2023": true, "2024": true, "2025": true, "2026": true}, "tile": "52SBC", "secondary_20m": {"verdict": "scored", "event_flag_frac": 0.0113, "rank": 94}, "korea_tags": {}, "buffer1_verdict": "scored", "buffer1_rank": 86}}, {"type": "Feature", "geometry": {"type": "Point", "coordinates": [126.6920759, 33.3684065]}, "properties": {"oreum_id": "JJ-OREUM-146", "name": "물영아리", "verdict": "abstain", "abstain_reason": "event pair unobservable: 2025", "rank": null, "event_flag_frac": null, "event_n_flag": null, "null_flag_frac": null, "persistent_tokens": 0, "event_only_tokens": 0, "valid_token_fraction": {"2023": 0.0115, "2024": 0.0022, "2025": 0.0164, "2026": 0.7996}, "observable_by_year": {"2023": false, "2024": false, "2025": false, "2026": true}, "tile": "52SBB", "secondary_20m": {"verdict": "abstain", "event_flag_frac": null, "rank": null}, "korea_tags": {"자연환경보전지역": ["자연환경보전지역"]}, "buffer1_verdict": "abstain", "buffer1_rank": null}}, {"type": "Feature", "geometry": {"type": "Point", "coordinates": [126.6236078, 33.3840986]}, "properties": {"oreum_id": "JJ-OREUM-147", "name": "물오름", "verdict": "abstain", "abstain_reason": "event pair unobservable: 2025", "rank": null, "event_flag_frac": null, "event_n_flag": null, "null_flag_frac": null, "persistent_tokens": 1, "event_only_tokens": 0, "valid_token_fraction": {"2023": 0.0, "2024": 0.1384, "2025": 0.0205, "2026": 0.6843}, "observable_by_year": {"2023": false, "2024": false, "2025": false, "2026": true}, "tile": "52SBB", "secondary_20m": {"verdict": "abstain", "event_flag_frac": null, "rank": null}, "korea_tags": {"자연환경보전지역": ["자연환경보전지역"], "문화재·보호구역": ["국가지정문화재구역", "문화재보호구역"], "한라산국립공원": ["한라산"]}, "buffer1_verdict": "abstain", "buffer1_rank": null}}, {"type": "Feature", "geometry": {"type": "Point", "coordinates": [126.6067852, 33.4062618]}, "properties": {"oreum_id": "JJ-OREUM-148", "name": "물장오리", "verdict": "abstain", "abstain_reason": "event pair unobservable: 2025", "rank": null, "event_flag_frac": null, "event_n_flag": null, "null_flag_frac": null, "persistent_tokens": 0, "event_only_tokens": 1, "valid_token_fraction": {"2023": 0.2717, "2024": 0.0122, "2025": 0.0112, "2026": 0.4978}, "observable_by_year": {"2023": true, "2024": false, "2025": false, "2026": true}, "tile": "52SBB", "secondary_20m": {"verdict": "abstain", "event_flag_frac": null, "rank": null}, "korea_tags": {"자연환경보전지역": ["자연환경보전지역"], "문화재·보호구역": ["국가지정문화재구역", "현상변경허가 대상구역"], "한라산국립공원": ["한라산"]}, "buffer1_verdict": "abstain", "buffer1_rank": null}}, {"type": "Feature", "geometry": {"type": "Point", "coordinates": [126.6528629, 33.3948485]}, "properties": {"oreum_id": "JJ-OREUM-149", "name": "물찻", "verdict": "abstain", "abstain_reason": "event pair unobservable: 2025", "rank": null, "event_flag_frac": null, "event_n_flag": null, "null_flag_frac": null, "persistent_tokens": 0, "event_only_tokens": 0, "valid_token_fraction": {"2023": 0.0032, "2024": 0.2363, "2025": 0.0256, "2026": 0.4849}, "observable_by_year": {"2023": false, "2024": true, "2025": false, "2026": true}, "tile": "52SBB", "secondary_20m": {"verdict": "abstain", "event_flag_frac": null, "rank": null}, "korea_tags": {}, "buffer1_verdict": "abstain", "buffer1_rank": null}}, {"type": "Feature", "geometry": {"type": "Point", "coordinates": [126.676908, 33.3503259]}, "properties": {"oreum_id": "JJ-OREUM-153", "name": "민오름", "verdict": "abstain", "abstain_reason": "event pair unobservable: 2025", "rank": null, "event_flag_frac": null, "event_n_flag": null, "null_flag_frac": null, "persistent_tokens": 0, "event_only_tokens": 0, "valid_token_fraction": {"2023": 0.0, "2024": 0.0835, "2025": 0.0012, "2026": 0.7319}, "observable_by_year": {"2023": false, "2024": false, "2025": false, "2026": true}, "tile": "52SBB", "secondary_20m": {"verdict": "abstain", "event_flag_frac": null, "rank": null}, "korea_tags": {}, "buffer1_verdict": "abstain", "buffer1_rank": null}}, {"type": "Feature", "geometry": {"type": "Point", "coordinates": [126.7628649, 33.4364824]}, "properties": {"oreum_id": "JJ-OREUM-154", "name": "민오름", "verdict": "scored", "abstain_reason": null, "rank": 16, "event_flag_frac": 0.0899, "event_n_flag": 123, "null_flag_frac": 0.0144, "persistent_tokens": 9, "event_only_tokens": 19, "valid_token_fraction": {"2023": 0.6978, "2024": 0.6294, "2025": 0.334, "2026": 0.9951}, "observable_by_year": {"2023": true, "2024": true, "2025": true, "2026": true}, "tile": "52SBC", "secondary_20m": {"verdict": "scored", "event_flag_frac": 0.0754, "rank": 19}, "korea_tags": {"자연환경보전지역": ["자연환경보전지역"]}, "buffer1_verdict": "scored", "buffer1_rank": 18}}, {"type": "Feature", "geometry": {"type": "Point", "coordinates": [126.5071055, 33.4755707]}, "properties": {"oreum_id": "JJ-OREUM-155", "name": "민오름", "verdict": "scored", "abstain_reason": null, "rank": 54, "event_flag_frac": 0.027, "event_n_flag": 40, "null_flag_frac": 0.0161, "persistent_tokens": 15, "event_only_tokens": 25, "valid_token_fraction": {"2023": 0.2759, "2024": 0.9998, "2025": 0.3943, "2026": 0.9377}, "observable_by_year": {"2023": true, "2024": true, "2025": true, "2026": true}, "tile": "52SBC", "secondary_20m": {"verdict": "scored", "event_flag_frac": 0.0199, "rank": 63}, "korea_tags": {}, "buffer1_verdict": "scored", "buffer1_rank": 74}}, {"type": "Feature", "geometry": {"type": "Point", "coordinates": [126.6949508, 33.4483636]}, "properties": {"oreum_id": "JJ-OREUM-156", "name": "민오름", "verdict": "scored", "abstain_reason": null, "rank": 17, "event_flag_frac": 0.0897, "event_n_flag": 90, "null_flag_frac": null, "persistent_tokens": 4, "event_only_tokens": 68, "valid_token_fraction": {"2023": 0.9763, "2024": 0.4409, "2025": 0.2449, "2026": 1.0}, "observable_by_year": {"2023": true, "2024": true, "2025": true, "2026": true}, "tile": "52SBC", "secondary_20m": {"verdict": "scored", "event_flag_frac": 0.0687, "rank": 24}, "korea_tags": {"자연환경보전지역": ["자연환경보전지역"]}, "buffer1_verdict": "abstain", "buffer1_rank": null}}, {"type": "Feature", "geometry": {"type": "Point", "coordinates": [126.637081, 33.4372427]}, "properties": {"oreum_id": "JJ-OREUM-157", "name": "민오름(무녜오름)", "verdict": "abstain", "abstain_reason": "event pair unobservable: 2025", "rank": null, "event_flag_frac": null, "event_n_flag": null, "null_flag_frac": null, "persistent_tokens": 3, "event_only_tokens": 72, "valid_token_fraction": {"2023": 0.8577, "2024": 0.7615, "2025": 0.1616, "2026": 0.9661}, "observable_by_year": {"2023": true, "2024": true, "2025": false, "2026": true}, "tile": "52SBC", "secondary_20m": {"verdict": "abstain", "event_flag_frac": null, "rank": null}, "korea_tags": {}, "buffer1_verdict": "abstain", "buffer1_rank": null}}, {"type": "Feature", "geometry": {"type": "Point", "coordinates": [126.6538014, 33.4537782]}, "properties": {"oreum_id": "JJ-OREUM-158", "name": "바농오름", "verdict": "scored", "abstain_reason": null, "rank": 61, "event_flag_frac": 0.0228, "event_n_flag": 62, "null_flag_frac": 0.0149, "persistent_tokens": 6, "event_only_tokens": 54, "valid_token_fraction": {"2023": 0.6223, "2024": 0.873, "2025": 0.6626, "2026": 1.0}, "observable_by_year": {"2023": true, "2024": true, "2025": true, "2026": true}, "tile": "52SBC", "secondary_20m": {"verdict": "scored", "event_flag_frac": 0.0188, "rank": 69}, "korea_tags": {"자연환경보전지역": ["자연환경보전지역"]}, "buffer1_verdict": "scored", "buffer1_rank": 48}}, {"type": "Feature", "geometry": {"type": "Point", "coordinates": [126.3880413, 33.3771547]}, "properties": {"oreum_id": "JJ-OREUM-159", "name": "큰바리메", "verdict": "abstain", "abstain_reason": "no cube", "rank": null, "event_flag_frac": null, "event_n_flag": null, "null_flag_frac": null, "persistent_tokens": 1, "event_only_tokens": 16, "valid_token_fraction": {"2023": 0.8748, "2024": 0.3403, "2025": 0.2097, "2026": 0.7395}, "observable_by_year": {"2023": true, "2024": true, "2025": true, "2026": true}, "tile": "52SBB", "secondary_20m": {"verdict": "abstain", "event_flag_frac": null, "rank": null}, "korea_tags": {"자연환경보전지역": ["자연환경보전지역"]}, "buffer1_verdict": "abstain", "buffer1_rank": null}}, {"type": "Feature", "geometry": {"type": "Point", "coordinates": [126.3414922, 33.301269]}, "properties": {"oreum_id": "JJ-OREUM-160", "name": "밝은오름", "verdict": "abstain", "abstain_reason": "event pair unobservable: 2025", "rank": null, "event_flag_frac": null, "event_n_flag": null, "null_flag_frac": null, "persistent_tokens": 0, "event_only_tokens": 14, "valid_token_fraction": {"2023": 0.999, "2024": 0.3965, "2025": 0.1057, "2026": 1.0}, "observable_by_year": {"2023": true, "2024": true, "2025": false, "2026": true}, "tile": "52SBB", "secondary_20m": {"verdict": "abstain", "event_flag_frac": null, "rank": null}, "korea_tags": {}, "buffer1_verdict": "abstain", "buffer1_rank": null}}, {"type": "Feature", "geometry": {"type": "Point", "coordinates": [126.2660907, 33.3609334]}, "properties": {"oreum_id": "JJ-OREUM-161", "name": "밝은오름", "verdict": "scored", "abstain_reason": null, "rank": 88, "event_flag_frac": 0.0137, "event_n_flag": 56, "null_flag_frac": 0.0011, "persistent_tokens": 1, "event_only_tokens": 44, "valid_token_fraction": {"2023": 0.4102, "2024": 0.863, "2025": 0.9998, "2026": 0.9995}, "observable_by_year": {"2023": true, "2024": true, "2025": true, "2026": true}, "tile": "51SYT", "secondary_20m": {"verdict": "scored", "event_flag_frac": 0.0153, "rank": 80}, "korea_tags": {}, "buffer1_verdict": "scored", "buffer1_rank": 61}}, {"type": "Feature", "geometry": {"type": "Point", "coordinates": [126.33592, 33.35103]}, "properties": {"oreum_id": "JJ-OREUM-162", "name": "밝은오름", "verdict": "scored", "abstain_reason": null, "rank": 12, "event_flag_frac": 0.0986, "event_n_flag": 259, "null_flag_frac": 0.0077, "persistent_tokens": 0, "event_only_tokens": 71, "valid_token_fraction": {"2023": 0.906, "2024": 0.5234, "2025": 0.7327, "2026": 0.8474}, "observable_by_year": {"2023": true, "2024": true, "2025": true, "2026": true}, "tile": "52SBB", "secondary_20m": {"verdict": "scored", "event_flag_frac": 0.0994, "rank": 11}, "korea_tags": {}, "buffer1_verdict": "scored", "buffer1_rank": 6}}, {"type": "Feature", "geometry": {"type": "Point", "coordinates": [126.4647421, 33.4401456]}, "properties": {"oreum_id": "JJ-OREUM-163", "name": "밝은오름", "verdict": "abstain", "abstain_reason": "event pair unobservable: 2025", "rank": null, "event_flag_frac": null, "event_n_flag": null, "null_flag_frac": null, "persistent_tokens": 16, "event_only_tokens": 8, "valid_token_fraction": {"2023": 0.0652, "2024": 1.0, "2025": 0.1028, "2026": 0.625}, "observable_by_year": {"2023": false, "2024": true, "2025": false, "2026": true}, "tile": "52SBC", "secondary_20m": {"verdict": "abstain", "event_flag_frac": null, "rank": null}, "korea_tags": {}, "buffer1_verdict": "abstain", "buffer1_rank": null}}, {"type": "Feature", "geometry": {"type": "Point", "coordinates": [126.7603808, 33.4607383]}, "properties": {"oreum_id": "JJ-OREUM-164", "name": "밧돌오름", "verdict": "abstain", "abstain_reason": "event pair unobservable: 2025", "rank": null, "event_flag_frac": null, "event_n_flag": null, "null_flag_frac": null, "persistent_tokens": 5, "event_only_tokens": 0, "valid_token_fraction": {"2023": 0.7776, "2024": 0.4861, "2025": 0.0034, "2026": 0.9463}, "observable_by_year": {"2023": true, "2024": true, "2025": false, "2026": true}, "tile": "52SBC", "secondary_20m": {"verdict": "abstain", "event_flag_frac": null, "rank": null}, "korea_tags": {"자연환경보전지역": ["자연환경보전지역"]}, "buffer1_verdict": "abstain", "buffer1_rank": null}}, {"type": "Feature", "geometry": {"type": "Point", "coordinates": [126.603104, 33.4652656]}, "properties": {"oreum_id": "JJ-OREUM-165", "name": "밧세미", "verdict": "scored", "abstain_reason": null, "rank": 81, "event_flag_frac": 0.0154, "event_n_flag": 25, "null_flag_frac": 0.0029, "persistent_tokens": 4, "event_only_tokens": 21, "valid_token_fraction": {"2023": 0.1016, "2024": 0.9998, "2025": 0.7502, "2026": 0.6355}, "observable_by_year": {"2023": false, "2024": true, "2025": true, "2026": true}, "tile": "52SBC", "secondary_20m": {"verdict": "scored", "event_flag_frac": 0.0158, "rank": 79}, "korea_tags": {}, "buffer1_verdict": "scored", "buffer1_rank": 75}}, {"type": "Feature", "geometry": {"type": "Point", "coordinates": [126.6845334, 33.4439289]}, "properties": {"oreum_id": "JJ-OREUM-167", "name": "방애오름", "verdict": "abstain", "abstain_reason": "event pair unobservable: 2025", "rank": null, "event_flag_frac": null, "event_n_flag": null, "null_flag_frac": null, "persistent_tokens": 4, "event_only_tokens": 34, "valid_token_fraction": {"2023": 0.9319, "2024": 0.4712, "2025": 0.1821, "2026": 0.9978}, "observable_by_year": {"2023": true, "2024": true, "2025": false, "2026": true}, "tile": "52SBC", "secondary_20m": {"verdict": "abstain", "event_flag_frac": null, "rank": null}, "korea_tags": {}, "buffer1_verdict": "abstain", "buffer1_rank": null}}, {"type": "Feature", "geometry": {"type": "Point", "coordinates": [126.28296, 33.37917]}, "properties": {"oreum_id": "JJ-OREUM-169", "name": "방주오름", "verdict": "scored", "abstain_reason": null, "rank": 125, "event_flag_frac": 0.0047, "event_n_flag": 19, "null_flag_frac": 0.0014, "persistent_tokens": 3, "event_only_tokens": 13, "valid_token_fraction": {"2023": 0.6934, "2024": 0.8853, "2025": 1.0, "2026": 0.9973}, "observable_by_year": {"2023": true, "2024": true, "2025": true, "2026": true}, "tile": "51SYT", "secondary_20m": {"verdict": "scored", "event_flag_frac": 0.0078, "rank": 113}, "korea_tags": {}, "buffer1_verdict": "scored", "buffer1_rank": 97}}, {"type": "Feature", "geometry": {"type": "Point", "coordinates": [126.7890417, 33.4381917]}, "properties": {"oreum_id": "JJ-OREUM-170", "name": "백약이오름", "verdict": "scored", "abstain_reason": null, "rank": 31, "event_flag_frac": 0.0547, "event_n_flag": 152, "null_flag_frac": 0.0233, "persistent_tokens": 8, "event_only_tokens": 68, "valid_token_fraction": {"2023": 0.2378, "2024": 0.5327, "2025": 0.7134, "2026": 0.9438}, "observable_by_year": {"2023": true, "2024": true, "2025": true, "2026": true}, "tile": "52SBC", "secondary_20m": {"verdict": "scored", "event_flag_frac": 0.0433, "rank": 36}, "korea_tags": {}, "buffer1_verdict": "scored", "buffer1_rank": 24}}, {"type": "Feature", "geometry": {"type": "Point", "coordinates": [126.7458968, 33.3742704]}, "properties": {"oreum_id": "JJ-OREUM-171", "name": "번널오름", "verdict": "scored", "abstain_reason": null, "rank": 36, "event_flag_frac": 0.0461, "event_n_flag": 76, "null_flag_frac": null, "persistent_tokens": 0, "event_only_tokens": 0, "valid_token_fraction": {"2023": 0.0754, "2024": 0.0315, "2025": 0.4182, "2026": 0.9287}, "observable_by_year": {"2023": false, "2024": false, "2025": true, "2026": true}, "tile": "52SBB", "secondary_20m": {"verdict": "scored", "event_flag_frac": 0.0504, "rank": 33}, "korea_tags": {}, "buffer1_verdict": "scored", "buffer1_rank": 26}}, {"type": "Feature", "geometry": {"type": "Point", "coordinates": [126.5531095, 33.5194463]}, "properties": {"oreum_id": "JJ-OREUM-175", "name": "별도봉", "verdict": "scored", "abstain_reason": null, "rank": 151, "event_flag_frac": 0.0, "event_n_flag": 0, "null_flag_frac": 0.0003, "persistent_tokens": 0, "event_only_tokens": 0, "valid_token_fraction": {"2023": 0.9829, "2024": 0.9922, "2025": 0.9478, "2026": 0.9929}, "observable_by_year": {"2023": true, "2024": true, "2025": true, "2026": true}, "tile": "52SBC", "secondary_20m": {"verdict": "scored", "event_flag_frac": 0.0001, "rank": 150}, "korea_tags": {}, "buffer1_verdict": "scored", "buffer1_rank": 133}}, {"type": "Feature", "geometry": {"type": "Point", "coordinates": [126.748405, 33.3669885]}, "properties": {"oreum_id": "JJ-OREUM-176", "name": "병곳오름", "verdict": "scored", "abstain_reason": null, "rank": 24, "event_flag_frac": 0.0657, "event_n_flag": 142, "null_flag_frac": null, "persistent_tokens": 0, "event_only_tokens": 0, "valid_token_fraction": {"2023": 0.0549, "2024": 0.033, "2025": 0.5288, "2026": 0.999}, "observable_by_year": {"2023": false, "2024": false, "2025": true, "2026": true}, "tile": "52SBB", "secondary_20m": {"verdict": "scored", "event_flag_frac": 0.0714, "rank": 21}, "korea_tags": {}, "buffer1_verdict": "scored", "buffer1_rank": 15}}, {"type": "Feature", "geometry": {"type": "Point", "coordinates": [126.6011185, 33.3470213]}, "properties": {"oreum_id": "JJ-OREUM-179", "name": "보리악", "verdict": "abstain", "abstain_reason": "event pair unobservable: 2025", "rank": null, "event_flag_frac": null, "event_n_flag": null, "null_flag_frac": null, "persistent_tokens": 0, "event_only_tokens": 0, "valid_token_fraction": {"2023": 0.0, "2024": 0.009, "2025": 0.0183, "2026": 0.7935}, "observable_by_year": {"2023": false, "2024": false, "2025": false, "2026": true}, "tile": "52SBB", "secondary_20m": {"verdict": "abstain", "event_flag_frac": null, "rank": null}, "korea_tags": {"자연환경보전지역": ["자연환경보전지역"], "문화재·보호구역": ["국가지정문화재구역", "문화재보호구역", "역사문화환경보존지역"], "한라산국립공원": ["한라산"]}, "buffer1_verdict": "abstain", "buffer1_rank": null}}, {"type": "Feature", "geometry": {"type": "Point", "coordinates": [126.8222833, 33.3871362]}, "properties": {"oreum_id": "JJ-OREUM-180", "name": "본지오름", "verdict": "scored", "abstain_reason": null, "rank": 9, "event_flag_frac": 0.113, "event_n_flag": 340, "null_flag_frac": 0.0349, "persistent_tokens": 48, "event_only_tokens": 167, "valid_token_fraction": {"2023": 0.7429, "2024": 0.5303, "2025": 0.9436, "2026": 0.761}, "observable_by_year": {"2023": true, "2024": true, "2025": true, "2026": true}, "tile": "52SBB", "secondary_20m": {"verdict": "scored", "event_flag_frac": 0.1074, "rank": 10}, "korea_tags": {}, "buffer1_verdict": "scored", "buffer1_rank": 5}}, {"type": "Feature", "geometry": {"type": "Point", "coordinates": [126.4849936, 33.3531]}, "properties": {"oreum_id": "JJ-OREUM-181", "name": "볼레오름", "verdict": "scored", "abstain_reason": null, "rank": 51, "event_flag_frac": 0.0322, "event_n_flag": 27, "null_flag_frac": 0.0889, "persistent_tokens": 3, "event_only_tokens": 24, "valid_token_fraction": {"2023": 0.7075, "2024": 1.0, "2025": 0.3762, "2026": 0.5422}, "observable_by_year": {"2023": true, "2024": true, "2025": true, "2026": true}, "tile": "52SBC", "secondary_20m": {"verdict": "abstain", "event_flag_frac": null, "rank": null}, "korea_tags": {"자연환경보전지역": ["자연환경보전지역"], "한라산국립공원": ["한라산"]}, "buffer1_verdict": "abstain", "buffer1_rank": null}}, {"type": "Feature", "geometry": {"type": "Point", "coordinates": [126.7089481, 33.4462188]}, "properties": {"oreum_id": "JJ-OREUM-183", "name": "부대악", "verdict": "abstain", "abstain_reason": "event pair unobservable: 2025", "rank": null, "event_flag_frac": null, "event_n_flag": null, "null_flag_frac": null, "persistent_tokens": 52, "event_only_tokens": 123, "valid_token_fraction": {"2023": 0.9768, "2024": 0.604, "2025": 0.0725, "2026": 0.9934}, "observable_by_year": {"2023": true, "2024": true, "2025": false, "2026": true}, "tile": "52SBC", "secondary_20m": {"verdict": "abstain", "event_flag_frac": null, "rank": null}, "korea_tags": {"자연환경보전지역": ["자연환경보전지역"]}, "buffer1_verdict": "abstain", "buffer1_rank": null}}, {"type": "Feature", "geometry": {"type": "Point", "coordinates": [126.7177052, 33.4422465]}, "properties": {"oreum_id": "JJ-OREUM-184", "name": "부소악", "verdict": "abstain", "abstain_reason": "event pair unobservable: 2025", "rank": null, "event_flag_frac": null, "event_n_flag": null, "null_flag_frac": null, "persistent_tokens": 1, "event_only_tokens": 11, "valid_token_fraction": {"2023": 0.9165, "2024": 0.6475, "2025": 0.0059, "2026": 0.9521}, "observable_by_year": {"2023": true, "2024": true, "2025": false, "2026": true}, "tile": "52SBC", "secondary_20m": {"verdict": "abstain", "event_flag_frac": null, "rank": null}, "korea_tags": {"자연환경보전지역": ["자연환경보전지역"]}, "buffer1_verdict": "abstain", "buffer1_rank": null}}, {"type": "Feature", "geometry": {"type": "Point", "coordinates": [126.3320053, 33.3061584]}, "properties": {"oreum_id": "JJ-OREUM-187", "name": "북오름", "verdict": "abstain", "abstain_reason": "event pair unobservable: 2025", "rank": null, "event_flag_frac": null, "event_n_flag": null, "null_flag_frac": null, "persistent_tokens": 0, "event_only_tokens": 4, "valid_token_fraction": {"2023": 0.999, "2024": 0.4187, "2025": 0.0845, "2026": 1.0}, "observable_by_year": {"2023": true, "2024": true, "2025": false, "2026": true}, "tile": "52SBB", "secondary_20m": {"verdict": "abstain", "event_flag_frac": null, "rank": null}, "korea_tags": {}, "buffer1_verdict": "abstain", "buffer1_rank": null}}, {"type": "Feature", "geometry": {"type": "Point", "coordinates": [126.7401913, 33.4873003]}, "properties": {"oreum_id": "JJ-OREUM-188", "name": "북오름", "verdict": "scored", "abstain_reason": null, "rank": 29, "event_flag_frac": 0.0603, "event_n_flag": 66, "null_flag_frac": null, "persistent_tokens": 3, "event_only_tokens": 53, "valid_token_fraction": {"2023": 0.4177, "2024": 0.6758, "2025": 0.2744, "2026": 0.9741}, "observable_by_year": {"2023": true, "2024": true, "2025": true, "2026": true}, "tile": "52SBC", "secondary_20m": {"verdict": "scored", "event_flag_frac": 0.0544, "rank": 30}, "korea_tags": {"문화재·보호구역": ["역사문화환경보존지역"]}, "buffer1_verdict": "scored", "buffer1_rank": 16}}, {"type": "Feature", "geometry": {"type": "Point", "coordinates": [126.5926087, 33.3971004]}, "properties": {"oreum_id": "JJ-OREUM-189", "name": "불칸디오름", "verdict": "abstain", "abstain_reason": "event pair unobservable: 2025, 2026", "rank": null, "event_flag_frac": null, "event_n_flag": null, "null_flag_frac": null, "persistent_tokens": 0, "event_only_tokens": 0, "valid_token_fraction": {"2023": 0.0947, "2024": 0.0627, "2025": 0.002, "2026": 0.0359}, "observable_by_year": {"2023": false, "2024": false, "2025": false, "2026": false}, "tile": "52SBB", "secondary_20m": {"verdict": "abstain", "event_flag_frac": null, "rank": null}, "korea_tags": {"자연환경보전지역": ["자연환경보전지역"], "문화재·보호구역": ["역사문화환경보존지역"], "한라산국립공원": ["한라산"]}, "buffer1_verdict": "abstain", "buffer1_rank": null}}, {"type": "Feature", "geometry": {"type": "Point", "coordinates": [126.9336389, 33.4274333]}, "properties": {"oreum_id": "JJ-OREUM-190", "name": "붉은오름", "verdict": "scored", "abstain_reason": null, "rank": 110, "event_flag_frac": 0.0066, "event_n_flag": 26, "null_flag_frac": 0.0, "persistent_tokens": 0, "event_only_tokens": 26, "valid_token_fraction": {"2023": 0.645, "2024": 0.9998, "2025": 0.9998, "2026": 0.9651}, "observable_by_year": {"2023": true, "2024": true, "2025": true, "2026": true}, "tile": "52SCC", "secondary_20m": {"verdict": "scored", "event_flag_frac": 0.0036, "rank": 132}, "korea_tags": {"자연환경보전지역": ["자연환경보전지역"], "문화재·보호구역": ["역사문화환경보존지역"]}, "buffer1_verdict": "scored", "buffer1_rank": 116}}, {"type": "Feature", "geometry": {"type": "Point", "coordinates": [126.6798823, 33.399732]}, "properties": {"oreum_id": "JJ-OREUM-191", "name": "붉은오름", "verdict": "abstain", "abstain_reason": "event pair unobservable: 2025", "rank": null, "event_flag_frac": null, "event_n_flag": null, "null_flag_frac": null, "persistent_tokens": 0, "event_only_tokens": 4, "valid_token_fraction": {"2023": 0.0388, "2024": 0.1482, "2025": 0.1846, "2026": 0.6272}, "observable_by_year": {"2023": false, "2024": false, "2025": false, "2026": true}, "tile": "52SBB", "secondary_20m": {"verdict": "abstain", "event_flag_frac": null, "rank": null}, "korea_tags": {}, "buffer1_verdict": "abstain", "buffer1_rank": null}}, {"type": "Feature", "geometry": {"type": "Point", "coordinates": [126.2268725, 33.4095141]}, "properties": {"oreum_id": "JJ-OREUM-193", "name": "비양봉", "verdict": "scored", "abstain_reason": null, "rank": 152, "event_flag_frac": 0.0, "event_n_flag": 0, "null_flag_frac": 0.0, "persistent_tokens": 0, "event_only_tokens": 0, "valid_token_fraction": {"2023": 0.9983, "2024": 0.4355, "2025": 0.9983, "2026": 0.9956}, "observable_by_year": {"2023": true, "2024": true, "2025": true, "2026": true}, "tile": "51SYT", "secondary_20m": {"verdict": "scored", "event_flag_frac": 0.0002, "rank": 148}, "korea_tags": {"문화재·보호구역": ["문화재"]}, "buffer1_verdict": "scored", "buffer1_rank": 135}}, {"type": "Feature", "geometry": {"type": "Point", "coordinates": [126.763106, 33.4273995]}, "properties": {"oreum_id": "JJ-OREUM-194", "name": "비치미", "verdict": "scored", "abstain_reason": null, "rank": 55, "event_flag_frac": 0.0269, "event_n_flag": 60, "null_flag_frac": 0.0117, "persistent_tokens": 5, "event_only_tokens": 16, "valid_token_fraction": {"2023": 0.5129, "2024": 0.6516, "2025": 0.5452, "2026": 0.9951}, "observable_by_year": {"2023": true, "2024": true, "2025": true, "2026": true}, "tile": "52SBC", "secondary_20m": {"verdict": "scored", "event_flag_frac": 0.0215, "rank": 59}, "korea_tags": {"자연환경보전지역": ["자연환경보전지역"]}, "buffer1_verdict": "scored", "buffer1_rank": 59}}, {"type": "Feature", "geometry": {"type": "Point", "coordinates": [126.3940018, 33.3491728]}, "properties": {"oreum_id": "JJ-OREUM-195", "name": "빈네오름", "verdict": "scored", "abstain_reason": null, "rank": 102, "event_flag_frac": 0.0096, "event_n_flag": 18, "null_flag_frac": 0.0041, "persistent_tokens": 0, "event_only_tokens": 18, "valid_token_fraction": {"2023": 1.0, "2024": 0.9998, "2025": 0.5317, "2026": 0.8345}, "observable_by_year": {"2023": true, "2024": true, "2025": true, "2026": true}, "tile": "52SBC", "secondary_20m": {"verdict": "scored", "event_flag_frac": 0.0127, "rank": 92}, "korea_tags": {}, "buffer1_verdict": "scored", "buffer1_rank": 72}}, {"type": "Feature", "geometry": {"type": "Point", "coordinates": [126.5448002, 33.5181076]}, "properties": {"oreum_id": "JJ-OREUM-196", "name": "사라봉", "verdict": "scored", "abstain_reason": null, "rank": 143, "event_flag_frac": 0.0015, "event_n_flag": 6, "null_flag_frac": 0.0015, "persistent_tokens": 4, "event_only_tokens": 2, "valid_token_fraction": {"2023": 0.9626, "2024": 0.9893, "2025": 0.9648, "2026": 0.9861}, "observable_by_year": {"2023": true, "2024": true, "2025": true, "2026": true}, "tile": "52SBC", "secondary_20m": {"verdict": "scored", "event_flag_frac": 0.0009, "rank": 146}, "korea_tags": {"문화재·보호구역": ["등록문화재구역"]}, "buffer1_verdict": "scored", "buffer1_rank": 130}}, {"type": "Feature", "geometry": {"type": "Point", "coordinates": [126.5709766, 33.3719042]}, "properties": {"oreum_id": "JJ-OREUM-197", "name": "사라오름", "verdict": "abstain", "abstain_reason": "event pair unobservable: 2025", "rank": null, "event_flag_frac": null, "event_n_flag": null, "null_flag_frac": null, "persistent_tokens": 0, "event_only_tokens": 0, "valid_token_fraction": {"2023": 0.0, "2024": 0.0, "2025": 0.0176, "2026": 0.501}, "observable_by_year": {"2023": false, "2024": false, "2025": false, "2026": true}, "tile": "52SBB", "secondary_20m": {"verdict": "abstain", "event_flag_frac": null, "rank": null}, "korea_tags": {"자연환경보전지역": ["자연환경보전지역"], "문화재·보호구역": ["국가지정문화재구역", "문화재보호구역"], "한라산국립공원": ["한라산"]}, "buffer1_verdict": "abstain", "buffer1_rank": null}}, {"type": "Feature", "geometry": {"type": "Point", "coordinates": [126.646022, 33.3403985]}, "properties": {"oreum_id": "JJ-OREUM-198", "name": "사려니", "verdict": "abstain", "abstain_reason": "event pair unobservable: 2025", "rank": null, "event_flag_frac": null, "event_n_flag": null, "null_flag_frac": null, "persistent_tokens": 1, "event_only_tokens": 1, "valid_token_fraction": {"2023": 0.0847, "2024": 0.0066, "2025": 0.0334, "2026": 0.927}, "observable_by_year": {"2023": false, "2024": false, "2025": false, "2026": true}, "tile": "52SBB", "secondary_20m": {"verdict": "abstain", "event_flag_frac": null, "rank": null}, "korea_tags": {}, "buffer1_verdict": "abstain", "buffer1_rank": null}}, {"type": "Feature", "geometry": {"type": "Point", "coordinates": [126.6394806, 33.3406167]}, "properties": {"oreum_id": "JJ-OREUM-199", "name": "사려니 남서쪽", "verdict": "abstain", "abstain_reason": "event pair unobservable: 2025", "rank": null, "event_flag_frac": null, "event_n_flag": null, "null_flag_frac": null, "persistent_tokens": 1, "event_only_tokens": 1, "valid_token_fraction": {"2023": 0.0828, "2024": 0.0068, "2025": 0.1479, "2026": 0.9883}, "observable_by_year": {"2023": false, "2024": false, "2025": false, "2026": true}, "tile": "52SBB", "secondary_20m": {"verdict": "abstain", "event_flag_frac": null, "rank": null}, "korea_tags": {}, "buffer1_verdict": "abstain", "buffer1_rank": null}}, {"type": "Feature", "geometry": {"type": "Point", "coordinates": [126.497364, 33.3748778]}, "properties": {"oreum_id": "JJ-OREUM-200", "name": "사제비동산", "verdict": "scored", "abstain_reason": null, "rank": 46, "event_flag_frac": 0.0365, "event_n_flag": 43, "null_flag_frac": 0.0336, "persistent_tokens": 20, "event_only_tokens": 23, "valid_token_fraction": {"2023": 0.4436, "2024": 0.7708, "2025": 0.7524, "2026": 0.4216}, "observable_by_year": {"2023": true, "2024": true, "2025": true, "2026": true}, "tile": "52SBC", "secondary_20m": {"verdict": "scored", "event_flag_frac": 0.0257, "rank": 52}, "korea_tags": {"자연환경보전지역": ["자연환경보전지역"], "문화재·보호구역": ["국가지정문화재구역"], "한라산국립공원": ["한라산"]}, "buffer1_verdict": "scored", "buffer1_rank": 36}}, {"type": "Feature", "geometry": {"type": "Point", "coordinates": [126.4341119, 33.4087035]}, "properties": {"oreum_id": "JJ-OREUM-203", "name": "산세미오름", "verdict": "abstain", "abstain_reason": "event pair unobservable: 2025", "rank": null, "event_flag_frac": null, "event_n_flag": null, "null_flag_frac": null, "persistent_tokens": 0, "event_only_tokens": 0, "valid_token_fraction": {"2023": 0.3635, "2024": 0.1748, "2025": 0.0, "2026": 0.3428}, "observable_by_year": {"2023": true, "2024": false, "2025": false, "2026": true}, "tile": "52SBB", "secondary_20m": {"verdict": "abstain", "event_flag_frac": null, "rank": null}, "korea_tags": {"자연환경보전지역": ["자연환경보전지역"]}, "buffer1_verdict": "abstain", "buffer1_rank": null}}, {"type": "Feature", "geometry": {"type": "Point", "coordinates": [126.462167, 33.3678839]}, "properties": {"oreum_id": "JJ-OREUM-204", "name": "살핀오름", "verdict": "scored", "abstain_reason": null, "rank": 67, "event_flag_frac": 0.0199, "event_n_flag": 23, "null_flag_frac": 0.0176, "persistent_tokens": 2, "event_only_tokens": 4, "valid_token_fraction": {"2023": 0.7029, "2024": 0.7351, "2025": 0.3684, "2026": 0.6797}, "observable_by_year": {"2023": true, "2024": true, "2025": true, "2026": true}, "tile": "52SBC", "secondary_20m": {"verdict": "scored", "event_flag_frac": 0.0143, "rank": 86}, "korea_tags": {"자연환경보전지역": ["자연환경보전지역"], "문화재·보호구역": ["역사문화환경보존지역"], "한라산국립공원": ["한라산"]}, "buffer1_verdict": "scored", "buffer1_rank": 78}}, {"type": "Feature", "geometry": {"type": "Point", "coordinates": [126.5265715, 33.3731517]}, "properties": {"oreum_id": "JJ-OREUM-205", "name": "삼각봉", "verdict": "abstain", "abstain_reason": "no cube", "rank": null, "event_flag_frac": null, "event_n_flag": null, "null_flag_frac": 0.0171, "persistent_tokens": 5, "event_only_tokens": 2, "valid_token_fraction": {"2023": 0.4299, "2024": 0.9287, "2025": 0.459, "2026": 0.3879}, "observable_by_year": {"2023": true, "2024": true, "2025": true, "2026": true}, "tile": "52SBC", "secondary_20m": {"verdict": "abstain", "event_flag_frac": null, "rank": null}, "korea_tags": {"자연환경보전지역": ["자연환경보전지역"], "문화재·보호구역": ["국가지정문화재구역", "등록문화재구역"], "한라산국립공원": ["한라산"]}, "buffer1_verdict": "abstain", "buffer1_rank": null}}, {"type": "Feature", "geometry": {"type": "Point", "coordinates": [126.5462519, 33.2439188]}, "properties": {"oreum_id": "JJ-OREUM-206", "name": "삼매봉", "verdict": "scored", "abstain_reason": null, "rank": 153, "event_flag_frac": 0.0, "event_n_flag": 0, "null_flag_frac": 0.0, "persistent_tokens": 0, "event_only_tokens": 0, "valid_token_fraction": {"2023": 0.9993, "2024": 0.9993, "2025": 0.9995, "2026": 0.9905}, "observable_by_year": {"2023": true, "2024": true, "2025": true, "2026": true}, "tile": "52SBB", "secondary_20m": {"verdict": "scored", "event_flag_frac": 0.0002, "rank": 149}, "korea_tags": {"문화재·보호구역": ["역사문화환경보존지역"]}, "buffer1_verdict": "scored", "buffer1_rank": 132}}, {"type": "Feature", "geometry": {"type": "Point", "coordinates": [126.4601412, 33.3576601]}, "properties": {"oreum_id": "JJ-OREUM-211", "name": "삼형제큰오름", "verdict": "scored", "abstain_reason": null, "rank": 68, "event_flag_frac": 0.0198, "event_n_flag": 26, "null_flag_frac": 0.0066, "persistent_tokens": 3, "event_only_tokens": 23, "valid_token_fraction": {"2023": 0.9221, "2024": 0.803, "2025": 0.4785, "2026": 0.678}, "observable_by_year": {"2023": true, "2024": true, "2025": true, "2026": true}, "tile": "52SBC", "secondary_20m": {"verdict": "scored", "event_flag_frac": 0.0083, "rank": 110}, "korea_tags": {"자연환경보전지역": ["자연환경보전지역"], "한라산국립공원": ["한라산"]}, "buffer1_verdict": "scored", "buffer1_rank": 83}}, {"type": "Feature", "geometry": {"type": "Point", "coordinates": [126.491702, 33.4657083]}, "properties": {"oreum_id": "JJ-OREUM-212", "name": "상여오름", "verdict": "scored", "abstain_reason": null, "rank": 104, "event_flag_frac": 0.0078, "event_n_flag": 19, "null_flag_frac": 0.0039, "persistent_tokens": 3, "event_only_tokens": 16, "valid_token_fraction": {"2023": 0.3059, "2024": 0.9683, "2025": 0.8416, "2026": 0.7195}, "observable_by_year": {"2023": true, "2024": true, "2025": true, "2026": true}, "tile": "52SBC", "secondary_20m": {"verdict": "scored", "event_flag_frac": 0.0076, "rank": 115}, "korea_tags": {}, "buffer1_verdict": "scored", "buffer1_rank": 107}}, {"type": "Feature", "geometry": {"type": "Point", "coordinates": [126.750927, 33.3965817]}, "properties": {"oreum_id": "JJ-OREUM-213", "name": "새끼오름", "verdict": "scored", "abstain_reason": null, "rank": 37, "event_flag_frac": 0.045, "event_n_flag": 74, "null_flag_frac": null, "persistent_tokens": 0, "event_only_tokens": 5, "valid_token_fraction": {"2023": 0.6958, "2024": 0.2805, "2025": 0.4978, "2026": 0.7446}, "observable_by_year": {"2023": true, "2024": true, "2025": true, "2026": true}, "tile": "52SBB", "secondary_20m": {"verdict": "scored", "event_flag_frac": 0.0518, "rank": 32}, "korea_tags": {}, "buffer1_verdict": "scored", "buffer1_rank": 25}}, {"type": "Feature", "geometry": {"type": "Point", "coordinates": [126.3576883, 33.3662548]}, "properties": {"oreum_id": "JJ-OREUM-214", "name": "새별오름", "verdict": "scored", "abstain_reason": null, "rank": 33, "event_flag_frac": 0.0528, "event_n_flag": 119, "null_flag_frac": 0.0073, "persistent_tokens": 0, "event_only_tokens": 34, "valid_token_fraction": {"2023": 0.6987, "2024": 0.3762, "2025": 0.6033, "2026": 0.8984}, "observable_by_year": {"2023": true, "2024": true, "2025": true, "2026": true}, "tile": "52SBB", "secondary_20m": {"verdict": "scored", "event_flag_frac": 0.0474, "rank": 34}, "korea_tags": {"자연환경보전지역": ["자연환경보전지역"]}, "buffer1_verdict": "scored", "buffer1_rank": 22}}, {"type": "Feature", "geometry": {"type": "Point", "coordinates": [126.2376627, 33.2977804]}, "properties": {"oreum_id": "JJ-OREUM-215", "name": "새신오름", "verdict": "scored", "abstain_reason": null, "rank": 8, "event_flag_frac": 0.1165, "event_n_flag": 131, "null_flag_frac": 0.0054, "persistent_tokens": 2, "event_only_tokens": 65, "valid_token_fraction": {"2023": 0.915, "2024": 0.645, "2025": 0.321, "2026": 0.9216}, "observable_by_year": {"2023": true, "2024": true, "2025": true, "2026": true}, "tile": "52SBB", "secondary_20m": {"verdict": "scored", "event_flag_frac": 0.1085, "rank": 9}, "korea_tags": {}, "buffer1_verdict": "scored", "buffer1_rank": 10}}, {"type": "Feature", "geometry": {"type": "Point", "coordinates": [126.3173459, 33.4476476]}, "properties": {"oreum_id": "JJ-OREUM-218", "name": "샛오름", "verdict": "scored", "abstain_reason": null, "rank": 144, "event_flag_frac": 0.0015, "event_n_flag": 6, "null_flag_frac": 0.0031, "persistent_tokens": 3, "event_only_tokens": 3, "valid_token_fraction": {"2023": 0.9907, "2024": 0.9507, "2025": 0.9988, "2026": 0.9961}, "observable_by_year": {"2023": true, "2024": true, "2025": true, "2026": true}, "tile": "51SYT", "secondary_20m": {"verdict": "scored", "event_flag_frac": 0.0018, "rank": 139}, "korea_tags": {}, "buffer1_verdict": "scored", "buffer1_rank": 123}}, {"type": "Feature", "geometry": {"type": "Point", "coordinates": [126.5531402, 33.4406233]}, "properties": {"oreum_id": "JJ-OREUM-220", "name": "서삼봉", "verdict": "abstain", "abstain_reason": "no cube", "rank": null, "event_flag_frac": null, "event_n_flag": null, "null_flag_frac": 0.0188, "persistent_tokens": 4, "event_only_tokens": 7, "valid_token_fraction": {"2023": 0.2703, "2024": 1.0, "2025": 0.312, "2026": 0.2817}, "observable_by_year": {"2023": true, "2024": true, "2025": true, "2026": true}, "tile": "52SBC", "secondary_20m": {"verdict": "abstain", "event_flag_frac": null, "rank": null}, "korea_tags": {}, "buffer1_verdict": "abstain", "buffer1_rank": null}}, {"type": "Feature", "geometry": {"type": "Point", "coordinates": [126.6775825, 33.5458447]}, "properties": {"oreum_id": "JJ-OREUM-222", "name": "서우봉", "verdict": "scored", "abstain_reason": null, "rank": 130, "event_flag_frac": 0.0043, "event_n_flag": 15, "null_flag_frac": 0.0003, "persistent_tokens": 0, "event_only_tokens": 15, "valid_token_fraction": {"2023": 0.9419, "2024": 0.8267, "2025": 0.9858, "2026": 0.8545}, "observable_by_year": {"2023": true, "2024": true, "2025": true, "2026": true}, "tile": "52SBC", "secondary_20m": {"verdict": "scored", "event_flag_frac": 0.0026, "rank": 135}, "korea_tags": {"자연환경보전지역": ["자연환경보전지역"]}, "buffer1_verdict": "scored", "buffer1_rank": 129}}, {"type": "Feature", "geometry": {"type": "Point", "coordinates": [126.2887115, 33.3730449]}, "properties": {"oreum_id": "JJ-OREUM-223", "name": "선소오름", "verdict": "scored", "abstain_reason": null, "rank": 103, "event_flag_frac": 0.0085, "event_n_flag": 29, "null_flag_frac": 0.0029, "persistent_tokens": 5, "event_only_tokens": 17, "valid_token_fraction": {"2023": 0.4709, "2024": 0.7576, "2025": 0.9995, "2026": 0.8367}, "observable_by_year": {"2023": true, "2024": true, "2025": true, "2026": true}, "tile": "51SYT", "secondary_20m": {"verdict": "scored", "event_flag_frac": 0.0131, "rank": 89}, "korea_tags": {}, "buffer1_verdict": "scored", "buffer1_rank": 82}}, {"type": "Feature", "geometry": {"type": "Point", "coordinates": [126.7695394, 33.3710636]}, "properties": {"oreum_id": "JJ-OREUM-225", "name": "설오름", "verdict": "scored", "abstain_reason": null, "rank": 20, "event_flag_frac": 0.0735, "event_n_flag": 95, "null_flag_frac": null, "persistent_tokens": 0, "event_only_tokens": 18, "valid_token_fraction": {"2023": 0.4521, "2024": 0.4204, "2025": 0.3335, "2026": 0.9761}, "observable_by_year": {"2023": true, "2024": true, "2025": true, "2026": true}, "tile": "52SBB", "secondary_20m": {"verdict": "scored", "event_flag_frac": 0.0776, "rank": 18}, "korea_tags": {}, "buffer1_verdict": "scored", "buffer1_rank": 13}}, {"type": "Feature", "geometry": {"type": "Point", "coordinates": [126.2812203, 33.2064905]}, "properties": {"oreum_id": "JJ-OREUM-227", "name": "섯알오름", "verdict": "scored", "abstain_reason": null, "rank": 126, "event_flag_frac": 0.0047, "event_n_flag": 19, "null_flag_frac": 0.0027, "persistent_tokens": 9, "event_only_tokens": 10, "valid_token_fraction": {"2023": 0.9312, "2024": 0.9971, "2025": 0.9905, "2026": 0.9985}, "observable_by_year": {"2023": true, "2024": true, "2025": true, "2026": true}, "tile": "51SYS", "secondary_20m": {"verdict": "scored", "event_flag_frac": 0.0045, "rank": 125}, "korea_tags": {"문화재·보호구역": ["등록문화재구역"]}, "buffer1_verdict": "scored", "buffer1_rank": 114}}, {"type": "Feature", "geometry": {"type": "Point", "coordinates": [126.5918597, 33.3740983]}, "properties": {"oreum_id": "JJ-OREUM-228", "name": "성널오름", "verdict": "abstain", "abstain_reason": "event pair unobservable: 2025", "rank": null, "event_flag_frac": null, "event_n_flag": null, "null_flag_frac": null, "persistent_tokens": 0, "event_only_tokens": 0, "valid_token_fraction": {"2023": 0.0005, "2024": 0.0291, "2025": 0.0024, "2026": 0.6592}, "observable_by_year": {"2023": false, "2024": false, "2025": false, "2026": true}, "tile": "52SBB", "secondary_20m": {"verdict": "abstain", "event_flag_frac": null, "rank": null}, "korea_tags": {"자연환경보전지역": ["자연환경보전지역"], "문화재·보호구역": ["국가지정문화재구역", "문화재보호구역"], "한라산국립공원": ["한라산"]}, "buffer1_verdict": "abstain", "buffer1_rank": null}}, {"type": "Feature", "geometry": {"type": "Point", "coordinates": [126.7491286, 33.4224437]}, "properties": {"oreum_id": "JJ-OREUM-229", "name": "성불오름", "verdict": "scored", "abstain_reason": null, "rank": 75, "event_flag_frac": 0.0178, "event_n_flag": 46, "null_flag_frac": 0.0127, "persistent_tokens": 9, "event_only_tokens": 11, "valid_token_fraction": {"2023": 0.4683, "2024": 0.6294, "2025": 0.6663, "2026": 0.9653}, "observable_by_year": {"2023": true, "2024": true, "2025": true, "2026": true}, "tile": "52SBC", "secondary_20m": {"verdict": "scored", "event_flag_frac": 0.0193, "rank": 67}, "korea_tags": {"자연환경보전지역": ["자연환경보전지역"]}, "buffer1_verdict": "scored", "buffer1_rank": 62}}, {"type": "Feature", "geometry": {"type": "Point", "coordinates": [126.9408178, 33.4588891]}, "properties": {"oreum_id": "JJ-OREUM-230", "name": "성산일출봉", "verdict": "scored", "abstain_reason": null, "rank": 140, "event_flag_frac": 0.002, "event_n_flag": 8, "null_flag_frac": 0.0007, "persistent_tokens": 3, "event_only_tokens": 5, "valid_token_fraction": {"2023": 0.7014, "2024": 0.9924, "2025": 0.9944, "2026": 0.9932}, "observable_by_year": {"2023": true, "2024": true, "2025": true, "2026": true}, "tile": "52SCC", "secondary_20m": {"verdict": "scored", "event_flag_frac": 0.0012, "rank": 145}, "korea_tags": {"문화재·보호구역": ["국가지정문화재구역", "문화재보호구역", "역사문화환경보존지역"]}, "buffer1_verdict": "scored", "buffer1_rank": 124}}, {"type": "Feature", "geometry": {"type": "Point", "coordinates": [126.6108506, 33.4198196]}, "properties": {"oreum_id": "JJ-OREUM-231", "name": "성진이오름", "verdict": "abstain", "abstain_reason": "event pair unobservable: 2025", "rank": null, "event_flag_frac": null, "event_n_flag": null, "null_flag_frac": null, "persistent_tokens": 9, "event_only_tokens": 1, "valid_token_fraction": {"2023": 0.845, "2024": 0.7092, "2025": 0.0259, "2026": 1.0}, "observable_by_year": {"2023": true, "2024": true, "2025": false, "2026": true}, "tile": "52SBC", "secondary_20m": {"verdict": "abstain", "event_flag_frac": null, "rank": null}, "korea_tags": {"자연환경보전지역": ["자연환경보전지역"], "문화재·보호구역": ["역사문화환경보존지역"], "한라산국립공원": ["한라산"]}, "buffer1_verdict": "abstain", "buffer1_rank": null}}, {"type": "Feature", "geometry": {"type": "Point", "coordinates": [126.3233222, 33.3499528]}, "properties": {"oreum_id": "JJ-OREUM-232", "name": "세미소", "verdict": "scored", "abstain_reason": null, "rank": 4, "event_flag_frac": 0.1843, "event_n_flag": 227, "null_flag_frac": null, "persistent_tokens": 1, "event_only_tokens": 33, "valid_token_fraction": {"2023": 0.9038, "2024": 0.4607, "2025": 0.3279, "2026": 0.8728}, "observable_by_year": {"2023": true, "2024": true, "2025": true, "2026": true}, "tile": "52SBB", "secondary_20m": {"verdict": "scored", "event_flag_frac": 0.1795, "rank": 4}, "korea_tags": {}, "buffer1_verdict": "scored", "buffer1_rank": 2}}, {"type": "Feature", "geometry": {"type": "Point", "coordinates": [126.6694243, 33.4740199]}, "properties": {"oreum_id": "JJ-OREUM-234", "name": "세미오름", "verdict": "scored", "abstain_reason": null, "rank": 63, "event_flag_frac": 0.0227, "event_n_flag": 78, "null_flag_frac": 0.0166, "persistent_tokens": 23, "event_only_tokens": 51, "valid_token_fraction": {"2023": 0.793, "2024": 0.9636, "2025": 0.8918, "2026": 0.9475}, "observable_by_year": {"2023": true, "2024": true, "2025": true, "2026": true}, "tile": "52SBC", "secondary_20m": {"verdict": "scored", "event_flag_frac": 0.022, "rank": 58}, "korea_tags": {"자연환경보전지역": ["자연환경보전지역"]}, "buffer1_verdict": "scored", "buffer1_rank": 46}}, {"type": "Feature", "geometry": {"type": "Point", "coordinates": [126.7228427, 33.4004686]}, "properties": {"oreum_id": "JJ-OREUM-235", "name": "소록산", "verdict": "scored", "abstain_reason": null, "rank": 52, "event_flag_frac": 0.029, "event_n_flag": 90, "null_flag_frac": 0.0035, "persistent_tokens": 1, "event_only_tokens": 61, "valid_token_fraction": {"2023": 0.7053, "2024": 0.6191, "2025": 0.8054, "2026": 0.9512}, "observable_by_year": {"2023": true, "2024": true, "2025": true, "2026": true}, "tile": "52SBC", "secondary_20m": {"verdict": "scored", "event_flag_frac": 0.0263, "rank": 50}, "korea_tags": {}, "buffer1_verdict": "scored", "buffer1_rank": 42}}, {"type": "Feature", "geometry": {"type": "Point", "coordinates": [126.3743066, 33.3083508]}, "properties": {"oreum_id": "JJ-OREUM-236", "name": "소병악", "verdict": "abstain", "abstain_reason": "event pair unobservable: 2025", "rank": null, "event_flag_frac": null, "event_n_flag": null, "null_flag_frac": null, "persistent_tokens": 2, "event_only_tokens": 0, "valid_token_fraction": {"2023": 1.0, "2024": 0.5227, "2025": 0.0654, "2026": 1.0}, "observable_by_year": {"2023": true, "2024": true, "2025": false, "2026": true}, "tile": "52SBB", "secondary_20m": {"verdict": "abstain", "event_flag_frac": null, "rank": null}, "korea_tags": {}, "buffer1_verdict": "abstain", "buffer1_rank": null}}, {"type": "Feature", "geometry": {"type": "Point", "coordinates": [126.5536297, 33.4460664]}, "properties": {"oreum_id": "JJ-OREUM-237", "name": "소산오름", "verdict": "scored", "abstain_reason": null, "rank": 57, "event_flag_frac": 0.0263, "event_n_flag": 25, "null_flag_frac": 0.008, "persistent_tokens": 0, "event_only_tokens": 25, "valid_token_fraction": {"2023": 0.2595, "2024": 1.0, "2025": 0.4578, "2026": 0.3452}, "observable_by_year": {"2023": true, "2024": true, "2025": true, "2026": true}, "tile": "52SBC", "secondary_20m": {"verdict": "scored", "event_flag_frac": 0.0198, "rank": 64}, "korea_tags": {"문화재·보호구역": ["역사문화환경보존지역"]}, "buffer1_verdict": "abstain", "buffer1_rank": null}}, {"type": "Feature", "geometry": {"type": "Point", "coordinates": [126.7553653, 33.3441784]}, "properties": {"oreum_id": "JJ-OREUM-238", "name": "소소름", "verdict": "scored", "abstain_reason": null, "rank": 21, "event_flag_frac": 0.0706, "event_n_flag": 98, "null_flag_frac": null, "persistent_tokens": 1, "event_only_tokens": 3, "valid_token_fraction": {"2023": 0.0, "2024": 0.2981, "2025": 0.3396, "2026": 0.9993}, "observable_by_year": {"2023": false, "2024": true, "2025": true, "2026": true}, "tile": "52SBB", "secondary_20m": {"verdict": "scored", "event_flag_frac": 0.0711, "rank": 22}, "korea_tags": {}, "buffer1_verdict": "scored", "buffer1_rank": 17}}, {"type": "Feature", "geometry": {"type": "Point", "coordinates": [126.9122167, 33.4367639]}, "properties": {"oreum_id": "JJ-OREUM-239", "name": "소수산봉", "verdict": "scored", "abstain_reason": null, "rank": 147, "event_flag_frac": 0.0011, "event_n_flag": 2, "null_flag_frac": 0.0, "persistent_tokens": 0, "event_only_tokens": 2, "valid_token_fraction": {"2023": 0.3821, "2024": 1.0, "2025": 0.4429, "2026": 0.9802}, "observable_by_year": {"2023": true, "2024": true, "2025": true, "2026": true}, "tile": "52SBC", "secondary_20m": {"verdict": "scored", "event_flag_frac": 0.0013, "rank": 143}, "korea_tags": {}, "buffer1_verdict": "scored", "buffer1_rank": 131}}, {"type": "Feature", "geometry": {"type": "Point", "coordinates": [126.876818, 33.4643179]}, "properties": {"oreum_id": "JJ-OREUM-240", "name": "소왕산", "verdict": "scored", "abstain_reason": null, "rank": 105, "event_flag_frac": 0.0076, "event_n_flag": 18, "null_flag_frac": 0.0048, "persistent_tokens": 1, "event_only_tokens": 11, "valid_token_fraction": {"2023": 0.5996, "2024": 0.583, "2025": 0.9434, "2026": 0.6008}, "observable_by_year": {"2023": true, "2024": true, "2025": true, "2026": true}, "tile": "52SBC", "secondary_20m": {"verdict": "scored", "event_flag_frac": 0.0073, "rank": 117}, "korea_tags": {}, "buffer1_verdict": "scored", "buffer1_rank": 108}}, {"type": "Feature", "geometry": {"type": "Point", "coordinates": [126.8194138, 33.4552435]}, "properties": {"oreum_id": "JJ-OREUM-241", "name": "손자봉", "verdict": "scored", "abstain_reason": null, "rank": 85, "event_flag_frac": 0.0141, "event_n_flag": 45, "null_flag_frac": 0.0208, "persistent_tokens": 11, "event_only_tokens": 28, "valid_token_fraction": {"2023": 0.4358, "2024": 0.7891, "2025": 0.8025, "2026": 0.9536}, "observable_by_year": {"2023": true, "2024": true, "2025": true, "2026": true}, "tile": "52SBC", "secondary_20m": {"verdict": "scored", "event_flag_frac": 0.0129, "rank": 90}, "korea_tags": {}, "buffer1_verdict": "scored", "buffer1_rank": 79}}, {"type": "Feature", "geometry": {"type": "Point", "coordinates": [126.2360167, 33.3276528]}, "properties": {"oreum_id": "JJ-OREUM-242", "name": "송아오름", "verdict": "scored", "abstain_reason": null, "rank": 119, "event_flag_frac": 0.0051, "event_n_flag": 21, "null_flag_frac": 0.0037, "persistent_tokens": 2, "event_only_tokens": 19, "valid_token_fraction": {"2023": 0.7759, "2024": 0.9998, "2025": 1.0, "2026": 1.0}, "observable_by_year": {"2023": true, "2024": true, "2025": true, "2026": true}, "tile": "51SYT", "secondary_20m": {"verdict": "scored", "event_flag_frac": 0.0078, "rank": 114}, "korea_tags": {}, "buffer1_verdict": "scored", "buffer1_rank": 94}}, {"type": "Feature", "geometry": {"type": "Point", "coordinates": [126.2897901, 33.1990813]}, "properties": {"oreum_id": "JJ-OREUM-243", "name": "송악산", "verdict": "scored", "abstain_reason": null, "rank": 145, "event_flag_frac": 0.0012, "event_n_flag": 5, "null_flag_frac": 0.0012, "persistent_tokens": 0, "event_only_tokens": 5, "valid_token_fraction": {"2023": 0.927, "2024": 0.9993, "2025": 0.999, "2026": 0.9985}, "observable_by_year": {"2023": true, "2024": true, "2025": true, "2026": true}, "tile": "51SYS", "secondary_20m": {"verdict": "scored", "event_flag_frac": 0.0016, "rank": 142}, "korea_tags": {}, "buffer1_verdict": "scored", "buffer1_rank": 126}}, {"type": "Feature", "geometry": {"type": "Point", "coordinates": [126.6094508, 33.3246214]}, "properties": {"oreum_id": "JJ-OREUM-245", "name": "수악", "verdict": "abstain", "abstain_reason": "event pair unobservable: 2025, 2026", "rank": null, "event_flag_frac": null, "event_n_flag": null, "null_flag_frac": null, "persistent_tokens": 0, "event_only_tokens": 0, "valid_token_fraction": {"2023": 0.6709, "2024": 0.0146, "2025": 0.0686, "2026": 0.1943}, "observable_by_year": {"2023": true, "2024": false, "2025": false, "2026": false}, "tile": "52SBB", "secondary_20m": {"verdict": "abstain", "event_flag_frac": null, "rank": null}, "korea_tags": {}, "buffer1_verdict": "abstain", "buffer1_rank": null}}, {"type": "Feature", "geometry": {"type": "Point", "coordinates": [126.1632411, 33.2945665]}, "properties": {"oreum_id": "JJ-OREUM-246", "name": "수월봉", "verdict": "scored", "abstain_reason": null, "rank": 48, "event_flag_frac": 0.0334, "event_n_flag": 55, "null_flag_frac": 0.0091, "persistent_tokens": 31, "event_only_tokens": 24, "valid_token_fraction": {"2023": 0.5098, "2024": 0.9858, "2025": 0.8596, "2026": 0.4211}, "observable_by_year": {"2023": true, "2024": true, "2025": true, "2026": true}, "tile": "51SYS", "secondary_20m": {"verdict": "scored", "event_flag_frac": 0.026, "rank": 51}, "korea_tags": {"문화재·보호구역": ["역사문화환경보존지역"]}, "buffer1_verdict": "scored", "buffer1_rank": 34}}, {"type": "Feature", "geometry": {"type": "Point", "coordinates": [126.5168893, 33.3062205]}, "properties": {"oreum_id": "JJ-OREUM-248", "name": "시오름", "verdict": "abstain", "abstain_reason": "event pair unobservable: 2025, 2026", "rank": null, "event_flag_frac": null, "event_n_flag": null, "null_flag_frac": null, "persistent_tokens": 0, "event_only_tokens": 0, "valid_token_fraction": {"2023": 0.3276, "2024": 0.0144, "2025": 0.0215, "2026": 0.0}, "observable_by_year": {"2023": true, "2024": false, "2025": false, "2026": false}, "tile": "52SBB", "secondary_20m": {"verdict": "abstain", "event_flag_frac": null, "rank": null}, "korea_tags": {}, "buffer1_verdict": "abstain", "buffer1_rank": null}}, {"type": "Feature", "geometry": {"type": "Point", "coordinates": [126.9198882, 33.4656984]}, "properties": {"oreum_id": "JJ-OREUM-249", "name": "식산봉", "verdict": "scored", "abstain_reason": null, "rank": 136, "event_flag_frac": 0.0025, "event_n_flag": 6, "null_flag_frac": 0.0012, "persistent_tokens": 0, "event_only_tokens": 6, "valid_token_fraction": {"2023": 0.3779, "2024": 0.9978, "2025": 0.9983, "2026": 0.5955}, "observable_by_year": {"2023": true, "2024": true, "2025": true, "2026": true}, "tile": "52SCC", "secondary_20m": {"verdict": "scored", "event_flag_frac": 0.0013, "rank": 144}, "korea_tags": {"문화재·보호구역": ["문화재", "역사문화환경보존지역"]}, "buffer1_verdict": "scored", "buffer1_rank": 136}}, {"type": "Feature", "geometry": {"type": "Point", "coordinates": [126.3624158, 33.2632933]}, "properties": {"oreum_id": "JJ-OREUM-251", "name": "신산오름", "verdict": "scored", "abstain_reason": null, "rank": 58, "event_flag_frac": 0.0257, "event_n_flag": 38, "null_flag_frac": 0.0023, "persistent_tokens": 2, "event_only_tokens": 36, "valid_token_fraction": {"2023": 0.9995, "2024": 0.8455, "2025": 0.7134, "2026": 0.4333}, "observable_by_year": {"2023": true, "2024": true, "2025": true, "2026": true}, "tile": "52SBB", "secondary_20m": {"verdict": "scored", "event_flag_frac": 0.0243, "rank": 54}, "korea_tags": {}, "buffer1_verdict": "scored", "buffer1_rank": 41}}, {"type": "Feature", "geometry": {"type": "Point", "coordinates": [126.8314944, 33.4746453]}, "properties": {"oreum_id": "JJ-OREUM-254", "name": "아끈다랑쉬", "verdict": "abstain", "abstain_reason": "event pair unobservable: 2025", "rank": null, "event_flag_frac": null, "event_n_flag": null, "null_flag_frac": null, "persistent_tokens": 15, "event_only_tokens": 15, "valid_token_fraction": {"2023": 0.6345, "2024": 0.7539, "2025": 0.095, "2026": 0.9995}, "observable_by_year": {"2023": true, "2024": true, "2025": false, "2026": true}, "tile": "52SBC", "secondary_20m": {"verdict": "abstain", "event_flag_frac": null, "rank": null}, "korea_tags": {}, "buffer1_verdict": "abstain", "buffer1_rank": null}}, {"type": "Feature", "geometry": {"type": "Point", "coordinates": [126.7796798, 33.4475648]}, "properties": {"oreum_id": "JJ-OREUM-255", "name": "아부오름", "verdict": "scored", "abstain_reason": null, "rank": 50, "event_flag_frac": 0.0325, "event_n_flag": 76, "null_flag_frac": 0.017, "persistent_tokens": 7, "event_only_tokens": 18, "valid_token_fraction": {"2023": 0.4709, "2024": 0.3877, "2025": 0.6006, "2026": 0.9697}, "observable_by_year": {"2023": true, "2024": true, "2025": true, "2026": true}, "tile": "52SBC", "secondary_20m": {"verdict": "scored", "event_flag_frac": 0.0283, "rank": 47}, "korea_tags": {"자연환경보전지역": ["자연환경보전지역"]}, "buffer1_verdict": "scored", "buffer1_rank": 39}}, {"type": "Feature", "geometry": {"type": "Point", "coordinates": [126.7558318, 33.4576592]}, "properties": {"oreum_id": "JJ-OREUM-257", "name": "안돌오름", "verdict": "abstain", "abstain_reason": "event pair unobservable: 2025", "rank": null, "event_flag_frac": null, "event_n_flag": null, "null_flag_frac": null, "persistent_tokens": 0, "event_only_tokens": 0, "valid_token_fraction": {"2023": 0.8855, "2024": 0.6196, "2025": 0.0, "2026": 0.9573}, "observable_by_year": {"2023": true, "2024": true, "2025": false, "2026": true}, "tile": "52SBC", "secondary_20m": {"verdict": "abstain", "event_flag_frac": null, "rank": null}, "korea_tags": {"자연환경보전지역": ["자연환경보전지역"]}, "buffer1_verdict": "abstain", "buffer1_rank": null}}, {"type": "Feature", "geometry": {"type": "Point", "coordinates": [126.6072646, 33.4674039]}, "properties": {"oreum_id": "JJ-OREUM-258", "name": "안세미", "verdict": "scored", "abstain_reason": null, "rank": 78, "event_flag_frac": 0.0173, "event_n_flag": 36, "null_flag_frac": 0.0033, "persistent_tokens": 8, "event_only_tokens": 28, "valid_token_fraction": {"2023": 0.1785, "2024": 0.9998, "2025": 0.8086, "2026": 0.6963}, "observable_by_year": {"2023": false, "2024": true, "2025": true, "2026": true}, "tile": "52SBC", "secondary_20m": {"verdict": "scored", "event_flag_frac": 0.0186, "rank": 71}, "korea_tags": {}, "buffer1_verdict": "scored", "buffer1_rank": 76}}, {"type": "Feature", "geometry": {"type": "Point", "coordinates": [126.4103723, 33.3721529]}, "properties": {"oreum_id": "JJ-OREUM-260", "name": "안천이오름", "verdict": "abstain", "abstain_reason": "no cube", "rank": null, "event_flag_frac": null, "event_n_flag": null, "null_flag_frac": null, "persistent_tokens": 0, "event_only_tokens": 7, "valid_token_fraction": {"2023": 0.8254, "2024": 0.1853, "2025": 0.3367, "2026": 0.4121}, "observable_by_year": {"2023": true, "2024": false, "2025": true, "2026": true}, "tile": "52SBB", "secondary_20m": {"verdict": "abstain", "event_flag_frac": null, "rank": null}, "korea_tags": {}, "buffer1_verdict": "abstain", "buffer1_rank": null}}, {"type": "Feature", "geometry": {"type": "Point", "coordinates": [126.7859492, 33.4784779]}, "properties": {"oreum_id": "JJ-OREUM-261", "name": "안친오름", "verdict": "abstain", "abstain_reason": "event pair unobservable: 2025", "rank": null, "event_flag_frac": null, "event_n_flag": null, "null_flag_frac": null, "persistent_tokens": 6, "event_only_tokens": 6, "valid_token_fraction": {"2023": 0.4265, "2024": 0.4319, "2025": 0.0078, "2026": 0.7739}, "observable_by_year": {"2023": true, "2024": true, "2025": false, "2026": true}, "tile": "52SBC", "secondary_20m": {"verdict": "abstain", "event_flag_frac": null, "rank": null}, "korea_tags": {}, "buffer1_verdict": "abstain", "buffer1_rank": null}}, {"type": "Feature", "geometry": {"type": "Point", "coordinates": [126.7126378, 33.4911306]}, "properties": {"oreum_id": "JJ-OREUM-262", "name": "알밤", "verdict": "scored", "abstain_reason": null, "rank": 74, "event_flag_frac": 0.0185, "event_n_flag": 64, "null_flag_frac": 0.0278, "persistent_tokens": 37, "event_only_tokens": 2, "valid_token_fraction": {"2023": 0.2432, "2024": 0.719, "2025": 0.8459, "2026": 0.999}, "observable_by_year": {"2023": true, "2024": true, "2025": true, "2026": true}, "tile": "52SBC", "secondary_20m": {"verdict": "scored", "event_flag_frac": 0.017, "rank": 75}, "korea_tags": {"자연환경보전지역": ["자연환경보전지역"]}, "buffer1_verdict": "scored", "buffer1_rank": 51}}, {"type": "Feature", "geometry": {"type": "Point", "coordinates": [126.5299312, 33.347343]}, "properties": {"oreum_id": "JJ-OREUM-263", "name": "알방애오름", "verdict": "abstain", "abstain_reason": "event pair unobservable: 2025", "rank": null, "event_flag_frac": null, "event_n_flag": null, "null_flag_frac": null, "persistent_tokens": 0, "event_only_tokens": 8, "valid_token_fraction": {"2023": 0.228, "2024": 0.1731, "2025": 0.1682, "2026": 0.2971}, "observable_by_year": {"2023": true, "2024": false, "2025": false, "2026": true}, "tile": "52SBB", "secondary_20m": {"verdict": "abstain", "event_flag_frac": null, "rank": null}, "korea_tags": {"자연환경보전지역": ["자연환경보전지역"], "문화재·보호구역": ["국가지정문화재구역", "문화재보호구역"], "한라산국립공원": ["한라산"]}, "buffer1_verdict": "abstain", "buffer1_rank": null}}, {"type": "Feature", "geometry": {"type": "Point", "coordinates": [126.5495056, 33.5191278]}, "properties": {"oreum_id": "JJ-OREUM-266", "name": "알오름", "verdict": "scored", "abstain_reason": null, "rank": 149, "event_flag_frac": 0.0008, "event_n_flag": 3, "null_flag_frac": 0.0008, "persistent_tokens": 3, "event_only_tokens": 0, "valid_token_fraction": {"2023": 0.98, "2024": 0.9922, "2025": 0.9541, "2026": 0.9917}, "observable_by_year": {"2023": true, "2024": true, "2025": true, "2026": true}, "tile": "52SBC", "secondary_20m": {"verdict": "scored", "event_flag_frac": 0.0006, "rank": 147}, "korea_tags": {}, "buffer1_verdict": "scored", "buffer1_rank": 134}}, {"type": "Feature", "geometry": {"type": "Point", "coordinates": [126.7608326, 33.49566]}, "properties": {"oreum_id": "JJ-OREUM-268", "name": "어대오름", "verdict": "scored", "abstain_reason": null, "rank": 64, "event_flag_frac": 0.0223, "event_n_flag": 51, "null_flag_frac": 0.0191, "persistent_tokens": 3, "event_only_tokens": 45, "valid_token_fraction": {"2023": 0.0156, "2024": 0.9126, "2025": 0.5925, "2026": 0.9497}, "observable_by_year": {"2023": false, "2024": true, "2025": true, "2026": true}, "tile": "52SBC", "secondary_20m": {"verdict": "scored", "event_flag_frac": 0.0187, "rank": 70}, "korea_tags": {}, "buffer1_verdict": "scored", "buffer1_rank": 44}}, {"type": "Feature", "geometry": {"type": "Point", "coordinates": [126.3073451, 33.4217561]}, "properties": {"oreum_id": "JJ-OREUM-269", "name": "어도오름", "verdict": "scored", "abstain_reason": null, "rank": 92, "event_flag_frac": 0.013, "event_n_flag": 53, "null_flag_frac": 0.0027, "persistent_tokens": 2, "event_only_tokens": 51, "valid_token_fraction": {"2023": 0.7175, "2024": 0.9966, "2025": 0.9998, "2026": 0.9971}, "observable_by_year": {"2023": true, "2024": true, "2025": true, "2026": true}, "tile": "51SYT", "secondary_20m": {"verdict": "scored", "event_flag_frac": 0.0152, "rank": 81}, "korea_tags": {}, "buffer1_verdict": "scored", "buffer1_rank": 64}}, {"type": "Feature", "geometry": {"type": "Point", "coordinates": [126.4868191, 33.3590468]}, "properties": {"oreum_id": "JJ-OREUM-270", "name": "어스렁오름", "verdict": "scored", "abstain_reason": null, "rank": 38, "event_flag_frac": 0.0439, "event_n_flag": 47, "null_flag_frac": 0.0201, "persistent_tokens": 0, "event_only_tokens": 47, "valid_token_fraction": {"2023": 0.8271, "2024": 0.9993, "2025": 0.4246, "2026": 0.6387}, "observable_by_year": {"2023": true, "2024": true, "2025": true, "2026": true}, "tile": "52SBC", "secondary_20m": {"verdict": "scored", "event_flag_frac": 0.0302, "rank": 46}, "korea_tags": {"자연환경보전지역": ["자연환경보전지역"], "문화재·보호구역": ["역사문화환경보존지역"], "한라산국립공원": ["한라산"]}, "buffer1_verdict": "abstain", "buffer1_rank": null}}, {"type": "Feature", "geometry": {"type": "Point", "coordinates": [126.4892586, 33.396556]}, "properties": {"oreum_id": "JJ-OREUM-271", "name": "어승생", "verdict": "abstain", "abstain_reason": "event pair unobservable: 2025, 2026", "rank": null, "event_flag_frac": null, "event_n_flag": null, "null_flag_frac": null, "persistent_tokens": 0, "event_only_tokens": 0, "valid_token_fraction": {"2023": 0.0518, "2024": 0.1479, "2025": 0.0151, "2026": 0.0171}, "observable_by_year": {"2023": false, "2024": false, "2025": false, "2026": false}, "tile": "52SBB", "secondary_20m": {"verdict": "abstain", "event_flag_frac": null, "rank": null}, "korea_tags": {"자연환경보전지역": ["자연환경보전지역"], "문화재·보호구역": ["국가지정문화재구역", "등록문화재구역"], "한라산국립공원": ["한라산"]}, "buffer1_verdict": "abstain", "buffer1_rank": null}}, {"type": "Feature", "geometry": {"type": "Point", "coordinates": [126.4054472, 33.3242139]}, "properties": {"oreum_id": "JJ-OREUM-272", "name": "어오름", "verdict": "abstain", "abstain_reason": "event pair unobservable: 2025", "rank": null, "event_flag_frac": null, "event_n_flag": null, "null_flag_frac": null, "persistent_tokens": 0, "event_only_tokens": 19, "valid_token_fraction": {"2023": 0.4844, "2024": 0.4844, "2025": 0.1013, "2026": 0.3447}, "observable_by_year": {"2023": true, "2024": true, "2025": false, "2026": true}, "tile": "52SBC", "secondary_20m": {"verdict": "abstain", "event_flag_frac": null, "rank": null}, "korea_tags": {}, "buffer1_verdict": "abstain", "buffer1_rank": null}}, {"type": "Feature", "geometry": {"type": "Point", "coordinates": [126.4990389, 33.3108083]}, "properties": {"oreum_id": "JJ-OREUM-273", "name": "어점이악", "verdict": "abstain", "abstain_reason": "event pair unobservable: 2025, 2026", "rank": null, "event_flag_frac": null, "event_n_flag": null, "null_flag_frac": null, "persistent_tokens": 0, "event_only_tokens": 0, "valid_token_fraction": {"2023": 0.0791, "2024": 0.0903, "2025": 0.0154, "2026": 0.0}, "observable_by_year": {"2023": false, "2024": false, "2025": false, "2026": false}, "tile": "52SBB", "secondary_20m": {"verdict": "abstain", "event_flag_frac": null, "rank": null}, "korea_tags": {}, "buffer1_verdict": "abstain", "buffer1_rank": null}}, {"type": "Feature", "geometry": {"type": "Point", "coordinates": [126.5936973, 33.3910529]}, "properties": {"oreum_id": "JJ-OREUM-274", "name": "어후오름", "verdict": "abstain", "abstain_reason": "event pair unobservable: 2025, 2026", "rank": null, "event_flag_frac": null, "event_n_flag": null, "null_flag_frac": null, "persistent_tokens": 0, "event_only_tokens": 0, "valid_token_fraction": {"2023": 0.0105, "2024": 0.0281, "2025": 0.0024, "2026": 0.1936}, "observable_by_year": {"2023": false, "2024": false, "2025": false, "2026": false}, "tile": "52SBB", "secondary_20m": {"verdict": "abstain", "event_flag_frac": null, "rank": null}, "korea_tags": {"자연환경보전지역": ["자연환경보전지역"], "문화재·보호구역": ["국가지정문화재구역"], "한라산국립공원": ["한라산"]}, "buffer1_verdict": "abstain", "buffer1_rank": null}}, {"type": "Feature", "geometry": {"type": "Point", "coordinates": [126.6940924, 33.3826903]}, "properties": {"oreum_id": "JJ-OREUM-275", "name": "여문영아리", "verdict": "scored", "abstain_reason": null, "rank": 69, "event_flag_frac": 0.0198, "event_n_flag": 71, "null_flag_frac": 0.0245, "persistent_tokens": 1, "event_only_tokens": 30, "valid_token_fraction": {"2023": 0.1941, "2024": 0.2629, "2025": 0.8933, "2026": 0.9834}, "observable_by_year": {"2023": false, "2024": true, "2025": true, "2026": true}, "tile": "52SBC", "secondary_20m": {"verdict": "scored", "event_flag_frac": 0.0202, "rank": 60}, "korea_tags": {}, "buffer1_verdict": "scored", "buffer1_rank": 52}}, {"type": "Feature", "geometry": {"type": "Point", "coordinates": [126.7364776, 33.348929]}, "properties": {"oreum_id": "JJ-OREUM-276", "name": "여절악", "verdict": "scored", "abstain_reason": null, "rank": 10, "event_flag_frac": 0.1097, "event_n_flag": 132, "null_flag_frac": null, "persistent_tokens": 0, "event_only_tokens": 0, "valid_token_fraction": {"2023": 0.0, "2024": 0.1848, "2025": 0.2937, "2026": 0.9946}, "observable_by_year": {"2023": false, "2024": false, "2025": true, "2026": true}, "tile": "52SBB", "secondary_20m": {"verdict": "scored", "event_flag_frac": 0.1266, "rank": 6}, "korea_tags": {}, "buffer1_verdict": "abstain", "buffer1_rank": null}}, {"type": "Feature", "geometry": {"type": "Point", "coordinates": [126.5212028, 33.425875]}, "properties": {"oreum_id": "JJ-OREUM-277", "name": "열안지", "verdict": "abstain", "abstain_reason": "event pair unobservable: 2025", "rank": null, "event_flag_frac": null, "event_n_flag": null, "null_flag_frac": null, "persistent_tokens": 0, "event_only_tokens": 0, "valid_token_fraction": {"2023": 0.2493, "2024": 1.0, "2025": 0.0, "2026": 0.23}, "observable_by_year": {"2023": true, "2024": true, "2025": false, "2026": true}, "tile": "52SBC", "secondary_20m": {"verdict": "abstain", "event_flag_frac": null, "rank": null}, "korea_tags": {}, "buffer1_verdict": "abstain", "buffer1_rank": null}}, {"type": "Feature", "geometry": {"type": "Point", "coordinates": [126.6053687, 33.4730719]}, "properties": {"oreum_id": "JJ-OREUM-278", "name": "열안지오름", "verdict": "scored", "abstain_reason": null, "rank": 100, "event_flag_frac": 0.01, "event_n_flag": 17, "null_flag_frac": 0.0018, "persistent_tokens": 3, "event_only_tokens": 14, "valid_token_fraction": {"2023": 0.1479, "2024": 0.9995, "2025": 0.9526, "2026": 0.4595}, "observable_by_year": {"2023": false, "2024": true, "2025": true, "2026": true}, "tile": "52SBC", "secondary_20m": {"verdict": "scored", "event_flag_frac": 0.018, "rank": 74}, "korea_tags": {}, "buffer1_verdict": "scored", "buffer1_rank": 55}}, {"type": "Feature", "geometry": {"type": "Point", "coordinates": [126.7962598, 33.4046235]}, "properties": {"oreum_id": "JJ-OREUM-280", "name": "영주산", "verdict": "scored", "abstain_reason": null, "rank": 134, "event_flag_frac": 0.0035, "event_n_flag": 13, "null_flag_frac": 0.0034, "persistent_tokens": 0, "event_only_tokens": 10, "valid_token_fraction": {"2023": 0.8535, "2024": 0.8708, "2025": 0.9944, "2026": 0.9097}, "observable_by_year": {"2023": true, "2024": true, "2025": true, "2026": true}, "tile": "52SBC", "secondary_20m": {"verdict": "scored", "event_flag_frac": 0.0041, "rank": 127}, "korea_tags": {}, "buffer1_verdict": "scored", "buffer1_rank": 105}}, {"type": "Feature", "geometry": {"type": "Point", "coordinates": [126.6008433, 33.2952411]}, "properties": {"oreum_id": "JJ-OREUM-281", "name": "영천악", "verdict": "abstain", "abstain_reason": "event pair unobservable: 2026", "rank": null, "event_flag_frac": null, "event_n_flag": null, "null_flag_frac": null, "persistent_tokens": 0, "event_only_tokens": 0, "valid_token_fraction": {"2023": 1.0, "2024": 0.2698, "2025": 0.5129, "2026": 0.0}, "observable_by_year": {"2023": true, "2024": true, "2025": true, "2026": false}, "tile": "52SBB", "secondary_20m": {"verdict": "abstain", "event_flag_frac": null, "rank": null}, "korea_tags": {"문화재·보호구역": ["역사문화환경보존지역"]}, "buffer1_verdict": "abstain", "buffer1_rank": null}}, {"type": "Feature", "geometry": {"type": "Point", "coordinates": [126.6304282, 33.2569375]}, "properties": {"oreum_id": "JJ-OREUM-282", "name": "예촌망", "verdict": "scored", "abstain_reason": null, "rank": 113, "event_flag_frac": 0.006, "event_n_flag": 10, "null_flag_frac": 0.0015, "persistent_tokens": 0, "event_only_tokens": 10, "valid_token_fraction": {"2023": 1.0, "2024": 0.9993, "2025": 1.0, "2026": 0.4045}, "observable_by_year": {"2023": true, "2024": true, "2025": true, "2026": true}, "tile": "52SBB", "secondary_20m": {"verdict": "scored", "event_flag_frac": 0.01, "rank": 98}, "korea_tags": {}, "buffer1_verdict": "scored", "buffer1_rank": 81}}, {"type": "Feature", "geometry": {"type": "Point", "coordinates": [126.5350734, 33.4699864]}, "properties": {"oreum_id": "JJ-OREUM-283", "name": "오구시오름", "verdict": "scored", "abstain_reason": null, "rank": 111, "event_flag_frac": 0.0063, "event_n_flag": 15, "null_flag_frac": 0.004, "persistent_tokens": 5, "event_only_tokens": 10, "valid_token_fraction": {"2023": 0.0864, "2024": 0.9993, "2025": 0.8542, "2026": 0.7207}, "observable_by_year": {"2023": false, "2024": true, "2025": true, "2026": true}, "tile": "52SBC", "secondary_20m": {"verdict": "scored", "event_flag_frac": 0.0039, "rank": 129}, "korea_tags": {}, "buffer1_verdict": "scored", "buffer1_rank": 112}}, {"type": "Feature", "geometry": {"type": "Point", "coordinates": [126.5330453, 33.3711975]}, "properties": {"oreum_id": "JJ-OREUM-286", "name": "왕관릉", "verdict": "abstain", "abstain_reason": "no cube", "rank": null, "event_flag_frac": null, "event_n_flag": null, "null_flag_frac": 0.0186, "persistent_tokens": 1, "event_only_tokens": 2, "valid_token_fraction": {"2023": 0.314, "2024": 0.9497, "2025": 0.4111, "2026": 0.4155}, "observable_by_year": {"2023": true, "2024": true, "2025": true, "2026": true}, "tile": "52SBC", "secondary_20m": {"verdict": "abstain", "event_flag_frac": null, "rank": null}, "korea_tags": {"자연환경보전지역": ["자연환경보전지역"], "문화재·보호구역": ["국가지정문화재구역"], "한라산국립공원": ["한라산"]}, "buffer1_verdict": "abstain", "buffer1_rank": null}}, {"type": "Feature", "geometry": {"type": "Point", "coordinates": [126.3765879, 33.3435327]}, "properties": {"oreum_id": "JJ-OREUM-288", "name": "왕이메", "verdict": "scored", "abstain_reason": null, "rank": 18, "event_flag_frac": 0.0877, "event_n_flag": 92, "null_flag_frac": null, "persistent_tokens": 0, "event_only_tokens": 14, "valid_token_fraction": {"2023": 0.9993, "2024": 0.2805, "2025": 0.2734, "2026": 0.9495}, "observable_by_year": {"2023": true, "2024": true, "2025": true, "2026": true}, "tile": "52SBB", "secondary_20m": {"verdict": "scored", "event_flag_frac": 0.0799, "rank": 17}, "korea_tags": {"자연환경보전지역": ["자연환경보전지역"]}, "buffer1_verdict": "scored", "buffer1_rank": 20}}, {"type": "Feature", "geometry": {"type": "Point", "coordinates": [126.8325016, 33.4599065]}, "properties": {"oreum_id": "JJ-OREUM-289", "name": "용눈이오름", "verdict": "scored", "abstain_reason": null, "rank": 106, "event_flag_frac": 0.0072, "event_n_flag": 17, "null_flag_frac": 0.0132, "persistent_tokens": 0, "event_only_tokens": 17, "valid_token_fraction": {"2023": 0.4658, "2024": 0.8411, "2025": 0.6108, "2026": 0.9646}, "observable_by_year": {"2023": true, "2024": true, "2025": true, "2026": true}, "tile": "52SBC", "secondary_20m": {"verdict": "scored", "event_flag_frac": 0.0084, "rank": 109}, "korea_tags": {}, "buffer1_verdict": "scored", "buffer1_rank": 87}}, {"type": "Feature", "geometry": {"type": "Point", "coordinates": [126.6994832, 33.4677794]}, "properties": {"oreum_id": "JJ-OREUM-292", "name": "우진제비", "verdict": "scored", "abstain_reason": null, "rank": 59, "event_flag_frac": 0.0251, "event_n_flag": 40, "null_flag_frac": 0.0137, "persistent_tokens": 7, "event_only_tokens": 28, "valid_token_fraction": {"2023": 0.4839, "2024": 0.6655, "2025": 0.3887, "2026": 1.0}, "observable_by_year": {"2023": true, "2024": true, "2025": true, "2026": true}, "tile": "52SBC", "secondary_20m": {"verdict": "scored", "event_flag_frac": 0.0252, "rank": 53}, "korea_tags": {"자연환경보전지역": ["자연환경보전지역"]}, "buffer1_verdict": "scored", "buffer1_rank": 35}}, {"type": "Feature", "geometry": {"type": "Point", "coordinates": [126.7046944, 33.2994833]}, "properties": {"oreum_id": "JJ-OREUM-293", "name": "운지악", "verdict": "scored", "abstain_reason": null, "rank": 70, "event_flag_frac": 0.0198, "event_n_flag": 80, "null_flag_frac": 0.0111, "persistent_tokens": 1, "event_only_tokens": 16, "valid_token_fraction": {"2023": 0.97, "2024": 0.3286, "2025": 0.9854, "2026": 0.9995}, "observable_by_year": {"2023": true, "2024": true, "2025": true, "2026": true}, "tile": "52SBB", "secondary_20m": {"verdict": "scored", "event_flag_frac": 0.02, "rank": 62}, "korea_tags": {}, "buffer1_verdict": "scored", "buffer1_rank": 47}}, {"type": "Feature", "geometry": {"type": "Point", "coordinates": [126.7154228, 33.4773347]}, "properties": {"oreum_id": "JJ-OREUM-294", "name": "웃밤", "verdict": "scored", "abstain_reason": null, "rank": 73, "event_flag_frac": 0.0192, "event_n_flag": 25, "null_flag_frac": 0.0031, "persistent_tokens": 2, "event_only_tokens": 14, "valid_token_fraction": {"2023": 0.3286, "2024": 0.7688, "2025": 0.3171, "2026": 0.9995}, "observable_by_year": {"2023": true, "2024": true, "2025": true, "2026": true}, "tile": "52SBC", "secondary_20m": {"verdict": "scored", "event_flag_frac": 0.0137, "rank": 87}, "korea_tags": {"자연환경보전지역": ["자연환경보전지역"], "문화재·보호구역": ["역사문화환경보존지역"]}, "buffer1_verdict": "scored", "buffer1_rank": 56}}, {"type": "Feature", "geometry": {"type": "Point", "coordinates": [126.529934, 33.35696]}, "properties": {"oreum_id": "JJ-OREUM-295", "name": "웃방애오름", "verdict": "abstain", "abstain_reason": "event pair unobservable: 2025", "rank": null, "event_flag_frac": null, "event_n_flag": null, "null_flag_frac": null, "persistent_tokens": 0, "event_only_tokens": 14, "valid_token_fraction": {"2023": 0.4763, "2024": 0.1943, "2025": 0.1189, "2026": 0.7026}, "observable_by_year": {"2023": true, "2024": false, "2025": false, "2026": true}, "tile": "52SBB", "secondary_20m": {"verdict": "abstain", "event_flag_frac": null, "rank": null}, "korea_tags": {"자연환경보전지역": ["자연환경보전지역"], "문화재·보호구역": ["국가지정문화재구역", "문화재보호구역"], "한라산국립공원": ["한라산"]}, "buffer1_verdict": "abstain", "buffer1_rank": null}}, {"type": "Feature", "geometry": {"type": "Point", "coordinates": [126.5993679, 33.5251329]}, "properties": {"oreum_id": "JJ-OREUM-298", "name": "원당봉", "verdict": "scored", "abstain_reason": null, "rank": 146, "event_flag_frac": 0.0012, "event_n_flag": 4, "null_flag_frac": 0.0081, "persistent_tokens": 3, "event_only_tokens": 1, "valid_token_fraction": {"2023": 0.886, "2024": 0.9956, "2025": 0.9922, "2026": 0.7935}, "observable_by_year": {"2023": true, "2024": true, "2025": true, "2026": true}, "tile": "52SBC", "secondary_20m": {"verdict": "scored", "event_flag_frac": 0.0019, "rank": 138}, "korea_tags": {"문화재·보호구역": ["역사문화환경보존지역"]}, "buffer1_verdict": "scored", "buffer1_rank": 128}}, {"type": "Feature", "geometry": {"type": "Point", "coordinates": [126.3495017, 33.2439019]}, "properties": {"oreum_id": "JJ-OREUM-300", "name": "월라봉", "verdict": "scored", "abstain_reason": null, "rank": 101, "event_flag_frac": 0.0098, "event_n_flag": 18, "null_flag_frac": 0.0008, "persistent_tokens": 2, "event_only_tokens": 16, "valid_token_fraction": {"2023": 0.9954, "2024": 0.9583, "2025": 0.9998, "2026": 0.4495}, "observable_by_year": {"2023": true, "2024": true, "2025": true, "2026": true}, "tile": "52SBB", "secondary_20m": {"verdict": "scored", "event_flag_frac": 0.0091, "rank": 105}, "korea_tags": {}, "buffer1_verdict": "scored", "buffer1_rank": 89}}, {"type": "Feature", "geometry": {"type": "Point", "coordinates": [126.8096533, 33.4391758]}, "properties": {"oreum_id": "JJ-OREUM-302", "name": "월랑지", "verdict": "scored", "abstain_reason": null, "rank": 72, "event_flag_frac": 0.0195, "event_n_flag": 69, "null_flag_frac": 0.0121, "persistent_tokens": 2, "event_only_tokens": 63, "valid_token_fraction": {"2023": 0.5015, "2024": 0.7078, "2025": 0.9675, "2026": 0.8904}, "observable_by_year": {"2023": true, "2024": true, "2025": true, "2026": true}, "tile": "52SBC", "secondary_20m": {"verdict": "scored", "event_flag_frac": 0.0185, "rank": 72}, "korea_tags": {}, "buffer1_verdict": "scored", "buffer1_rank": 65}}, {"type": "Feature", "geometry": {"type": "Point", "coordinates": [126.50025, 33.25988]}, "properties": {"oreum_id": "JJ-OREUM-303", "name": "월산봉", "verdict": "scored", "abstain_reason": null, "rank": 109, "event_flag_frac": 0.0069, "event_n_flag": 15, "null_flag_frac": 0.0017, "persistent_tokens": 1, "event_only_tokens": 14, "valid_token_fraction": {"2023": 1.0, "2024": 0.9365, "2025": 0.5669, "2026": 0.939}, "observable_by_year": {"2023": true, "2024": true, "2025": true, "2026": true}, "tile": "52SBB", "secondary_20m": {"verdict": "scored", "event_flag_frac": 0.0091, "rank": 106}, "korea_tags": {}, "buffer1_verdict": "scored", "buffer1_rank": 91}}, {"type": "Feature", "geometry": {"type": "Point", "coordinates": [126.8555975, 33.4691152]}, "properties": {"oreum_id": "JJ-OREUM-305", "name": "은월봉", "verdict": "scored", "abstain_reason": null, "rank": 124, "event_flag_frac": 0.0049, "event_n_flag": 15, "null_flag_frac": 0.0032, "persistent_tokens": 0, "event_only_tokens": 1, "valid_token_fraction": {"2023": 0.6702, "2024": 0.3086, "2025": 0.8098, "2026": 0.9189}, "observable_by_year": {"2023": true, "2024": true, "2025": true, "2026": true}, "tile": "52SBC", "secondary_20m": {"verdict": "scored", "event_flag_frac": 0.0055, "rank": 124}, "korea_tags": {}, "buffer1_verdict": "scored", "buffer1_rank": 102}}, {"type": "Feature", "geometry": {"type": "Point", "coordinates": [126.3485106, 33.364167]}, "properties": {"oreum_id": "JJ-OREUM-308", "name": "이달봉", "verdict": "scored", "abstain_reason": null, "rank": 26, "event_flag_frac": 0.0618, "event_n_flag": 164, "null_flag_frac": 0.0166, "persistent_tokens": 4, "event_only_tokens": 77, "valid_token_fraction": {"2023": 0.8901, "2024": 0.4807, "2025": 0.71, "2026": 0.8997}, "observable_by_year": {"2023": true, "2024": true, "2025": true, "2026": true}, "tile": "52SBB", "secondary_20m": {"verdict": "scored", "event_flag_frac": 0.0628, "rank": 25}, "korea_tags": {"자연환경보전지역": ["자연환경보전지역"]}, "buffer1_verdict": "scored", "buffer1_rank": 19}}, {"type": "Feature", "geometry": {"type": "Point", "coordinates": [126.347002, 33.3662917]}, "properties": {"oreum_id": "JJ-OREUM-309", "name": "이달이촛대봉", "verdict": "scored", "abstain_reason": null, "rank": 23, "event_flag_frac": 0.0678, "event_n_flag": 176, "null_flag_frac": 0.0208, "persistent_tokens": 0, "event_only_tokens": 80, "valid_token_fraction": {"2023": 0.9102, "2024": 0.4697, "2025": 0.6924, "2026": 0.9023}, "observable_by_year": {"2023": true, "2024": true, "2025": true, "2026": true}, "tile": "52SBB", "secondary_20m": {"verdict": "scored", "event_flag_frac": 0.0696, "rank": 23}, "korea_tags": {"자연환경보전지역": ["자연환경보전지역"]}, "buffer1_verdict": "scored", "buffer1_rank": 14}}, {"type": "Feature", "geometry": {"type": "Point", "coordinates": [126.4841947, 33.3622551]}, "properties": {"oreum_id": "JJ-OREUM-311", "name": "이스렁오름", "verdict": "scored", "abstain_reason": null, "rank": 44, "event_flag_frac": 0.0378, "event_n_flag": 42, "null_flag_frac": 0.0098, "persistent_tokens": 0, "event_only_tokens": 42, "valid_token_fraction": {"2023": 0.8562, "2024": 0.9534, "2025": 0.3745, "2026": 0.7097}, "observable_by_year": {"2023": true, "2024": true, "2025": true, "2026": true}, "tile": "52SBC", "secondary_20m": {"verdict": "scored", "event_flag_frac": 0.0226, "rank": 57}, "korea_tags": {"자연환경보전지역": ["자연환경보전지역"], "문화재·보호구역": ["국가지정문화재구역"], "한라산국립공원": ["한라산"]}, "buffer1_verdict": "abstain", "buffer1_rank": null}}, {"type": "Feature", "geometry": {"type": "Point", "coordinates": [126.6222535, 33.3401686]}, "properties": {"oreum_id": "JJ-OREUM-312", "name": "이승악", "verdict": "abstain", "abstain_reason": "event pair unobservable: 2025", "rank": null, "event_flag_frac": null, "event_n_flag": null, "null_flag_frac": null, "persistent_tokens": 0, "event_only_tokens": 0, "valid_token_fraction": {"2023": 0.0571, "2024": 0.0002, "2025": 0.1589, "2026": 0.9778}, "observable_by_year": {"2023": false, "2024": false, "2025": false, "2026": true}, "tile": "52SBB", "secondary_20m": {"verdict": "abstain", "event_flag_frac": null, "rank": null}, "korea_tags": {"문화재·보호구역": ["역사문화환경보존지역"]}, "buffer1_verdict": "abstain", "buffer1_rank": null}}, {"type": "Feature", "geometry": {"type": "Point", "coordinates": [126.5849297, 33.2843073]}, "properties": {"oreum_id": "JJ-OREUM-313", "name": "인정오름", "verdict": "abstain", "abstain_reason": "event pair unobservable: 2026", "rank": null, "event_flag_frac": null, "event_n_flag": null, "null_flag_frac": null, "persistent_tokens": 0, "event_only_tokens": 0, "valid_token_fraction": {"2023": 1.0, "2024": 0.1545, "2025": 0.6626, "2026": 0.012}, "observable_by_year": {"2023": true, "2024": false, "2025": true, "2026": false}, "tile": "52SBB", "secondary_20m": {"verdict": "abstain", "event_flag_frac": null, "rank": null}, "korea_tags": {}, "buffer1_verdict": "abstain", "buffer1_rank": null}}, {"type": "Feature", "geometry": {"type": "Point", "coordinates": [126.7582359, 33.5475847]}, "properties": {"oreum_id": "JJ-OREUM-314", "name": "입산봉", "verdict": "scored", "abstain_reason": null, "rank": 118, "event_flag_frac": 0.0053, "event_n_flag": 14, "null_flag_frac": 0.0046, "persistent_tokens": 3, "event_only_tokens": 11, "valid_token_fraction": {"2023": 0.583, "2024": 0.7273, "2025": 0.8777, "2026": 0.6931}, "observable_by_year": {"2023": true, "2024": true, "2025": true, "2026": true}, "tile": "52SBC", "secondary_20m": {"verdict": "scored", "event_flag_frac": 0.0068, "rank": 121}, "korea_tags": {}, "buffer1_verdict": "scored", "buffer1_rank": 93}}, {"type": "Feature", "geometry": {"type": "Point", "coordinates": [126.5696461, 33.3566955]}, "properties": {"oreum_id": "JJ-OREUM-315", "name": "입석오름", "verdict": "abstain", "abstain_reason": "event pair unobservable: 2025", "rank": null, "event_flag_frac": null, "event_n_flag": null, "null_flag_frac": null, "persistent_tokens": 0, "event_only_tokens": 0, "valid_token_fraction": {"2023": 0.0, "2024": 0.0078, "2025": 0.0, "2026": 0.3406}, "observable_by_year": {"2023": false, "2024": false, "2025": false, "2026": true}, "tile": "52SBB", "secondary_20m": {"verdict": "abstain", "event_flag_frac": null, "rank": null}, "korea_tags": {"자연환경보전지역": ["자연환경보전지역"], "문화재·보호구역": ["국가지정문화재구역", "문화재보호구역"], "한라산국립공원": ["한라산"]}, "buffer1_verdict": "abstain", "buffer1_rank": null}}, {"type": "Feature", "geometry": {"type": "Point", "coordinates": [126.6769333, 33.301008]}, "properties": {"oreum_id": "JJ-OREUM-316", "name": "자배봉", "verdict": "scored", "abstain_reason": null, "rank": 76, "event_flag_frac": 0.0178, "event_n_flag": 66, "null_flag_frac": 0.0103, "persistent_tokens": 10, "event_only_tokens": 28, "valid_token_fraction": {"2023": 0.9922, "2024": 0.4761, "2025": 0.9028, "2026": 1.0}, "observable_by_year": {"2023": true, "2024": true, "2025": true, "2026": true}, "tile": "52SBB", "secondary_20m": {"verdict": "scored", "event_flag_frac": 0.0181, "rank": 73}, "korea_tags": {}, "buffer1_verdict": "scored", "buffer1_rank": 49}}, {"type": "Feature", "geometry": {"type": "Point", "coordinates": [126.2509465, 33.3329288]}, "properties": {"oreum_id": "JJ-OREUM-320", "name": "저지오름", "verdict": "scored", "abstain_reason": null, "rank": 114, "event_flag_frac": 0.0058, "event_n_flag": 21, "null_flag_frac": 0.0045, "persistent_tokens": 2, "event_only_tokens": 12, "valid_token_fraction": {"2023": 0.3657, "2024": 0.7112, "2025": 1.0, "2026": 0.8772}, "observable_by_year": {"2023": true, "2024": true, "2025": true, "2026": true}, "tile": "51SYT", "secondary_20m": {"verdict": "scored", "event_flag_frac": 0.0101, "rank": 97}, "korea_tags": {"자연환경보전지역": ["자연환경보전지역"]}, "buffer1_verdict": "scored", "buffer1_rank": 92}}, {"type": "Feature", "geometry": {"type": "Point", "coordinates": [126.3295604, 33.3384742]}, "properties": {"oreum_id": "JJ-OREUM-324", "name": "정물오름", "verdict": "scored", "abstain_reason": null, "rank": 13, "event_flag_frac": 0.0966, "event_n_flag": 132, "null_flag_frac": 0.0152, "persistent_tokens": 5, "event_only_tokens": 82, "valid_token_fraction": {"2023": 0.9705, "2024": 0.5515, "2025": 0.4209, "2026": 0.8376}, "observable_by_year": {"2023": true, "2024": true, "2025": true, "2026": true}, "tile": "52SBB", "secondary_20m": {"verdict": "scored", "event_flag_frac": 0.0898, "rank": 14}, "korea_tags": {"자연환경보전지역": ["자연환경보전지역"]}, "buffer1_verdict": "scored", "buffer1_rank": 7}}, {"type": "Feature", "geometry": {"type": "Point", "coordinates": [126.241509, 33.3636835]}, "properties": {"oreum_id": "JJ-OREUM-325", "name": "정월오름", "verdict": "scored", "abstain_reason": null, "rank": 129, "event_flag_frac": 0.0044, "event_n_flag": 18, "null_flag_frac": 0.0032, "persistent_tokens": 2, "event_only_tokens": 12, "valid_token_fraction": {"2023": 0.9573, "2024": 0.5374, "2025": 0.9998, "2026": 0.9998}, "observable_by_year": {"2023": true, "2024": true, "2025": true, "2026": true}, "tile": "51SYT", "secondary_20m": {"verdict": "scored", "event_flag_frac": 0.0073, "rank": 118}, "korea_tags": {}, "buffer1_verdict": "scored", "buffer1_rank": 109}}, {"type": "Feature", "geometry": {"type": "Point", "coordinates": [126.8358901, 33.3475462]}, "properties": {"oreum_id": "JJ-OREUM-326", "name": "제석오름", "verdict": "scored", "abstain_reason": null, "rank": 28, "event_flag_frac": 0.061, "event_n_flag": 65, "null_flag_frac": 0.0272, "persistent_tokens": 4, "event_only_tokens": 49, "valid_token_fraction": {"2023": 0.2188, "2024": 0.5989, "2025": 0.4426, "2026": 0.6655}, "observable_by_year": {"2023": true, "2024": true, "2025": true, "2026": true}, "tile": "52SBB", "secondary_20m": {"verdict": "scored", "event_flag_frac": 0.0619, "rank": 26}, "korea_tags": {}, "buffer1_verdict": "abstain", "buffer1_rank": null}}, {"type": "Feature", "geometry": {"type": "Point", "coordinates": [126.6093014, 33.2418268]}, "properties": {"oreum_id": "JJ-OREUM-327", "name": "제지기오름", "verdict": "scored", "abstain_reason": null, "rank": 120, "event_flag_frac": 0.0051, "event_n_flag": 21, "null_flag_frac": 0.0007, "persistent_tokens": 0, "event_only_tokens": 21, "valid_token_fraction": {"2023": 0.9998, "2024": 0.9988, "2025": 0.9998, "2026": 0.9973}, "observable_by_year": {"2023": true, "2024": true, "2025": true, "2026": true}, "tile": "52SBB", "secondary_20m": {"verdict": "scored", "event_flag_frac": 0.0037, "rank": 131}, "korea_tags": {}, "buffer1_verdict": "scored", "buffer1_rank": 98}}, {"type": "Feature", "geometry": {"type": "Point", "coordinates": [126.3690562, 33.3304678]}, "properties": {"oreum_id": "JJ-OREUM-331", "name": "족은대비악", "verdict": "scored", "abstain_reason": null, "rank": 107, "event_flag_frac": 0.0072, "event_n_flag": 7, "null_flag_frac": 0.0339, "persistent_tokens": 2, "event_only_tokens": 5, "valid_token_fraction": {"2023": 0.7969, "2024": 0.7966, "2025": 0.2959, "2026": 0.6338}, "observable_by_year": {"2023": true, "2024": true, "2025": true, "2026": true}, "tile": "52SBC", "secondary_20m": {"verdict": "scored", "event_flag_frac": 0.0099, "rank": 100}, "korea_tags": {}, "buffer1_verdict": "abstain", "buffer1_rank": null}}, {"type": "Feature", "geometry": {"type": "Point", "coordinates": [126.7731454, 33.4400907]}, "properties": {"oreum_id": "JJ-OREUM-332", "name": "족은돌이미", "verdict": "scored", "abstain_reason": null, "rank": 42, "event_flag_frac": 0.0398, "event_n_flag": 58, "null_flag_frac": null, "persistent_tokens": 2, "event_only_tokens": 6, "valid_token_fraction": {"2023": 0.5393, "2024": 0.4517, "2025": 0.3738, "2026": 0.969}, "observable_by_year": {"2023": true, "2024": true, "2025": true, "2026": true}, "tile": "52SBC", "secondary_20m": {"verdict": "scored", "event_flag_frac": 0.0354, "rank": 40}, "korea_tags": {}, "buffer1_verdict": "scored", "buffer1_rank": 32}}, {"type": "Feature", "geometry": {"type": "Point", "coordinates": [126.4002568, 33.3757183]}, "properties": {"oreum_id": "JJ-OREUM-334", "name": "족은바리메", "verdict": "scored", "abstain_reason": null, "rank": 32, "event_flag_frac": 0.0543, "event_n_flag": 49, "null_flag_frac": null, "persistent_tokens": 6, "event_only_tokens": 10, "valid_token_fraction": {"2023": 0.876, "2024": 0.229, "2025": 0.356, "2026": 0.5952}, "observable_by_year": {"2023": true, "2024": true, "2025": true, "2026": true}, "tile": "52SBB", "secondary_20m": {"verdict": "scored", "event_flag_frac": 0.0524, "rank": 31}, "korea_tags": {}, "buffer1_verdict": "abstain", "buffer1_rank": null}}, {"type": "Feature", "geometry": {"type": "Point", "coordinates": [126.6840583, 33.43915]}, "properties": {"oreum_id": "JJ-OREUM-335", "name": "족은방애오름", "verdict": "abstain", "abstain_reason": "event pair unobservable: 2025", "rank": null, "event_flag_frac": null, "event_n_flag": null, "null_flag_frac": null, "persistent_tokens": 4, "event_only_tokens": 13, "valid_token_fraction": {"2023": 0.9243, "2024": 0.4924, "2025": 0.1033, "2026": 0.9932}, "observable_by_year": {"2023": true, "2024": true, "2025": false, "2026": true}, "tile": "52SBC", "secondary_20m": {"verdict": "abstain", "event_flag_frac": null, "rank": null}, "korea_tags": {}, "buffer1_verdict": "abstain", "buffer1_rank": null}}, {"type": "Feature", "geometry": {"type": "Point", "coordinates": [126.6457443, 33.4501101]}, "properties": {"oreum_id": "JJ-OREUM-337", "name": "족은지그리", "verdict": "scored", "abstain_reason": null, "rank": 47, "event_flag_frac": 0.0336, "event_n_flag": 78, "null_flag_frac": 0.004, "persistent_tokens": 5, "event_only_tokens": 72, "valid_token_fraction": {"2023": 0.6277, "2024": 0.8252, "2025": 0.5769, "2026": 0.9885}, "observable_by_year": {"2023": true, "2024": true, "2025": true, "2026": true}, "tile": "52SBC", "secondary_20m": {"verdict": "scored", "event_flag_frac": 0.0271, "rank": 48}, "korea_tags": {}, "buffer1_verdict": "scored", "buffer1_rank": 40}}, {"type": "Feature", "geometry": {"type": "Point", "coordinates": [126.8067722, 33.4360887]}, "properties": {"oreum_id": "JJ-OREUM-339", "name": "좌보미", "verdict": "scored", "abstain_reason": null, "rank": 71, "event_flag_frac": 0.0198, "event_n_flag": 67, "null_flag_frac": 0.0097, "persistent_tokens": 4, "event_only_tokens": 62, "valid_token_fraction": {"2023": 0.4634, "2024": 0.7297, "2025": 0.9973, "2026": 0.8274}, "observable_by_year": {"2023": true, "2024": true, "2025": true, "2026": true}, "tile": "52SBC", "secondary_20m": {"verdict": "scored", "event_flag_frac": 0.015, "rank": 83}, "korea_tags": {}, "buffer1_verdict": "scored", "buffer1_rank": 60}}, {"type": "Feature", "geometry": {"type": "Point", "coordinates": [126.81495, 33.43281]}, "properties": {"oreum_id": "JJ-OREUM-340", "name": "좌보미알오름", "verdict": "scored", "abstain_reason": null, "rank": 108, "event_flag_frac": 0.0071, "event_n_flag": 23, "null_flag_frac": 0.0108, "persistent_tokens": 0, "event_only_tokens": 20, "valid_token_fraction": {"2023": 0.5693, "2024": 0.8369, "2025": 1.0, "2026": 0.7854}, "observable_by_year": {"2023": true, "2024": true, "2025": true, "2026": true}, "tile": "52SBC", "secondary_20m": {"verdict": "scored", "event_flag_frac": 0.0069, "rank": 120}, "korea_tags": {}, "buffer1_verdict": "scored", "buffer1_rank": 113}}, {"type": "Feature", "geometry": {"type": "Point", "coordinates": [126.748118, 33.4922209]}, "properties": {"oreum_id": "JJ-OREUM-341", "name": "주체오름", "verdict": "scored", "abstain_reason": null, "rank": 35, "event_flag_frac": 0.0482, "event_n_flag": 81, "null_flag_frac": 0.0129, "persistent_tokens": 2, "event_only_tokens": 72, "valid_token_fraction": {"2023": 0.1846, "2024": 0.7954, "2025": 0.4551, "2026": 0.9351}, "observable_by_year": {"2023": false, "2024": true, "2025": true, "2026": true}, "tile": "52SBC", "secondary_20m": {"verdict": "scored", "event_flag_frac": 0.0393, "rank": 38}, "korea_tags": {"문화재·보호구역": ["역사문화환경보존지역"]}, "buffer1_verdict": "scored", "buffer1_rank": 33}}, {"type": "Feature", "geometry": {"type": "Point", "coordinates": [126.9023646, 33.4992653]}, "properties": {"oreum_id": "JJ-OREUM-342", "name": "지미봉", "verdict": "abstain", "abstain_reason": "no cube", "rank": null, "event_flag_frac": null, "event_n_flag": null, "null_flag_frac": 0.0069, "persistent_tokens": 3, "event_only_tokens": 1, "valid_token_fraction": {"2023": 0.5215, "2024": 0.978, "2025": 0.2146, "2026": 0.8733}, "observable_by_year": {"2023": true, "2024": true, "2025": true, "2026": true}, "tile": "52SCC", "secondary_20m": {"verdict": "abstain", "event_flag_frac": null, "rank": null}, "korea_tags": {}, "buffer1_verdict": "abstain", "buffer1_rank": null}}, {"type": "Feature", "geometry": {"type": "Point", "coordinates": [126.4499413, 33.3962689]}, "properties": {"oreum_id": "JJ-OREUM-344", "name": "천아오름", "verdict": "abstain", "abstain_reason": "event pair unobservable: 2025", "rank": null, "event_flag_frac": null, "event_n_flag": null, "null_flag_frac": null, "persistent_tokens": 0, "event_only_tokens": 0, "valid_token_fraction": {"2023": 0.5552, "2024": 0.1514, "2025": 0.0066, "2026": 0.3821}, "observable_by_year": {"2023": true, "2024": false, "2025": false, "2026": true}, "tile": "52SBB", "secondary_20m": {"verdict": "abstain", "event_flag_frac": null, "rank": null}, "korea_tags": {"자연환경보전지역": ["자연환경보전지역"]}, "buffer1_verdict": "abstain", "buffer1_rank": null}}, {"type": "Feature", "geometry": {"type": "Point", "coordinates": [126.2988927, 33.4045777]}, "properties": {"oreum_id": "JJ-OREUM-345", "name": "천아오름", "verdict": "scored", "abstain_reason": null, "rank": 122, "event_flag_frac": 0.005, "event_n_flag": 16, "null_flag_frac": 0.0059, "persistent_tokens": 3, "event_only_tokens": 13, "valid_token_fraction": {"2023": 0.3184, "2024": 0.9985, "2025": 0.9998, "2026": 0.7803}, "observable_by_year": {"2023": true, "2024": true, "2025": true, "2026": true}, "tile": "51SYT", "secondary_20m": {"verdict": "scored", "event_flag_frac": 0.0094, "rank": 102}, "korea_tags": {}, "buffer1_verdict": "scored", "buffer1_rank": 103}}, {"type": "Feature", "geometry": {"type": "Point", "coordinates": [126.7492543, 33.4658896]}, "properties": {"oreum_id": "JJ-OREUM-346", "name": "체오름", "verdict": "abstain", "abstain_reason": "event pair unobservable: 2025", "rank": null, "event_flag_frac": null, "event_n_flag": null, "null_flag_frac": null, "persistent_tokens": 0, "event_only_tokens": 0, "valid_token_fraction": {"2023": 0.748, "2024": 0.7229, "2025": 0.0, "2026": 0.9456}, "observable_by_year": {"2023": true, "2024": true, "2025": false, "2026": true}, "tile": "52SBC", "secondary_20m": {"verdict": "abstain", "event_flag_frac": null, "rank": null}, "korea_tags": {"자연환경보전지역": ["자연환경보전지역"]}, "buffer1_verdict": "abstain", "buffer1_rank": null}}, {"type": "Feature", "geometry": {"type": "Point", "coordinates": [126.690582, 33.394679]}, "properties": {"oreum_id": "JJ-OREUM-347", "name": "쳇망오름", "verdict": "abstain", "abstain_reason": "no cube", "rank": null, "event_flag_frac": null, "event_n_flag": null, "null_flag_frac": null, "persistent_tokens": 3, "event_only_tokens": 12, "valid_token_fraction": {"2023": 0.1606, "2024": 0.1467, "2025": 0.3137, "2026": 0.6182}, "observable_by_year": {"2023": false, "2024": false, "2025": true, "2026": true}, "tile": "52SBB", "secondary_20m": {"verdict": "abstain", "event_flag_frac": null, "rank": null}, "korea_tags": {}, "buffer1_verdict": "abstain", "buffer1_rank": null}}, {"type": "Feature", "geometry": {"type": "Point", "coordinates": [126.6126869, 33.4753831]}, "properties": {"oreum_id": "JJ-OREUM-349", "name": "칡(족은)오름", "verdict": "scored", "abstain_reason": null, "rank": 79, "event_flag_frac": 0.0173, "event_n_flag": 47, "null_flag_frac": 0.0045, "persistent_tokens": 15, "event_only_tokens": 32, "valid_token_fraction": {"2023": 0.1453, "2024": 0.9985, "2025": 0.9773, "2026": 0.6843}, "observable_by_year": {"2023": false, "2024": true, "2025": true, "2026": true}, "tile": "52SBC", "secondary_20m": {"verdict": "scored", "event_flag_frac": 0.0197, "rank": 65}, "korea_tags": {}, "buffer1_verdict": "scored", "buffer1_rank": 53}}, {"type": "Feature", "geometry": {"type": "Point", "coordinates": [126.6028985, 33.2840136]}, "properties": {"oreum_id": "JJ-OREUM-351", "name": "칡오름", "verdict": "abstain", "abstain_reason": "event pair unobservable: 2026", "rank": null, "event_flag_frac": null, "event_n_flag": null, "null_flag_frac": 0.0057, "persistent_tokens": 0, "event_only_tokens": 57, "valid_token_fraction": {"2023": 1.0, "2024": 0.5884, "2025": 0.7444, "2026": 0.0142}, "observable_by_year": {"2023": true, "2024": true, "2025": true, "2026": false}, "tile": "52SBB", "secondary_20m": {"verdict": "abstain", "event_flag_frac": null, "rank": null}, "korea_tags": {"문화재·보호구역": ["역사문화환경보존지역"]}, "buffer1_verdict": "abstain", "buffer1_rank": null}}, {"type": "Feature", "geometry": {"type": "Point", "coordinates": [126.7620643, 33.4442936]}, "properties": {"oreum_id": "JJ-OREUM-352", "name": "칡오름", "verdict": "scored", "abstain_reason": null, "rank": 5, "event_flag_frac": 0.1523, "event_n_flag": 145, "null_flag_frac": null, "persistent_tokens": 5, "event_only_tokens": 21, "valid_token_fraction": {"2023": 0.8655, "2024": 0.5303, "2025": 0.2324, "2026": 1.0}, "observable_by_year": {"2023": true, "2024": true, "2025": true, "2026": true}, "tile": "52SBC", "secondary_20m": {"verdict": "scored", "event_flag_frac": 0.1384, "rank": 5}, "korea_tags": {}, "buffer1_verdict": "abstain", "buffer1_rank": null}}, {"type": "Feature", "geometry": {"type": "Point", "coordinates": [126.6452612, 33.4437827]}, "properties": {"oreum_id": "JJ-OREUM-356", "name": "큰지그리", "verdict": "scored", "abstain_reason": null, "rank": 41, "event_flag_frac": 0.0402, "event_n_flag": 72, "null_flag_frac": 0.0133, "persistent_tokens": 7, "event_only_tokens": 63, "valid_token_fraction": {"2023": 0.8145, "2024": 0.8445, "2025": 0.449, "2026": 0.9663}, "observable_by_year": {"2023": true, "2024": true, "2025": true, "2026": true}, "tile": "52SBC", "secondary_20m": {"verdict": "scored", "event_flag_frac": 0.0264, "rank": 49}, "korea_tags": {"자연환경보전지역": ["자연환경보전지역"]}, "buffer1_verdict": "scored", "buffer1_rank": 30}}, {"type": "Feature", "geometry": {"type": "Point", "coordinates": [126.6032562, 33.4108769]}, "properties": {"oreum_id": "JJ-OREUM-357", "name": "테역장오리", "verdict": "abstain", "abstain_reason": "event pair unobservable: 2025", "rank": null, "event_flag_frac": null, "event_n_flag": null, "null_flag_frac": null, "persistent_tokens": 0, "event_only_tokens": 1, "valid_token_fraction": {"2023": 0.238, "2024": 0.0151, "2025": 0.0085, "2026": 0.3662}, "observable_by_year": {"2023": true, "2024": false, "2025": false, "2026": true}, "tile": "52SBB", "secondary_20m": {"verdict": "abstain", "event_flag_frac": null, "rank": null}, "korea_tags": {"자연환경보전지역": ["자연환경보전지역"], "문화재·보호구역": ["역사문화환경보존지역", "현상변경허가 대상구역"], "한라산국립공원": ["한라산"]}, "buffer1_verdict": "abstain", "buffer1_rank": null}}, {"type": "Feature", "geometry": {"type": "Point", "coordinates": [126.8531147, 33.3921885]}, "properties": {"oreum_id": "JJ-OREUM-359", "name": "통오름", "verdict": "scored", "abstain_reason": null, "rank": 115, "event_flag_frac": 0.0058, "event_n_flag": 12, "null_flag_frac": null, "persistent_tokens": 0, "event_only_tokens": 2, "valid_token_fraction": {"2023": 0.4685, "2024": 0.312, "2025": 0.5364, "2026": 0.9255}, "observable_by_year": {"2023": true, "2024": true, "2025": true, "2026": true}, "tile": "52SBB", "secondary_20m": {"verdict": "scored", "event_flag_frac": 0.0087, "rank": 108}, "korea_tags": {}, "buffer1_verdict": "scored", "buffer1_rank": 85}}, {"type": "Feature", "geometry": {"type": "Point", "coordinates": [126.3819717, 33.3521427]}, "properties": {"oreum_id": "JJ-OREUM-362", "name": "폭낭오름", "verdict": "scored", "abstain_reason": null, "rank": 30, "event_flag_frac": 0.0555, "event_n_flag": 68, "null_flag_frac": null, "persistent_tokens": 0, "event_only_tokens": 5, "valid_token_fraction": {"2023": 0.999, "2024": 0.2866, "2025": 0.342, "2026": 0.7729}, "observable_by_year": {"2023": true, "2024": true, "2025": true, "2026": true}, "tile": "52SBB", "secondary_20m": {"verdict": "scored", "event_flag_frac": 0.0554, "rank": 29}, "korea_tags": {}, "buffer1_verdict": "scored", "buffer1_rank": 28}}, {"type": "Feature", "geometry": {"type": "Point", "coordinates": [126.3915389, 33.3269278]}, "properties": {"oreum_id": "JJ-OREUM-364", "name": "하늬보기", "verdict": "scored", "abstain_reason": null, "rank": 65, "event_flag_frac": 0.0213, "event_n_flag": 23, "null_flag_frac": 0.0069, "persistent_tokens": 2, "event_only_tokens": 21, "valid_token_fraction": {"2023": 0.6248, "2024": 0.6248, "2025": 0.3174, "2026": 0.5327}, "observable_by_year": {"2023": true, "2024": true, "2025": true, "2026": true}, "tile": "52SBC", "secondary_20m": {"verdict": "scored", "event_flag_frac": 0.0161, "rank": 77}, "korea_tags": {}, "buffer1_verdict": "scored", "buffer1_rank": 54}}, {"type": "Feature", "geometry": {"type": "Point", "coordinates": [126.4244898, 33.3563423]}, "properties": {"oreum_id": "JJ-OREUM-365", "name": "한대오름", "verdict": "abstain", "abstain_reason": "no cube", "rank": null, "event_flag_frac": null, "event_n_flag": null, "null_flag_frac": 0.0514, "persistent_tokens": 0, "event_only_tokens": 19, "valid_token_fraction": {"2023": 0.8364, "2024": 0.8567, "2025": 0.2778, "2026": 0.561}, "observable_by_year": {"2023": true, "2024": true, "2025": true, "2026": true}, "tile": "52SBC", "secondary_20m": {"verdict": "abstain", "event_flag_frac": null, "rank": null}, "korea_tags": {}, "buffer1_verdict": "abstain", "buffer1_rank": null}}, {"type": "Feature", "geometry": {"type": "Point", "coordinates": [126.619025, 33.3489222]}, "properties": {"oreum_id": "JJ-OREUM-367", "name": "흑악", "verdict": "abstain", "abstain_reason": "event pair unobservable: 2025", "rank": null, "event_flag_frac": null, "event_n_flag": null, "null_flag_frac": null, "persistent_tokens": 0, "event_only_tokens": 0, "valid_token_fraction": {"2023": 0.0, "2024": 0.0027, "2025": 0.0854, "2026": 0.9133}, "observable_by_year": {"2023": false, "2024": false, "2025": false, "2026": true}, "tile": "52SBB", "secondary_20m": {"verdict": "abstain", "event_flag_frac": null, "rank": null}, "korea_tags": {"자연환경보전지역": ["자연환경보전지역"], "문화재·보호구역": ["국가지정문화재구역", "문화재보호구역"], "한라산국립공원": ["한라산"]}, "buffer1_verdict": "abstain", "buffer1_rank": null}}, {"type": "Feature", "geometry": {"type": "Point", "coordinates": [126.5601442, 33.37969]}, "properties": {"oreum_id": "JJ-OREUM-368", "name": "흙붉은오름", "verdict": "abstain", "abstain_reason": "event pair unobservable: 2025", "rank": null, "event_flag_frac": null, "event_n_flag": null, "null_flag_frac": null, "persistent_tokens": 0, "event_only_tokens": 0, "valid_token_fraction": {"2023": 0.0129, "2024": 0.0, "2025": 0.0249, "2026": 0.2271}, "observable_by_year": {"2023": false, "2024": false, "2025": false, "2026": true}, "tile": "52SBB", "secondary_20m": {"verdict": "abstain", "event_flag_frac": null, "rank": null}, "korea_tags": {"자연환경보전지역": ["자연환경보전지역"], "문화재·보호구역": ["국가지정문화재구역"], "한라산국립공원": ["한라산"]}, "buffer1_verdict": "abstain", "buffer1_rank": null}}]}