{"type": "FeatureCollection", "features": [{"type": "Feature", "properties": {"task_name": "rasuwa v000", "observation_time": "2026-08-26T00:00:00Z", "sample_category": "river", "sample_number": 0.046608214120904476, "sample_true_false": false, "window_id": "v000", "status": "ranked", "rank": 22.0, "valid_event_frac": 0.529052734375, "source": "candidates"}, "geometry": {"type": "Polygon", "coordinates": [[[85.364127, 28.266348], [85.390218, 28.266658], [85.38987, 28.289758], [85.363774, 28.289448], [85.364127, 28.266348]]]}}, {"type": "Feature", "properties": {"task_name": "rasuwa v001", "observation_time": "2026-08-26T00:00:00Z", "sample_category": "river", "sample_number": 0.03982777179763186, "sample_true_false": false, "window_id": "v001", "status": "ranked", "rank": 28.0, "valid_event_frac": 0.45361328125, "source": "candidates"}, "geometry": {"type": "Polygon", "coordinates": [[[85.35781, 28.24927], [85.383896, 28.249581], [85.383548, 28.272681], [85.357455, 28.272369], [85.35781, 28.24927]]]}}, {"type": "Feature", "properties": {"task_name": "rasuwa v002", "observation_time": "2026-08-26T00:00:00Z", "sample_category": "river", "sample_number": 0.0713417105796514, "sample_true_false": true, "window_id": "v002", "status": "ranked", "rank": 10.0, "valid_event_frac": 0.602294921875, "source": "candidates"}, "geometry": {"type": "Polygon", "coordinates": [[[85.345317, 28.229489], [85.371399, 28.229802], [85.371048, 28.252901], [85.344961, 28.252588], [85.345317, 28.229489]]]}}, {"type": "Feature", "properties": {"task_name": "rasuwa v003", "observation_time": "2026-08-26T00:00:00Z", "sample_category": "river", "sample_number": 0.1331168831168831, "sample_true_false": true, "window_id": "v003", "status": "ranked", "rank": 1.0, "valid_event_frac": 0.451171875, "source": "candidates"}, "geometry": {"type": "Polygon", "coordinates": [[[85.348235, 28.213813], [85.374312, 28.214125], [85.373962, 28.237225], [85.347879, 28.236912], [85.348235, 28.213813]]]}}, {"type": "Feature", "properties": {"task_name": "rasuwa v004", "observation_time": "2026-08-26T00:00:00Z", "sample_category": "river", "sample_number": 0.048886948930597994, "sample_true_false": false, "window_id": "v004", "status": "ranked", "rank": 19.0, "valid_event_frac": 0.559326171875, "source": "candidates"}, "geometry": {"type": "Polygon", "coordinates": [[[85.341388, 28.197175], [85.367462, 28.197489], [85.36711, 28.220589], [85.341031, 28.220275], [85.341388, 28.197175]]]}}, {"type": "Feature", "properties": {"task_name": "rasuwa v005", "observation_time": "2026-08-26T00:00:00Z", "sample_category": "river", "sample_number": 0.022037779049799658, "sample_true_false": false, "window_id": "v005", "status": "ranked", "rank": 40.0, "valid_event_frac": 0.85302734375, "source": "candidates"}, "geometry": {"type": "Polygon", "coordinates": [[[85.333746, 28.177077], [85.359814, 28.177392], [85.359462, 28.200491], [85.333387, 28.200176], [85.333746, 28.177077]]]}}, {"type": "Feature", "properties": {"task_name": "rasuwa v006", "observation_time": "2026-08-26T00:00:00Z", "sample_category": "river", "sample_number": 0.04266572637517631, "sample_true_false": false, "window_id": "v006", "status": "ranked", "rank": 25.0, "valid_event_frac": 0.6923828125, "source": "candidates"}, "geometry": {"type": "Polygon", "coordinates": [[[85.329833, 28.15962], [85.355897, 28.159935], [85.355544, 28.183035], [85.329474, 28.182719], [85.329833, 28.15962]]]}}, {"type": "Feature", "properties": {"task_name": "rasuwa v007", "observation_time": "2026-08-26T00:00:00Z", "sample_category": "river", "sample_number": 0.03192518542405676, "sample_true_false": false, "window_id": "v007", "status": "ranked", "rank": 32.0, "valid_event_frac": 0.757080078125, "source": "candidates"}, "geometry": {"type": "Polygon", "coordinates": [[[85.321092, 28.146923], [85.347153, 28.14724], [85.346798, 28.170339], [85.320731, 28.170022], [85.321092, 28.146923]]]}}, {"type": "Feature", "properties": {"task_name": "rasuwa v008", "observation_time": "2026-08-26T00:00:00Z", "sample_category": "river", "sample_number": 0.034873949579831934, "sample_true_false": false, "window_id": "v008", "status": "ranked", "rank": 29.0, "valid_event_frac": 0.5810546875, "source": "candidates"}, "geometry": {"type": "Polygon", "coordinates": [[[85.308149, 28.137559], [85.334208, 28.137878], [85.33385, 28.160978], [85.307786, 28.160658], [85.308149, 28.137559]]]}}, {"type": "Feature", "properties": {"task_name": "rasuwa v009", "observation_time": "2026-08-26T00:00:00Z", "sample_category": "river", "sample_number": 0.032355478861087146, "sample_true_false": false, "window_id": "v009", "status": "ranked", "rank": 30.0, "valid_event_frac": 0.56591796875, "source": "candidates"}, "geometry": {"type": "Polygon", "coordinates": [[[85.294777, 28.129021], [85.320833, 28.129342], [85.320473, 28.152442], [85.294411, 28.15212], [85.294777, 28.129021]]]}}, {"type": "Feature", "properties": {"task_name": "rasuwa v010", "observation_time": "2026-08-26T00:00:00Z", "sample_category": "river", "sample_number": 0.028612997090203686, "sample_true_false": false, "window_id": "v010", "status": "ranked", "rank": 36.0, "valid_event_frac": 0.50341796875, "source": "candidates"}, "geometry": {"type": "Polygon", "coordinates": [[[85.28772, 28.118416], [85.313774, 28.118739], [85.313412, 28.141839], [85.287353, 28.141515], [85.28772, 28.118416]]]}}, {"type": "Feature", "properties": {"task_name": "rasuwa v011", "observation_time": "2026-08-26T00:00:00Z", "sample_category": "river", "sample_number": 0.03230849400729546, "sample_true_false": false, "window_id": "v011", "status": "ranked", "rank": 31.0, "valid_event_frac": 0.468505859375, "source": "candidates"}, "geometry": {"type": "Polygon", "coordinates": [[[85.278265, 28.110254], [85.304317, 28.110579], [85.303954, 28.133678], [85.277896, 28.133353], [85.278265, 28.110254]]]}}, {"type": "Feature", "properties": {"task_name": "rasuwa v012", "observation_time": "2026-08-26T00:00:00Z", "sample_category": "river", "sample_number": 0.0412682435832914, "sample_true_false": false, "window_id": "v012", "status": "ranked", "rank": 27.0, "valid_event_frac": 0.485107421875, "source": "candidates"}, "geometry": {"type": "Polygon", "coordinates": [[[85.266008, 28.099409], [85.292057, 28.099736], [85.291691, 28.122835], [85.265637, 28.122508], [85.266008, 28.099409]]]}}, {"type": "Feature", "properties": {"task_name": "rasuwa v013", "observation_time": "2026-08-26T00:00:00Z", "sample_category": "river", "sample_number": 0.028901734104046242, "sample_true_false": false, "window_id": "v013", "status": "ranked", "rank": 35.0, "valid_event_frac": 0.5068359375, "source": "candidates"}, "geometry": {"type": "Polygon", "coordinates": [[[85.254487, 28.090751], [85.280533, 28.09108], [85.280165, 28.114179], [85.254113, 28.11385], [85.254487, 28.090751]]]}}, {"type": "Feature", "properties": {"task_name": "rasuwa v014", "observation_time": "2026-08-26T00:00:00Z", "sample_category": "river", "sample_number": 0.017107309486780714, "sample_true_false": false, "window_id": "v014", "status": "ranked", "rank": 42.0, "valid_event_frac": 0.31396484375, "source": "candidates"}, "geometry": {"type": "Polygon", "coordinates": [[[85.237472, 28.081081], [85.263516, 28.081413], [85.263144, 28.104512], [85.237094, 28.104179], [85.237472, 28.081081]]]}}, {"type": "Feature", "properties": {"task_name": "rasuwa v017", "observation_time": "2026-08-26T00:00:00Z", "sample_category": "river", "sample_number": 0.014273719563392108, "sample_true_false": false, "window_id": "v017", "status": "ranked", "rank": 44.0, "valid_event_frac": 0.290771484375, "source": "candidates"}, "geometry": {"type": "Polygon", "coordinates": [[[85.19548, 28.059332], [85.221519, 28.059672], [85.221138, 28.08277], [85.195094, 28.08243], [85.19548, 28.059332]]]}}, {"type": "Feature", "properties": {"task_name": "rasuwa v018", "observation_time": "2026-08-26T00:00:00Z", "sample_category": "river", "sample_number": 0.026969857218402962, "sample_true_false": false, "window_id": "v018", "status": "ranked", "rank": 37.0, "valid_event_frac": 0.461669921875, "source": "candidates"}, "geometry": {"type": "Polygon", "coordinates": [[[85.195135, 28.04892], [85.22117, 28.049259], [85.22079, 28.072358], [85.194749, 28.072018], [85.195135, 28.04892]]]}}, {"type": "Feature", "properties": {"task_name": "rasuwa v019", "observation_time": "2026-08-26T00:00:00Z", "sample_category": "river", "sample_number": 0.04496208017334778, "sample_true_false": false, "window_id": "v019", "status": "ranked", "rank": 23.0, "valid_event_frac": 0.45068359375, "source": "candidates"}, "geometry": {"type": "Polygon", "coordinates": [[[85.189649, 28.036736], [85.215682, 28.037076], [85.215301, 28.060175], [85.189262, 28.059834], [85.189649, 28.036736]]]}}, {"type": "Feature", "properties": {"task_name": "rasuwa v020", "observation_time": "2026-08-26T00:00:00Z", "sample_category": "river", "sample_number": 0.04972138876982426, "sample_true_false": false, "window_id": "v020", "status": "ranked", "rank": 18.0, "valid_event_frac": 0.569580078125, "source": "candidates"}, "geometry": {"type": "Polygon", "coordinates": [[[85.180912, 28.025239], [85.206941, 28.025581], [85.206558, 28.04868], [85.180523, 28.048337], [85.180912, 28.025239]]]}}, {"type": "Feature", "properties": {"task_name": "rasuwa v021", "observation_time": "2026-08-26T00:00:00Z", "sample_category": "river", "sample_number": 0.06080611535788742, "sample_true_false": false, "window_id": "v021", "status": "ranked", "rank": 13.0, "valid_event_frac": 0.70263671875, "source": "candidates"}, "geometry": {"type": "Polygon", "coordinates": [[[85.177253, 28.01422], [85.20328, 28.014563], [85.202897, 28.037662], [85.176864, 28.037318], [85.177253, 28.01422]]]}}, {"type": "Feature", "properties": {"task_name": "rasuwa v022", "observation_time": "2026-08-26T00:00:00Z", "sample_category": "river", "sample_number": 0.07295774647887324, "sample_true_false": true, "window_id": "v022", "status": "ranked", "rank": 9.0, "valid_event_frac": 0.86669921875, "source": "candidates"}, "geometry": {"type": "Polygon", "coordinates": [[[85.171847, 28.001674], [85.197871, 28.002017], [85.197486, 28.025116], [85.171457, 28.024772], [85.171847, 28.001674]]]}}, {"type": "Feature", "properties": {"task_name": "rasuwa v023", "observation_time": "2026-08-26T00:00:00Z", "sample_category": "river", "sample_number": 0.060211554109031735, "sample_true_false": false, "window_id": "v023", "status": "ranked", "rank": 14.0, "valid_event_frac": 0.900146484375, "source": "candidates"}, "geometry": {"type": "Polygon", "coordinates": [[[85.171051, 27.989744], [85.197072, 27.990087], [85.196687, 28.013186], [85.170661, 28.012842], [85.171051, 27.989744]]]}}, {"type": "Feature", "properties": {"task_name": "rasuwa v024", "observation_time": "2026-08-26T00:00:00Z", "sample_category": "river", "sample_number": 0.10683870967741936, "sample_true_false": true, "window_id": "v024", "status": "ranked", "rank": 4.0, "valid_event_frac": 0.946044921875, "source": "candidates"}, "geometry": {"type": "Polygon", "coordinates": [[[85.168718, 27.966968], [85.194733, 27.967312], [85.194349, 27.99041], [85.168327, 27.990066], [85.168718, 27.966968]]]}}, {"type": "Feature", "properties": {"task_name": "rasuwa v025", "observation_time": "2026-08-26T00:00:00Z", "sample_category": "river", "sample_number": 0.1316994344196068, "sample_true_false": true, "window_id": "v025", "status": "ranked", "rank": 2.0, "valid_event_frac": 0.906494140625, "source": "candidates"}, "geometry": {"type": "Polygon", "coordinates": [[[85.163448, 27.953222], [85.189461, 27.953566], [85.189075, 27.976665], [85.163057, 27.97632], [85.163448, 27.953222]]]}}, {"type": "Feature", "properties": {"task_name": "rasuwa v026", "observation_time": "2026-08-26T00:00:00Z", "sample_category": "river", "sample_number": 0.06418219461697723, "sample_true_false": false, "window_id": "v026", "status": "ranked", "rank": 12.0, "valid_event_frac": 0.943359375, "source": "candidates"}, "geometry": {"type": "Polygon", "coordinates": [[[85.149077, 27.942768], [85.175087, 27.943115], [85.174699, 27.966214], [85.148683, 27.965866], [85.149077, 27.942768]]]}}, {"type": "Feature", "properties": {"task_name": "rasuwa v027", "observation_time": "2026-08-26T00:00:00Z", "sample_category": "river", "sample_number": 0.08098318240620957, "sample_true_false": true, "window_id": "v027", "status": "ranked", "rank": 6.0, "valid_event_frac": 0.943603515625, "source": "candidates"}, "geometry": {"type": "Polygon", "coordinates": [[[85.142488, 27.921906], [85.168492, 27.922254], [85.168103, 27.945352], [85.142092, 27.945004], [85.142488, 27.921906]]]}}, {"type": "Feature", "properties": {"task_name": "rasuwa v028", "observation_time": "2026-08-26T00:00:00Z", "sample_category": "river", "sample_number": 0.05541624874623872, "sample_true_false": false, "window_id": "v028", "status": "ranked", "rank": 16.0, "valid_event_frac": 0.9736328125, "source": "candidates"}, "geometry": {"type": "Polygon", "coordinates": [[[85.138329, 27.913265], [85.164331, 27.913614], [85.163941, 27.936712], [85.137933, 27.936363], [85.138329, 27.913265]]]}}, {"type": "Feature", "properties": {"task_name": "rasuwa v029", "observation_time": "2026-08-26T00:00:00Z", "sample_category": "river", "sample_number": 0.0786967418546366, "sample_true_false": false, "window_id": "v029", "status": "ranked", "rank": 8.0, "valid_event_frac": 0.97412109375, "source": "candidates"}, "geometry": {"type": "Polygon", "coordinates": [[[85.127633, 27.90563], [85.153634, 27.905981], [85.153241, 27.929079], [85.127235, 27.928728], [85.127633, 27.90563]]]}}, {"type": "Feature", "properties": {"task_name": "rasuwa v030", "observation_time": "2026-08-26T00:00:00Z", "sample_category": "river", "sample_number": 0.0660828025477707, "sample_true_false": false, "window_id": "v030", "status": "ranked", "rank": 11.0, "valid_event_frac": 0.919921875, "source": "candidates"}, "geometry": {"type": "Polygon", "coordinates": [[[85.123006, 27.881765], [85.149001, 27.882116], [85.148607, 27.905214], [85.122607, 27.904863], [85.123006, 27.881765]]]}}, {"type": "Feature", "properties": {"task_name": "rasuwa v031", "observation_time": "2026-08-26T00:00:00Z", "sample_category": "river", "sample_number": 0.07981342316662347, "sample_true_false": false, "window_id": "v031", "status": "ranked", "rank": 7.0, "valid_event_frac": 0.942138671875, "source": "candidates"}, "geometry": {"type": "Polygon", "coordinates": [[[85.109382, 27.86182], [85.135372, 27.862174], [85.134976, 27.885272], [85.108981, 27.884918], [85.109382, 27.86182]]]}}, {"type": "Feature", "properties": {"task_name": "rasuwa v032", "observation_time": "2026-08-26T00:00:00Z", "sample_category": "river", "sample_number": 0.04702444208289054, "sample_true_false": false, "window_id": "v032", "status": "ranked", "rank": 21.0, "valid_event_frac": 0.9189453125, "source": "candidates"}, "geometry": {"type": "Polygon", "coordinates": [[[85.097535, 27.850098], [85.123522, 27.850454], [85.123124, 27.873552], [85.097132, 27.873195], [85.097535, 27.850098]]]}}, {"type": "Feature", "properties": {"task_name": "rasuwa v033", "observation_time": "2026-08-26T00:00:00Z", "sample_category": "river", "sample_number": 0.030474040632054177, "sample_true_false": false, "window_id": "v033", "status": "ranked", "rank": 34.0, "valid_event_frac": 0.865234375, "source": "candidates"}, "geometry": {"type": "Polygon", "coordinates": [[[85.076392, 27.848309], [85.102378, 27.848669], [85.101975, 27.871767], [85.075984, 27.871406], [85.076392, 27.848309]]]}}, {"type": "Feature", "properties": {"task_name": "rasuwa v034", "observation_time": "2026-08-26T00:00:00Z", "sample_category": "river", "sample_number": 0.05112881806108898, "sample_true_false": false, "window_id": "v034", "status": "ranked", "rank": 17.0, "valid_event_frac": 0.7353515625, "source": "candidates"}, "geometry": {"type": "Polygon", "coordinates": [[[85.04501, 27.846959], [85.070995, 27.847325], [85.070586, 27.870422], [85.044595, 27.870056], [85.04501, 27.846959]]]}}, {"type": "Feature", "properties": {"task_name": "rasuwa v035", "observation_time": "2026-08-26T00:00:00Z", "sample_category": "river", "sample_number": 0.02661810030820958, "sample_true_false": false, "window_id": "v035", "status": "ranked", "rank": 38.0, "valid_event_frac": 0.871337890625, "source": "candidates"}, "geometry": {"type": "Polygon", "coordinates": [[[85.029453, 27.845008], [85.055438, 27.845376], [85.055025, 27.868473], [85.029035, 27.868104], [85.029453, 27.845008]]]}}, {"type": "Feature", "properties": {"task_name": "rasuwa v036", "observation_time": "2026-08-26T00:00:00Z", "sample_category": "river", "sample_number": 0.020386550172094255, "sample_true_false": false, "window_id": "v036", "status": "ranked", "rank": 41.0, "valid_event_frac": 0.922119140625, "source": "candidates"}, "geometry": {"type": "Polygon", "coordinates": [[[85.016385, 27.838371], [85.042368, 27.838742], [85.041953, 27.861839], [85.015964, 27.861468], [85.016385, 27.838371]]]}}, {"type": "Feature", "properties": {"task_name": "rasuwa v037", "observation_time": "2026-08-26T00:00:00Z", "sample_category": "river", "sample_number": 0.022697281604645025, "sample_true_false": false, "window_id": "v037", "status": "ranked", "rank": 39.0, "valid_event_frac": 0.925048828125, "source": "candidates"}, "geometry": {"type": "Polygon", "coordinates": [[[85.007773, 27.827583], [85.033753, 27.827955], [85.033336, 27.851052], [85.007351, 27.850679], [85.007773, 27.827583]]]}}, {"type": "Feature", "properties": {"task_name": "rasuwa v038", "observation_time": "2026-08-26T00:00:00Z", "sample_category": "river", "sample_number": 0.04197530864197531, "sample_true_false": false, "window_id": "v038", "status": "ranked", "rank": 26.0, "valid_event_frac": 0.889892578125, "source": "candidates"}, "geometry": {"type": "Polygon", "coordinates": [[[85.00451, 27.813292], [85.030486, 27.813665], [85.030069, 27.836762], [85.004087, 27.836388], [85.00451, 27.813292]]]}}, {"type": "Feature", "properties": {"task_name": "rasuwa v039", "observation_time": "2026-08-26T00:00:00Z", "sample_category": "river", "sample_number": 0.04457917261055635, "sample_true_false": false, "window_id": "v039", "status": "ranked", "rank": 24.0, "valid_event_frac": 0.6845703125, "source": "candidates"}, "geometry": {"type": "Polygon", "coordinates": [[[84.999291, 27.798588], [85.025264, 27.798962], [85.024846, 27.822059], [84.998868, 27.821685], [84.999291, 27.798588]]]}}, {"type": "Feature", "properties": {"task_name": "rasuwa v040", "observation_time": "2026-08-26T00:00:00Z", "sample_category": "river", "sample_number": 0.03135672151505744, "sample_true_false": false, "window_id": "v040", "status": "ranked", "rank": 33.0, "valid_event_frac": 0.786376953125, "source": "candidates"}, "geometry": {"type": "Polygon", "coordinates": [[[84.975536, 27.793758], [85.001507, 27.794136], [85.001084, 27.817233], [84.975107, 27.816854], [84.975536, 27.793758]]]}}, {"type": "Feature", "properties": {"task_name": "rasuwa v041", "observation_time": "2026-08-26T00:00:00Z", "sample_category": "lhende", "sample_number": 0.08248587570621468, "sample_true_false": false, "window_id": "v041", "status": "ranked", "rank": 5.0, "valid_event_frac": 0.216064453125, "source": "candidates"}, "geometry": {"type": "Polygon", "coordinates": [[[85.379268, 28.264353], [85.405358, 28.26466], [85.405014, 28.28776], [85.378918, 28.287452], [85.379268, 28.264353]]]}}, {"type": "Feature", "properties": {"task_name": "rasuwa v042", "observation_time": "2026-08-26T00:00:00Z", "sample_category": "lhende", "sample_number": 0.014332965821389196, "sample_true_false": false, "window_id": "v042", "status": "ranked", "rank": 43.0, "valid_event_frac": 0.221435546875, "source": "candidates"}, "geometry": {"type": "Polygon", "coordinates": [[[85.393406, 28.264409], [85.419497, 28.264713], [85.419155, 28.287813], [85.393059, 28.287509], [85.393406, 28.264409]]]}}, {"type": "Feature", "properties": {"task_name": "rasuwa v056", "observation_time": "2026-08-26T00:00:00Z", "sample_category": "hillslope", "sample_number": 0.057754010695187166, "sample_true_false": false, "window_id": "v056", "status": "ranked", "rank": 15.0, "valid_event_frac": 0.228271484375, "source": "candidates"}, "geometry": {"type": "Polygon", "coordinates": [[[85.427561, 28.31013], [85.453663, 28.310428], [85.453329, 28.333528], [85.427221, 28.33323], [85.427561, 28.31013]]]}}, {"type": "Feature", "properties": {"task_name": "rasuwa v057", "observation_time": "2026-08-26T00:00:00Z", "sample_category": "hillslope", "sample_number": 0.04784366576819407, "sample_true_false": false, "window_id": "v057", "status": "ranked", "rank": 20.0, "valid_event_frac": 0.3623046875, "source": "candidates"}, "geometry": {"type": "Polygon", "coordinates": [[[85.427221, 28.33323], [85.453329, 28.333528], [85.452994, 28.356629], [85.42688, 28.35633], [85.427221, 28.33323]]]}}, {"type": "Feature", "properties": {"task_name": "rasuwa v064", "observation_time": "2026-08-26T00:00:00Z", "sample_category": "hillslope", "sample_number": 0.11852704257767549, "sample_true_false": false, "window_id": "v064", "status": "ranked", "rank": 3.0, "valid_event_frac": 0.212158203125, "source": "candidates"}, "geometry": {"type": "Polygon", "coordinates": [[[85.453329, 28.333528], [85.479437, 28.333822], [85.479108, 28.356922], [85.452994, 28.356629], [85.453329, 28.333528]]]}}, {"type": "Feature", "properties": {"task_name": "rasuwa v086", "observation_time": "2026-08-26T00:00:00Z", "sample_category": "hillslope", "sample_number": 0.009, "sample_true_false": false, "window_id": "v086", "status": "ranked", "rank": 46.0, "valid_event_frac": 0.244140625, "source": "candidates"}, "geometry": {"type": "Polygon", "coordinates": [[[85.559629, 28.196063], [85.585705, 28.196335], [85.585401, 28.219437], [85.559319, 28.219164], [85.559629, 28.196063]]]}}, {"type": "Feature", "properties": {"task_name": "rasuwa v090", "observation_time": "2026-08-26T00:00:00Z", "sample_category": "hillslope", "sample_number": 0.0032216494845360823, "sample_true_false": false, "window_id": "v090", "status": "ranked", "rank": 47.0, "valid_event_frac": 0.37890625, "source": "candidates"}, "geometry": {"type": "Polygon", "coordinates": [[[85.558387, 28.288469], [85.584486, 28.288743], [85.58418, 28.311844], [85.558076, 28.311571], [85.558387, 28.288469]]]}}, {"type": "Feature", "properties": {"task_name": "rasuwa v091", "observation_time": "2026-08-26T00:00:00Z", "sample_category": "hillslope", "sample_number": 0.009907997169143666, "sample_true_false": false, "window_id": "v091", "status": "ranked", "rank": 45.0, "valid_event_frac": 0.344970703125, "source": "candidates"}, "geometry": {"type": "Polygon", "coordinates": [[[85.558076, 28.311571], [85.58418, 28.311844], [85.583874, 28.334946], [85.557764, 28.334672], [85.558076, 28.311571]]]}}, {"type": "Feature", "properties": {"task_name": "rasuwa n000", "observation_time": "2026-08-26T00:00:00Z", "sample_category": "ranked", "sample_number": 0.0085, "sample_true_false": false, "window_id": "n000", "status": "ranked", "rank": 48.0, "valid_event_frac": 0.8054, "source": "neighbors"}, "geometry": {"type": "Polygon", "coordinates": [[[85.3783367651165, 27.747377579451435], [85.40430295383895, 27.74767964087553], [85.40396597375324, 27.770781328996534], [85.37799430729133, 27.770478973276738], [85.3783367651165, 27.747377579451435]]]}}, {"type": "Feature", "properties": {"task_name": "rasuwa n001", "observation_time": "2026-08-26T00:00:00Z", "sample_category": "ranked", "sample_number": 0.0068, "sample_true_false": false, "window_id": "n001", "status": "ranked", "rank": 60.0, "valid_event_frac": 0.3599, "source": "neighbors"}, "geometry": {"type": "Polygon", "coordinates": [[[85.34065350908496, 27.72468433762057], [85.3666138326038, 27.724993241748805], [85.366269226385, 27.748094575454445], [85.34030343192627, 27.747785370202898], [85.34065350908496, 27.72468433762057]]]}}, {"type": "Feature", "properties": {"task_name": "rasuwa n002", "observation_time": "2026-08-26T00:00:00Z", "sample_category": "unobservable", "sample_number": -1.0, "sample_true_false": false, "window_id": "n002", "status": "unobservable", "rank": null, "valid_event_frac": 0.1362, "source": "neighbors"}, "geometry": {"type": "Polygon", "coordinates": [[[85.32427831479706, 27.69790299145112], [85.35023208385569, 27.698214691512753], [85.3498844168155, 27.721315924489176], [85.32392518453179, 27.721003920382508], [85.32427831479706, 27.69790299145112]]]}}, {"type": "Feature", "properties": {"task_name": "rasuwa n003", "observation_time": "2026-08-26T00:00:00Z", "sample_category": "unobservable", "sample_number": -1.0, "sample_true_false": false, "window_id": "n003", "status": "unobservable", "rank": null, "valid_event_frac": 0.0, "source": "neighbors"}, "geometry": {"type": "Polygon", "coordinates": [[[85.08460270649846, 28.081450421327315], [85.11064470916487, 28.08181154714941], [85.11024007799688, 28.104908497384606], [85.08419250633982, 28.104547022591994], [85.08460270649846, 28.081450421327315]]]}}, {"type": "Feature", "properties": {"task_name": "rasuwa n004", "observation_time": "2026-08-26T00:00:00Z", "sample_category": "unobservable", "sample_number": -1.0, "sample_true_false": false, "window_id": "n004", "status": "unobservable", "rank": null, "valid_event_frac": 0.0, "source": "neighbors"}, "geometry": {"type": "Polygon", "coordinates": [[[85.06449564464879, 28.07579867363628], [85.0905359781388, 28.076163547959098], [85.09012713890998, 28.099260247226173], [85.06408123830244, 28.098895020267328], [85.06449564464879, 28.07579867363628]]]}}, {"type": "Feature", "properties": {"task_name": "rasuwa n005", "observation_time": "2026-08-26T00:00:00Z", "sample_category": "unobservable", "sample_number": -1.0, "sample_true_false": false, "window_id": "n005", "status": "unobservable", "rank": null, "valid_event_frac": 0.0, "source": "neighbors"}, "geometry": {"type": "Polygon", "coordinates": [[[85.04577790924094, 28.07474703040015], [85.07181770143032, 28.07511544333629], [85.07140487404524, 28.098211892251168], [85.04535951528352, 28.097843123254133], [85.04577790924094, 28.07474703040015]]]}}, {"type": "Feature", "properties": {"task_name": "rasuwa n006", "observation_time": "2026-08-26T00:00:00Z", "sample_category": "unobservable", "sample_number": -1.0, "sample_true_false": false, "window_id": "n006", "status": "unobservable", "rank": null, "valid_event_frac": 0.0093, "source": "neighbors"}, "geometry": {"type": "Polygon", "coordinates": [[[85.00801221298632, 28.075033708416626], [85.03405148537315, 28.075409289564206], [85.03363057008976, 28.09850521772244], [85.00758573155082, 28.09812927359681], [85.00801221298632, 28.075033708416626]]]}}, {"type": "Feature", "properties": {"task_name": "rasuwa n007", "observation_time": "2026-08-26T00:00:00Z", "sample_category": "unobservable", "sample_number": -1.0, "sample_true_false": false, "window_id": "n007", "status": "unobservable", "rank": null, "valid_event_frac": 0.0027, "source": "neighbors"}, "geometry": {"type": "Polygon", "coordinates": [[[85.10101429924354, 28.139551626962856], [85.12707058681704, 28.139910314355994], [85.12666849365566, 28.1630072872826], [85.10060662028376, 28.16264825374902], [85.10101429924354, 28.139551626962856]]]}}, {"type": "Feature", "properties": {"task_name": "rasuwa n008", "observation_time": "2026-08-26T00:00:00Z", "sample_category": "unobservable", "sample_number": -1.0, "sample_true_false": false, "window_id": "n008", "status": "unobservable", "rank": null, "valid_event_frac": 0.0369, "source": "neighbors"}, "geometry": {"type": "Polygon", "coordinates": [[[85.08854419245333, 28.153230467571127], [85.11460360315422, 28.153591685933982], [85.11419860232209, 28.176688447137533], [85.08813360207044, 28.176326880307037], [85.08854419245333, 28.153230467571127]]]}}, {"type": "Feature", "properties": {"task_name": "rasuwa n009", "observation_time": "2026-08-26T00:00:00Z", "sample_category": "ranked", "sample_number": 0.0084, "sample_true_false": false, "window_id": "n009", "status": "ranked", "rank": 49.0, "valid_event_frac": 0.2898, "source": "neighbors"}, "geometry": {"type": "Polygon", "coordinates": [[[85.08449284128599, 28.169370041620407], [85.11055610024978, 28.16973221987718], [85.11014995577293, 28.192828872645638], [85.08408110269133, 28.19246634512917], [85.08449284128599, 28.169370041620407]]]}}, {"type": "Feature", "properties": {"task_name": "rasuwa n010", "observation_time": "2026-08-26T00:00:00Z", "sample_category": "unobservable", "sample_number": -1.0, "sample_true_false": false, "window_id": "n010", "status": "unobservable", "rank": null, "valid_event_frac": 0.0063, "source": "neighbors"}, "geometry": {"type": "Polygon", "coordinates": [[[85.18450752933954, 28.203198771966346], [85.2105804689531, 28.2035422921392], [85.21019527319778, 28.226640131301835], [85.1841167285096, 28.226296280107036], [85.18450752933954, 28.203198771966346]]]}}, {"type": "Feature", "properties": {"task_name": "rasuwa n011", "observation_time": "2026-08-26T00:00:00Z", "sample_category": "unobservable", "sample_number": -1.0, "sample_true_false": false, "window_id": "n011", "status": "unobservable", "rank": null, "valid_event_frac": 0.0002, "source": "neighbors"}, "geometry": {"type": "Polygon", "coordinates": [[[85.19075856402345, 28.1877293876214], [85.21682783920663, 28.188071545583636], [85.21644423633487, 28.21116951585313], [85.19036936043504, 28.210827028060304], [85.19075856402345, 28.1877293876214]]]}}, {"type": "Feature", "properties": {"task_name": "rasuwa n012", "observation_time": "2026-08-26T00:00:00Z", "sample_category": "unobservable", "sample_number": -1.0, "sample_true_false": false, "window_id": "n012", "status": "unobservable", "rank": null, "valid_event_frac": 0.0, "source": "neighbors"}, "geometry": {"type": "Polygon", "coordinates": [[[85.1857809192088, 28.171959006675483], [85.21184629911576, 28.17230193745395], [85.21146187885995, 28.195399898062174], [85.18539090281556, 28.19505663658609], [85.1857809192088, 28.171959006675483]]]}}, {"type": "Feature", "properties": {"task_name": "rasuwa n013", "observation_time": "2026-08-26T00:00:00Z", "sample_category": "unobservable", "sample_number": -1.0, "sample_true_false": false, "window_id": "n013", "status": "unobservable", "rank": null, "valid_event_frac": 0.0, "source": "neighbors"}, "geometry": {"type": "Polygon", "coordinates": [[[85.1834330353503, 28.155618861907694], [85.20949442269826, 28.15596205789688], [85.20910976036481, 28.179060043877787], [85.18304278158668, 28.178716516807967], [85.1834330353503, 28.155618861907694]]]}}, {"type": "Feature", "properties": {"task_name": "rasuwa n014", "observation_time": "2026-08-26T00:00:00Z", "sample_category": "unobservable", "sample_number": -1.0, "sample_true_false": false, "window_id": "n014", "status": "unobservable", "rank": null, "valid_event_frac": 0.0, "source": "neighbors"}, "geometry": {"type": "Polygon", "coordinates": [[[85.18499483961357, 28.1380590689197], [85.21105199871364, 28.138401772714964], [85.21066795359901, 28.161499837612713], [85.1846052080738, 28.161156803074082], [85.18499483961357, 28.1380590689197]]]}}, {"type": "Feature", "properties": {"task_name": "rasuwa n015", "observation_time": "2026-08-26T00:00:00Z", "sample_category": "unobservable", "sample_number": -1.0, "sample_true_false": false, "window_id": "n015", "status": "unobservable", "rank": null, "valid_event_frac": 0.0, "source": "neighbors"}, "geometry": {"type": "Polygon", "coordinates": [[[85.18633653661273, 28.12165925177188], [85.21238974853756, 28.122001518382035], [85.21200625426347, 28.14509965546877], [85.18594746058625, 28.144757058408683], [85.18633653661273, 28.12165925177188]]]}}, {"type": "Feature", "properties": {"task_name": "rasuwa n016", "observation_time": "2026-08-26T00:00:00Z", "sample_category": "unobservable", "sample_number": -1.0, "sample_true_false": false, "window_id": "n016", "status": "unobservable", "rank": null, "valid_event_frac": 0.0002, "source": "neighbors"}, "geometry": {"type": "Polygon", "coordinates": [[[85.19006807619623, 28.10421965030926], [85.21611712730426, 28.104561014571836], [85.2157347122112, 28.127659257470658], [85.18968008428834, 28.127317563492426], [85.19006807619623, 28.10421965030926]]]}}, {"type": "Feature", "properties": {"task_name": "rasuwa n017", "observation_time": "2026-08-26T00:00:00Z", "sample_category": "unobservable", "sample_number": -1.0, "sample_true_false": false, "window_id": "n017", "status": "unobservable", "rank": null, "valid_event_frac": 0.0017, "source": "neighbors"}, "geometry": {"type": "Polygon", "coordinates": [[[85.183510603103, 28.088439130986124], [85.20955575022019, 28.088781565047096], [85.20917218301133, 28.1118797782024], [85.18312146366554, 28.1115370132698], [85.183510603103, 28.088439130986124]]]}}, {"type": "Feature", "properties": {"task_name": "rasuwa n018", "observation_time": "2026-08-26T00:00:00Z", "sample_category": "unobservable", "sample_number": -1.0, "sample_true_false": false, "window_id": "n018", "status": "unobservable", "rank": null, "valid_event_frac": 0.0, "source": "neighbors"}, "geometry": {"type": "Polygon", "coordinates": [[[85.07014544477062, 28.249578432808473], [85.0962279627573, 28.249944288861023], [85.09581736369528, 28.273040478719015], [85.06972922877686, 28.272674270528334], [85.07014544477062, 28.249578432808473]]]}}, {"type": "Feature", "properties": {"task_name": "rasuwa n019", "observation_time": "2026-08-26T00:00:00Z", "sample_category": "unobservable", "sample_number": -1.0, "sample_true_false": false, "window_id": "n019", "status": "unobservable", "rank": null, "valid_event_frac": 0.0002, "source": "neighbors"}, "geometry": {"type": "Polygon", "coordinates": [[[85.06479783235494, 28.233908025656106], [85.09087645697718, 28.234274716471447], [85.09046497382614, 28.257370887163507], [85.06438073684178, 28.257003843277847], [85.06479783235494, 28.233908025656106]]]}}, {"type": "Feature", "properties": {"task_name": "rasuwa n020", "observation_time": "2026-08-26T00:00:00Z", "sample_category": "unobservable", "sample_number": -1.0, "sample_true_false": false, "window_id": "n020", "status": "unobservable", "rank": null, "valid_event_frac": 0.002, "source": "neighbors"}, "geometry": {"type": "Polygon", "coordinates": [[[85.05612230512848, 28.203127389474247], [85.08219331865253, 28.203495368513853], [85.08178049658066, 28.22659152571271], [85.05570387963833, 28.226223192107692], [85.05612230512848, 28.203127389474247]]]}}, {"type": "Feature", "properties": {"task_name": "rasuwa n021", "observation_time": "2026-08-26T00:00:00Z", "sample_category": "unobservable", "sample_number": -1.0, "sample_true_false": false, "window_id": "n021", "status": "unobservable", "rank": null, "valid_event_frac": 0.1682, "source": "neighbors"}, "geometry": {"type": "Polygon", "coordinates": [[[85.05681425287162, 28.18512752783784], [85.08288090956444, 28.18549516092626], [85.08246854626296, 28.208591388197785], [85.05639629130104, 28.20822340072692], [85.05681425287162, 28.18512752783784]]]}}, {"type": "Feature", "properties": {"task_name": "rasuwa n022", "observation_time": "2026-08-26T00:00:00Z", "sample_category": "unobservable", "sample_number": -1.0, "sample_true_false": false, "window_id": "n022", "status": "unobservable", "rank": null, "valid_event_frac": 0.1377, "source": "neighbors"}, "geometry": {"type": "Polygon", "coordinates": [[[85.62990362745091, 27.969089310302365], [85.65592566399587, 27.969346003455712], [85.65563914404744, 27.992449563645746], [85.62961156450581, 27.992192621705673], [85.62990362745091, 27.969089310302365]]]}}, {"type": "Feature", "properties": {"task_name": "rasuwa n023", "observation_time": "2026-08-26T00:00:00Z", "sample_category": "unobservable", "sample_number": -1.0, "sample_true_false": false, "window_id": "n023", "status": "unobservable", "rank": null, "valid_event_frac": 0.0286, "source": "neighbors"}, "geometry": {"type": "Polygon", "coordinates": [[[85.62582729476553, 27.94086901637317], [85.65184252172648, 27.94112624328751], [85.6515554727041, 27.964229859390457], [85.62553471080392, 27.963972383003735], [85.62582729476553, 27.94086901637317]]]}}, {"type": "Feature", "properties": {"task_name": "rasuwa n024", "observation_time": "2026-08-26T00:00:00Z", "sample_category": "ranked", "sample_number": 0.0, "sample_true_false": false, "window_id": "n024", "status": "ranked", "rank": 145.0, "valid_event_frac": 0.4363, "source": "neighbors"}, "geometry": {"type": "Polygon", "coordinates": [[[85.62402939245642, 27.924178897849263], [85.65004060328114, 27.924436323994048], [85.64975337263544, 27.947539978931093], [85.623736631627, 27.94728230302077], [85.62402939245642, 27.924178897849263]]]}}, {"type": "Feature", "properties": {"task_name": "rasuwa n025", "observation_time": "2026-08-26T00:00:00Z", "sample_category": "ranked", "sample_number": 0.0, "sample_true_false": false, "window_id": "n025", "status": "ranked", "rank": 146.0, "valid_event_frac": 0.8369, "source": "neighbors"}, "geometry": {"type": "Polygon", "coordinates": [[[85.61797191646046, 27.90790839708149], [85.64397916868741, 27.908166829540985], [85.64369084629517, 27.931270481087317], [85.617678068557, 27.931011797788425], [85.61797191646046, 27.90790839708149]]]}}, {"type": "Feature", "properties": {"task_name": "rasuwa n026", "observation_time": "2026-08-26T00:00:00Z", "sample_category": "ranked", "sample_number": 0.0003, "sample_true_false": false, "window_id": "n026", "status": "ranked", "rank": 143.0, "valid_event_frac": 0.9397, "source": "neighbors"}, "geometry": {"type": "Polygon", "coordinates": [[[85.60452682969036, 27.8778072725489], [85.63052674166927, 27.878067985518378], [85.63023592873644, 27.9011716083943], [85.60423049990396, 27.900910642189803], [85.60452682969036, 27.8778072725489]]]}}, {"type": "Feature", "properties": {"task_name": "rasuwa n027", "observation_time": "2026-08-26T00:00:00Z", "sample_category": "ranked", "sample_number": 0.0005, "sample_true_false": false, "window_id": "n027", "status": "ranked", "rank": 138.0, "valid_event_frac": 0.9927, "source": "neighbors"}, "geometry": {"type": "Polygon", "coordinates": [[[85.59334965372938, 27.863876310678666], [85.61934611720592, 27.8641390111346], [85.61905310267248, 27.887242572005555], [85.59305112639227, 27.886979616299552], [85.59334965372938, 27.863876310678666]]]}}, {"type": "Feature", "properties": {"task_name": "rasuwa n028", "observation_time": "2026-08-26T00:00:00Z", "sample_category": "ranked", "sample_number": 0.0277, "sample_true_false": false, "window_id": "n028", "status": "ranked", "rank": 12.0, "valid_event_frac": 0.4053, "source": "neighbors"}, "geometry": {"type": "Polygon", "coordinates": [[[85.47497504228896, 27.844785822061805], [85.50096558781944, 27.8450706527725], [85.50064771083495, 27.86817307252439], [85.47465165905663, 27.867887964947975], [85.47497504228896, 27.844785822061805]]]}}, {"type": "Feature", "properties": {"task_name": "rasuwa n029", "observation_time": "2026-08-26T00:00:00Z", "sample_category": "ranked", "sample_number": 0.0224, "sample_true_false": false, "window_id": "n029", "status": "ranked", "rank": 19.0, "valid_event_frac": 0.5242, "source": "neighbors"}, "geometry": {"type": "Polygon", "coordinates": [[[85.49258255975359, 27.8493273730646], [85.51857439805848, 27.8496089296009], [85.51826019410149, 27.872711519664684], [85.49226284808651, 27.872429689473094], [85.49258255975359, 27.8493273730646]]]}}, {"type": "Feature", "properties": {"task_name": "rasuwa n030", "observation_time": "2026-08-26T00:00:00Z", "sample_category": "ranked", "sample_number": 0.0064, "sample_true_false": false, "window_id": "n030", "status": "ranked", "rank": 63.0, "valid_event_frac": 0.7949, "source": "neighbors"}, "geometry": {"type": "Polygon", "coordinates": [[[85.50957989241752, 27.856118864817677], [85.53557355075621, 27.856397281662748], [85.53526286248315, 27.8795000259967], [85.50926369434316, 27.879221338590224], [85.50957989241752, 27.856118864817677]]]}}, {"type": "Feature", "properties": {"task_name": "rasuwa n031", "observation_time": "2026-08-26T00:00:00Z", "sample_category": "ranked", "sample_number": 0.0005, "sample_true_false": false, "window_id": "n031", "status": "ranked", "rank": 137.0, "valid_event_frac": 0.9568, "source": "neighbors"}, "geometry": {"type": "Polygon", "coordinates": [[[85.56293901563114, 27.81098374216658], [85.58892253535542, 27.811251708261995], [85.58862373314669, 27.834355146014467], [85.56263471586676, 27.83408691922278], [85.56293901563114, 27.81098374216658]]]}}, {"type": "Feature", "properties": {"task_name": "rasuwa n032", "observation_time": "2026-08-26T00:00:00Z", "sample_category": "ranked", "sample_number": 0.0005, "sample_true_false": false, "window_id": "n032", "status": "ranked", "rank": 136.0, "valid_event_frac": 0.9336, "source": "neighbors"}, "geometry": {"type": "Polygon", "coordinates": [[[85.56256092877275, 27.794363754338054], [85.58854049096368, 27.79463164517121], [85.58824181765598, 27.817735134722277], [85.5622567626076, 27.817466983161044], [85.56256092877275, 27.794363754338054]]]}}, {"type": "Feature", "properties": {"task_name": "rasuwa n033", "observation_time": "2026-08-26T00:00:00Z", "sample_category": "ranked", "sample_number": 0.0014, "sample_true_false": false, "window_id": "n033", "status": "ranked", "rank": 122.0, "valid_event_frac": 0.8933, "source": "neighbors"}, "geometry": {"type": "Polygon", "coordinates": [[[85.41636569707445, 27.718801027158133], [85.44232559274249, 27.71909567181412], [85.44199703797297, 27.742197879225813], [85.41603167221014, 27.74190294729483], [85.41636569707445, 27.718801027158133]]]}}, {"type": "Feature", "properties": {"task_name": "rasuwa n034", "observation_time": "2026-08-26T00:00:00Z", "sample_category": "ranked", "sample_number": 0.0181, "sample_true_false": false, "window_id": "n034", "status": "ranked", "rank": 26.0, "valid_event_frac": 0.5652, "source": "neighbors"}, "geometry": {"type": "Polygon", "coordinates": [[[85.45634232916484, 27.709004587151313], [85.48230039686538, 27.709291641330935], [85.48198040471041, 27.73239431603975], [85.4560168692594, 27.73210698191348], [85.45634232916484, 27.709004587151313]]]}}, {"type": "Feature", "properties": {"task_name": "rasuwa n035", "observation_time": "2026-08-26T00:00:00Z", "sample_category": "ranked", "sample_number": 0.0064, "sample_true_false": false, "window_id": "n035", "status": "ranked", "rank": 64.0, "valid_event_frac": 0.5764, "source": "neighbors"}, "geometry": {"type": "Polygon", "coordinates": [[[85.42224272835068, 27.739541479349352], [85.44820761146119, 27.73983522264189], [85.44788000964743, 27.76293742544212], [85.42190965054071, 27.762643395897392], [85.42224272835068, 27.739541479349352]]]}}, {"type": "Feature", "properties": {"task_name": "rasuwa n036", "observation_time": "2026-08-26T00:00:00Z", "sample_category": "unobservable", "sample_number": -1.0, "sample_true_false": false, "window_id": "n036", "status": "unobservable", "rank": null, "valid_event_frac": 0.1245, "source": "neighbors"}, "geometry": {"type": "Polygon", "coordinates": [[[85.21783316658943, 27.761973417312525], [85.24380066794163, 27.76230576761333], [85.24342957343272, 27.785405505222663], [85.21745659203626, 27.785072831257953], [85.21783316658943, 27.761973417312525]]]}}, {"type": "Feature", "properties": {"task_name": "rasuwa n037", "observation_time": "2026-08-26T00:00:00Z", "sample_category": "unobservable", "sample_number": -1.0, "sample_true_false": false, "window_id": "n037", "status": "unobservable", "rank": null, "valid_event_frac": 0.1028, "source": "neighbors"}, "geometry": {"type": "Polygon", "coordinates": [[[85.1923364571162, 27.75820119856372], [85.21830270290708, 27.758538295179758], [85.21792628222286, 27.78163772651797], [85.19195455775387, 27.78130030159022], [85.1923364571162, 27.75820119856372]]]}}, {"type": "Feature", "properties": {"task_name": "rasuwa n038", "observation_time": "2026-08-26T00:00:00Z", "sample_category": "ranked", "sample_number": 0.03, "sample_true_false": false, "window_id": "n038", "status": "ranked", "rank": 7.0, "valid_event_frac": 0.342, "source": "neighbors"}, "geometry": {"type": "Polygon", "coordinates": [[[85.16192003140102, 27.75689854272176], [85.18788553141542, 27.757241335951193], [85.1875027075709, 27.78034038523665], [85.1615317296127, 27.779997258142412], [85.16192003140102, 27.75689854272176]]]}}, {"type": "Feature", "properties": {"task_name": "rasuwa n039", "observation_time": "2026-08-26T00:00:00Z", "sample_category": "unobservable", "sample_number": -1.0, "sample_true_false": false, "window_id": "n039", "status": "unobservable", "rank": null, "valid_event_frac": 0.1179, "source": "neighbors"}, "geometry": {"type": "Polygon", "coordinates": [[[85.12670427685612, 27.754455476116895], [85.15266868250386, 27.75480485331769], [85.15227846155524, 27.777903455219633], [85.12630857908484, 27.777553737728102], [85.12670427685612, 27.754455476116895]]]}}, {"type": "Feature", "properties": {"task_name": "rasuwa n040", "observation_time": "2026-08-26T00:00:00Z", "sample_category": "unobservable", "sample_number": -1.0, "sample_true_false": false, "window_id": "n040", "status": "unobservable", "rank": null, "valid_event_frac": 0.0769, "source": "neighbors"}, "geometry": {"type": "Polygon", "coordinates": [[[85.10454661232865, 27.75598353634893], [85.13051105153328, 27.75633709127248], [85.1301161261596, 27.7794353969588], [85.1041462099785, 27.77908149769264], [85.10454661232865, 27.75598353634893]]]}}, {"type": "Feature", "properties": {"task_name": "rasuwa n041", "observation_time": "2026-08-26T00:00:00Z", "sample_category": "ranked", "sample_number": 0.02, "sample_true_false": false, "window_id": "n041", "status": "ranked", "rank": 23.0, "valid_event_frac": 0.427, "source": "neighbors"}, "geometry": {"type": "Polygon", "coordinates": [[[85.08108754173628, 27.77163142465167], [85.10705534213419, 27.771989568579883], [85.10665519880821, 27.79508751003647], [85.08068191732134, 27.794729017433703], [85.08108754173628, 27.77163142465167]]]}}, {"type": "Feature", "properties": {"task_name": "rasuwa n042", "observation_time": "2026-08-26T00:00:00Z", "sample_category": "ranked", "sample_number": 0.0171, "sample_true_false": false, "window_id": "n042", "status": "ranked", "rank": 30.0, "valid_event_frac": 0.7874, "source": "neighbors"}, "geometry": {"type": "Polygon", "coordinates": [[[85.06396856192578, 27.77996989675273], [85.08993808245772, 27.78033135561161], [85.08953417968456, 27.803429039098322], [85.06355917593201, 27.80306722841244], [85.06396856192578, 27.77996989675273]]]}}, {"type": "Feature", "properties": {"task_name": "rasuwa n043", "observation_time": "2026-08-26T00:00:00Z", "sample_category": "ranked", "sample_number": 0.0114, "sample_true_false": false, "window_id": "n043", "status": "ranked", "rank": 37.0, "valid_event_frac": 0.9236, "source": "neighbors"}, "geometry": {"type": "Polygon", "coordinates": [[[85.04531030610376, 27.783338256624376], [85.07128034067509, 27.783703261721893], [85.07087243586098, 27.806800680782572], [85.04489691736022, 27.80643532043932], [85.04531030610376, 27.783338256624376]]]}}, {"type": "Feature", "properties": {"task_name": "rasuwa n044", "observation_time": "2026-08-26T00:00:00Z", "sample_category": "ranked", "sample_number": 0.0282, "sample_true_false": false, "window_id": "n044", "status": "ranked", "rank": 10.0, "valid_event_frac": 0.884, "source": "neighbors"}, "geometry": {"type": "Polygon", "coordinates": [[[85.02871000285069, 27.80319672369606], [85.05468450058162, 27.803565088837328], [85.05427274180647, 27.82666221424619], [85.0282927547613, 27.826293490765288], [85.02871000285069, 27.80319672369606]]]}}, {"type": "Feature", "properties": {"task_name": "rasuwa n045", "observation_time": "2026-08-26T00:00:00Z", "sample_category": "unobservable", "sample_number": -1.0, "sample_true_false": false, "window_id": "n045", "status": "unobservable", "rank": null, "valid_event_frac": 0.0173, "source": "neighbors"}, "geometry": {"type": "Polygon", "coordinates": [[[85.12434814011074, 27.721815405013956], [85.15030477457266, 27.722164848176643], [85.14991459369183, 27.745263528185216], [85.12395249162482, 27.744913744397206], [85.12434814011074, 27.721815405013956]]]}}, {"type": "Feature", "properties": {"task_name": "rasuwa n046", "observation_time": "2026-08-26T00:00:00Z", "sample_category": "unobservable", "sample_number": -1.0, "sample_true_false": false, "window_id": "n046", "status": "unobservable", "rank": null, "valid_event_frac": 0.0212, "source": "neighbors"}, "geometry": {"type": "Polygon", "coordinates": [[[85.10766926429015, 27.728703922592786], [85.133627282894, 27.72905657385774], [85.13323347037756, 27.752155011800728], [85.10726998243835, 27.75180201684434], [85.10766926429015, 27.728703922592786]]]}}, {"type": "Feature", "properties": {"task_name": "rasuwa n047", "observation_time": "2026-08-26T00:00:00Z", "sample_category": "unobservable", "sample_number": -1.0, "sample_true_false": false, "window_id": "n047", "status": "unobservable", "rank": null, "valid_event_frac": 0.0032, "source": "neighbors"}, "geometry": {"type": "Polygon", "coordinates": [[[85.0737225888672, 27.733350946415854], [85.09968119791951, 27.73371002042772], [85.09928014623988, 27.75680799088126], [85.07331606697345, 27.756448566964966], [85.0737225888672, 27.733350946415854]]]}}, {"type": "Feature", "properties": {"task_name": "rasuwa n048", "observation_time": "2026-08-26T00:00:00Z", "sample_category": "ranked", "sample_number": 0.0129, "sample_true_false": false, "window_id": "n048", "status": "ranked", "rank": 34.0, "valid_event_frac": 0.2839, "source": "neighbors"}, "geometry": {"type": "Polygon", "coordinates": [[[85.0427655510816, 27.738268232124994], [85.06872485185018, 27.738633173017487], [85.06831718451846, 27.761730707786416], [85.04235241254979, 27.76136541132158], [85.0427655510816, 27.738268232124994]]]}}, {"type": "Feature", "properties": {"task_name": "rasuwa n049", "observation_time": "2026-08-26T00:00:00Z", "sample_category": "ranked", "sample_number": 0.0096, "sample_true_false": false, "window_id": "n049", "status": "ranked", "rank": 43.0, "valid_event_frac": 0.2039, "source": "neighbors"}, "geometry": {"type": "Polygon", "coordinates": [[[85.02964506993375, 27.756177012608834], [85.05560841420248, 27.756544632345364], [85.05519766810205, 27.779641927614385], [85.02922884776176, 27.779273949854424], [85.02964506993375, 27.756177012608834]]]}}, {"type": "Feature", "properties": {"task_name": "rasuwa n050", "observation_time": "2026-08-26T00:00:00Z", "sample_category": "ranked", "sample_number": 0.0263, "sample_true_false": false, "window_id": "n050", "status": "ranked", "rank": 15.0, "valid_event_frac": 0.2783, "source": "neighbors"}, "geometry": {"type": "Polygon", "coordinates": [[[85.00147641547979, 27.77301448890983], [85.02744331519222, 27.773387604010686], [85.02702632474245, 27.796484453071173], [85.00105394458559, 27.796110974749933], [85.00147641547979, 27.77301448890983]]]}}, {"type": "Feature", "properties": {"task_name": "rasuwa n051", "observation_time": "2026-08-26T00:00:00Z", "sample_category": "unobservable", "sample_number": -1.0, "sample_true_false": false, "window_id": "n051", "status": "unobservable", "rank": null, "valid_event_frac": 0.0, "source": "neighbors"}, "geometry": {"type": "Polygon", "coordinates": [[[84.89002277082596, 27.73935498866535], [84.91597988093743, 27.739748602057805], [84.91553996389838, 27.762843965317288], [84.8895773843383, 27.762449968462583], [84.89002277082596, 27.73935498866535]]]}}, {"type": "Feature", "properties": {"task_name": "rasuwa n052", "observation_time": "2026-08-26T00:00:00Z", "sample_category": "ranked", "sample_number": 0.0439, "sample_true_false": false, "window_id": "n052", "status": "ranked", "rank": 4.0, "valid_event_frac": 0.2783, "source": "neighbors"}, "geometry": {"type": "Polygon", "coordinates": [[[84.90632795981524, 27.76639626816068], [84.93229175352927, 27.766787170632558], [84.93185477882892, 27.789882682955394], [84.9058855078266, 27.789491399908865], [84.90632795981524, 27.76639626816068]]]}}, {"type": "Feature", "properties": {"task_name": "rasuwa n053", "observation_time": "2026-08-26T00:00:00Z", "sample_category": "ranked", "sample_number": 0.0178, "sample_true_false": false, "window_id": "n053", "status": "ranked", "rank": 29.0, "valid_event_frac": 0.7271, "source": "neighbors"}, "geometry": {"type": "Polygon", "coordinates": [[[84.93022384521824, 27.779128277056405], [84.95619105398463, 27.779514854108644], [84.95575889538459, 27.802610671208853], [84.92978620541258, 27.802223717903843], [84.93022384521824, 27.779128277056405]]]}}, {"type": "Feature", "properties": {"task_name": "rasuwa n054", "observation_time": "2026-08-26T00:00:00Z", "sample_category": "ranked", "sample_number": 0.0077, "sample_true_false": false, "window_id": "n054", "status": "ranked", "rank": 54.0, "valid_event_frac": 0.4448, "source": "neighbors"}, "geometry": {"type": "Polygon", "coordinates": [[[85.34283823377176, 27.769904374079413], [85.36880931018088, 27.770213328540844], [85.36846450808022, 27.79331453650666], [85.34248794796714, 27.793005281203975], [85.34283823377176, 27.769904374079413]]]}}, {"type": "Feature", "properties": {"task_name": "rasuwa n055", "observation_time": "2026-08-26T00:00:00Z", "sample_category": "ranked", "sample_number": 0.0027, "sample_true_false": false, "window_id": "n055", "status": "ranked", "rank": 101.0, "valid_event_frac": 0.5417, "source": "neighbors"}, "geometry": {"type": "Polygon", "coordinates": [[[85.32113319781887, 27.747172542127895], [85.34709859511281, 27.747485339723465], [85.34674954070977, 27.770586371612552], [85.32077866635859, 27.77027326926838], [85.32113319781887, 27.747172542127895]]]}}, {"type": "Feature", "properties": {"task_name": "rasuwa n056", "observation_time": "2026-08-26T00:00:00Z", "sample_category": "ranked", "sample_number": 0.0022, "sample_true_false": false, "window_id": "n056", "status": "ranked", "rank": 108.0, "valid_event_frac": 0.4497, "source": "neighbors"}, "geometry": {"type": "Polygon", "coordinates": [[[85.29820791256475, 27.727870595516418], [85.32416842963023, 27.72818749477566], [85.32381482311794, 27.751288321316714], [85.2978488346871, 27.750971113171147], [85.29820791256475, 27.727870595516418]]]}}, {"type": "Feature", "properties": {"task_name": "rasuwa n057", "observation_time": "2026-08-26T00:00:00Z", "sample_category": "ranked", "sample_number": 0.0033, "sample_true_false": false, "window_id": "n057", "status": "ranked", "rank": 90.0, "valid_event_frac": 0.8049, "source": "neighbors"}, "geometry": {"type": "Polygon", "coordinates": [[[85.30240213412905, 27.775650793384415], [85.32837404123815, 27.775967403979667], [85.32802060830852, 27.799068120646087], [85.30204321632426, 27.798751201803938], [85.30240213412905, 27.775650793384415]]]}}, {"type": "Feature", "properties": {"task_name": "rasuwa n058", "observation_time": "2026-08-26T00:00:00Z", "sample_category": "unobservable", "sample_number": -1.0, "sample_true_false": false, "window_id": "n058", "status": "unobservable", "rank": null, "valid_event_frac": 0.1221, "source": "neighbors"}, "geometry": {"type": "Polygon", "coordinates": [[[85.27739473066266, 28.397036347190543], [85.30351626401135, 28.397364209381717], [85.30314810033735, 28.42046253757664], [85.27702090498869, 28.420134360864015], [85.27739473066266, 28.397036347190543]]]}}, {"type": "Feature", "properties": {"task_name": "rasuwa n059", "observation_time": "2026-08-26T00:00:00Z", "sample_category": "ranked", "sample_number": 0.0022, "sample_true_false": false, "window_id": "n059", "status": "ranked", "rank": 107.0, "valid_event_frac": 0.4478, "source": "neighbors"}, "geometry": {"type": "Polygon", "coordinates": [[[85.3002136810777, 28.383288446137282], [85.3263321536565, 28.383611790633296], [85.32596914806942, 28.40671043721233], [85.29984501719643, 28.406386782426026], [85.3002136810777, 28.383288446137282]]]}}, {"type": "Feature", "properties": {"task_name": "rasuwa n060", "observation_time": "2026-08-26T00:00:00Z", "sample_category": "ranked", "sample_number": 0.0027, "sample_true_false": false, "window_id": "n060", "status": "ranked", "rank": 102.0, "valid_event_frac": 0.8262, "source": "neighbors"}, "geometry": {"type": "Polygon", "coordinates": [[[85.32269312361508, 28.36563052800094], [85.34880757172145, 28.36594938361061], [85.34844970311184, 28.38904835416299], [85.32232960155171, 28.388729192441563], [85.32269312361508, 28.36563052800094]]]}}, {"type": "Feature", "properties": {"task_name": "rasuwa n061", "observation_time": "2026-08-26T00:00:00Z", "sample_category": "ranked", "sample_number": 0.0071, "sample_true_false": false, "window_id": "n061", "status": "ranked", "rank": 57.0, "valid_event_frac": 0.4468, "source": "neighbors"}, "geometry": {"type": "Polygon", "coordinates": [[[85.30351386940299, 27.758920950837123], [85.32948181969726, 27.759237178265252], [85.3291288706825, 27.782337963936623], [85.30315544021728, 27.7820214285092], [85.30351386940299, 27.758920950837123]]]}}, {"type": "Feature", "properties": {"task_name": "rasuwa n062", "observation_time": "2026-08-26T00:00:00Z", "sample_category": "ranked", "sample_number": 0.0085, "sample_true_false": false, "window_id": "n062", "status": "ranked", "rank": 47.0, "valid_event_frac": 0.4021, "source": "neighbors"}, "geometry": {"type": "Polygon", "coordinates": [[[85.40057362027484, 27.842699230247526], [85.42656275359188, 27.842998052665365], [85.42622913216783, 27.866099671317816], [85.40023449396546, 27.865800558429452], [85.40057362027484, 27.842699230247526]]]}}, {"type": "Feature", "properties": {"task_name": "rasuwa n063", "observation_time": "2026-08-26T00:00:00Z", "sample_category": "ranked", "sample_number": 0.0059, "sample_true_false": false, "window_id": "n063", "status": "ranked", "rank": 66.0, "valid_event_frac": 0.6638, "source": "neighbors"}, "geometry": {"type": "Polygon", "coordinates": [[[85.36804645551105, 27.850016327305404], [85.39403691927059, 27.850321348299236], [85.39369629779182, 27.873422576894658], [85.36770032742656, 27.87311725946216], [85.36804645551105, 27.850016327305404]]]}}, {"type": "Feature", "properties": {"task_name": "rasuwa n064", "observation_time": "2026-08-26T00:00:00Z", "sample_category": "ranked", "sample_number": 0.0221, "sample_true_false": false, "window_id": "n064", "status": "ranked", "rank": 20.0, "valid_event_frac": 0.5518, "source": "neighbors"}, "geometry": {"type": "Polygon", "coordinates": [[[85.33416038478735, 27.848973335544276], [85.36015015983726, 27.849284728552032], [85.35980236818222, 27.87238557184045], [85.33380708719321, 27.872073876198833], [85.33416038478735, 27.848973335544276]]]}}, {"type": "Feature", "properties": {"task_name": "rasuwa n065", "observation_time": "2026-08-26T00:00:00Z", "sample_category": "ranked", "sample_number": 0.0121, "sample_true_false": false, "window_id": "n065", "status": "ranked", "rank": 36.0, "valid_event_frac": 0.9114, "source": "neighbors"}, "geometry": {"type": "Polygon", "coordinates": [[[85.31582231595738, 27.850171712100828], [85.34181213476865, 27.85048657142895], [85.34146043707952, 27.873587196918248], [85.31546511219445, 27.873272031599193], [85.31582231595738, 27.850171712100828]]]}}, {"type": "Feature", "properties": {"task_name": "rasuwa n066", "observation_time": "2026-08-26T00:00:00Z", "sample_category": "ranked", "sample_number": 0.0036, "sample_true_false": false, "window_id": "n066", "status": "ranked", "rank": 84.0, "valid_event_frac": 0.9587, "source": "neighbors"}, "geometry": {"type": "Polygon", "coordinates": [[[85.28156602143596, 27.851568685350728], [85.3075557141884, 27.851890011683327], [85.30719673160468, 27.874990226764414], [85.281201532771, 27.874668588172113], [85.28156602143596, 27.851568685350728]]]}}, {"type": "Feature", "properties": {"task_name": "rasuwa n067", "observation_time": "2026-08-26T00:00:00Z", "sample_category": "ranked", "sample_number": 0.0031, "sample_true_false": false, "window_id": "n067", "status": "ranked", "rank": 94.0, "valid_event_frac": 0.9463, "source": "neighbors"}, "geometry": {"type": "Polygon", "coordinates": [[[85.26459702150497, 27.859767159884658], [85.29058843853683, 27.86009176979234], [85.29022573259785, 27.88319175338447], [85.2642288073604, 27.882866828091444], [85.26459702150497, 27.859767159884658]]]}}, {"type": "Feature", "properties": {"task_name": "rasuwa n068", "observation_time": "2026-08-26T00:00:00Z", "sample_category": "ranked", "sample_number": 0.0035, "sample_true_false": false, "window_id": "n068", "status": "ranked", "rank": 85.0, "valid_event_frac": 0.9663, "source": "neighbors"}, "geometry": {"type": "Polygon", "coordinates": [[[85.23706782195768, 27.8804746576079], [85.26306380144021, 27.880804678251934], [85.26269493491537, 27.90390425715919], [85.2366934416868, 27.903573916037733], [85.23706782195768, 27.8804746576079]]]}}, {"type": "Feature", "properties": {"task_name": "rasuwa n069", "observation_time": "2026-08-26T00:00:00Z", "sample_category": "ranked", "sample_number": 0.0069, "sample_true_false": false, "window_id": "n069", "status": "ranked", "rank": 58.0, "valid_event_frac": 0.9614, "source": "neighbors"}, "geometry": {"type": "Polygon", "coordinates": [[[85.13952060021595, 27.86492614573108], [85.16551147529952, 27.865274379345895], [85.16512215386794, 27.888372778845888], [85.13912577061667, 27.888024206958708], [85.13952060021595, 27.86492614573108]]]}}, {"type": "Feature", "properties": {"task_name": "rasuwa n070", "observation_time": "2026-08-26T00:00:00Z", "sample_category": "ranked", "sample_number": 0.0014, "sample_true_false": false, "window_id": "n070", "status": "ranked", "rank": 121.0, "valid_event_frac": 0.5168, "source": "neighbors"}, "geometry": {"type": "Polygon", "coordinates": [[[85.26524570270861, 27.690907838810624], [85.29119702539785, 27.69123052750955], [85.29083702758857, 27.714331082932677], [85.26488024430505, 27.71400807942579], [85.26524570270861, 27.690907838810624]]]}}, {"type": "Feature", "properties": {"task_name": "rasuwa n071", "observation_time": "2026-08-26T00:00:00Z", "sample_category": "ranked", "sample_number": 0.0049, "sample_true_false": false, "window_id": "n071", "status": "ranked", "rank": 74.0, "valid_event_frac": 0.2007, "source": "neighbors"}, "geometry": {"type": "Polygon", "coordinates": [[[85.2900031965237, 27.688480017299064], [85.31595428064976, 27.688798041829255], [85.31559953357296, 27.71189890228113], [85.28964298925364, 27.711580567470786], [85.2900031965237, 27.688480017299064]]]}}, {"type": "Feature", "properties": {"task_name": "rasuwa n072", "observation_time": "2026-08-26T00:00:00Z", "sample_category": "ranked", "sample_number": 0.0006, "sample_true_false": false, "window_id": "n072", "status": "ranked", "rank": 134.0, "valid_event_frac": 0.4287, "source": "neighbors"}, "geometry": {"type": "Polygon", "coordinates": [[[85.31637607384756, 27.72608219807541], [85.3423364092276, 27.7263956705705], [85.34198666168506, 27.749496717170462], [85.31602085523981, 27.749182939112966], [85.31637607384756, 27.72608219807541]]]}}, {"type": "Feature", "properties": {"task_name": "rasuwa n073", "observation_time": "2026-08-26T00:00:00Z", "sample_category": "ranked", "sample_number": 0.0002, "sample_true_false": false, "window_id": "n073", "status": "ranked", "rank": 144.0, "valid_event_frac": 0.9956, "source": "neighbors"}, "geometry": {"type": "Polygon", "coordinates": [[[85.60359765134538, 27.693907673486965], [85.62955384747349, 27.694166988333727], [85.62926508111974, 27.717271216888726], [85.60330342006142, 27.71701164903781], [85.60359765134538, 27.693907673486965]]]}}, {"type": "Feature", "properties": {"task_name": "rasuwa n074", "observation_time": "2026-08-26T00:00:00Z", "sample_category": "ranked", "sample_number": 0.0005, "sample_true_false": false, "window_id": "n074", "status": "ranked", "rank": 139.0, "valid_event_frac": 0.9966, "source": "neighbors"}, "geometry": {"type": "Polygon", "coordinates": [[[85.61465949533999, 27.66651872753328], [85.64060933836807, 27.666775736587216], [85.64032323332574, 27.6898801632125], [85.6143679329662, 27.68962290323479], [85.61465949533999, 27.66651872753328]]]}}, {"type": "Feature", "properties": {"task_name": "rasuwa n075", "observation_time": "2026-08-26T00:00:00Z", "sample_category": "ranked", "sample_number": 0.0083, "sample_true_false": false, "window_id": "n075", "status": "ranked", "rank": 51.0, "valid_event_frac": 0.9688, "source": "neighbors"}, "geometry": {"type": "Polygon", "coordinates": [[[85.63988834199102, 27.65191100514983], [85.66583500771027, 27.652163168466423], [85.6655543847368, 27.675267884012307], [85.63960226556195, 27.67501547441219], [85.63988834199102, 27.65191100514983]]]}}, {"type": "Feature", "properties": {"task_name": "rasuwa n076", "observation_time": "2026-08-26T00:00:00Z", "sample_category": "ranked", "sample_number": 0.0018, "sample_true_false": false, "window_id": "n076", "status": "ranked", "rank": 115.0, "valid_event_frac": 0.8364, "source": "neighbors"}, "geometry": {"type": "Polygon", "coordinates": [[[85.66944667072276, 27.637703666534303], [85.69539029630171, 27.63795018200289], [85.69511605414115, 27.66105522062578], [85.66916697883443, 27.660808464302953], [85.66944667072276, 27.637703666534303]]]}}, {"type": "Feature", "properties": {"task_name": "rasuwa n077", "observation_time": "2026-08-26T00:00:00Z", "sample_category": "ranked", "sample_number": 0.0087, "sample_true_false": false, "window_id": "n077", "status": "ranked", "rank": 46.0, "valid_event_frac": 0.5903, "source": "neighbors"}, "geometry": {"type": "Polygon", "coordinates": [[[85.52025136512529, 27.743390140272197], [85.54621833877678, 27.743665523985797], [85.54591137391006, 27.766768755279674], [85.5199389221879, 27.766493103218156], [85.52025136512529, 27.743390140272197]]]}}, {"type": "Feature", "properties": {"task_name": "rasuwa n078", "observation_time": "2026-08-26T00:00:00Z", "sample_category": "ranked", "sample_number": 0.0007, "sample_true_false": false, "window_id": "n078", "status": "ranked", "rank": 132.0, "valid_event_frac": 0.9844, "source": "neighbors"}, "geometry": {"type": "Polygon", "coordinates": [[[85.55391769396307, 27.74271312937288], [85.57988489412779, 27.742982187515846], [85.57958504513952, 27.76608576310742], [85.55361236676961, 27.765816442772227], [85.55391769396307, 27.74271312937288]]]}}, {"type": "Feature", "properties": {"task_name": "rasuwa n079", "observation_time": "2026-08-26T00:00:00Z", "sample_category": "ranked", "sample_number": 0.0221, "sample_true_false": false, "window_id": "n079", "status": "ranked", "rank": 21.0, "valid_event_frac": 0.2539, "source": "neighbors"}, "geometry": {"type": "Polygon", "coordinates": [[[85.49503267723568, 27.75676786552013], [85.52100252839668, 27.75704810651717], [85.52069006356056, 27.780151031680347], [85.49471473080709, 27.779870517694253], [85.49503267723568, 27.75676786552013]]]}}, {"type": "Feature", "properties": {"task_name": "rasuwa n080", "observation_time": "2026-08-26T00:00:00Z", "sample_category": "ranked", "sample_number": 0.0022, "sample_true_false": false, "window_id": "n080", "status": "ranked", "rank": 106.0, "valid_event_frac": 0.7786, "source": "neighbors"}, "geometry": {"type": "Polygon", "coordinates": [[[85.52178800420006, 27.771840194367638], [85.54776174707473, 27.77211554753803], [85.54745473885347, 27.79521869959906], [85.52147550987178, 27.794943078296004], [85.52178800420006, 27.771840194367638]]]}}, {"type": "Feature", "properties": {"task_name": "rasuwa n081", "observation_time": "2026-08-26T00:00:00Z", "sample_category": "ranked", "sample_number": 0.0069, "sample_true_false": false, "window_id": "n081", "status": "ranked", "rank": 59.0, "valid_event_frac": 0.9619, "source": "neighbors"}, "geometry": {"type": "Polygon", "coordinates": [[[85.54976525244312, 27.768582688247694], [85.57573854379964, 27.768852755864977], [85.57543749028645, 27.791956203302657], [85.54945871347083, 27.791685872675544], [85.54976525244312, 27.768582688247694]]]}}, {"type": "Feature", "properties": {"task_name": "rasuwa n082", "observation_time": "2026-08-26T00:00:00Z", "sample_category": "ranked", "sample_number": 0.0181, "sample_true_false": false, "window_id": "n082", "status": "ranked", "rank": 27.0, "valid_event_frac": 0.4043, "source": "neighbors"}, "geometry": {"type": "Polygon", "coordinates": [[[85.02179197258903, 27.88307576735387], [85.0477853973327, 27.88344640422623], [85.04737078330967, 27.906543167202795], [85.02137184676867, 27.90617217047808], [85.02179197258903, 27.88307576735387]]]}}, {"type": "Feature", "properties": {"task_name": "rasuwa n083", "observation_time": "2026-08-26T00:00:00Z", "sample_category": "ranked", "sample_number": 0.0047, "sample_true_false": false, "window_id": "n083", "status": "ranked", "rank": 76.0, "valid_event_frac": 0.8357, "source": "neighbors"}, "geometry": {"type": "Polygon", "coordinates": [[[85.03282266233481, 27.865476808061675], [85.05881205827573, 27.865845152685353], [85.0584000911466, 27.88894212636132], [85.03240518824286, 27.88857342395661], [85.03282266233481, 27.865476808061675]]]}}, {"type": "Feature", "properties": {"task_name": "rasuwa n084", "observation_time": "2026-08-26T00:00:00Z", "sample_category": "ranked", "sample_number": 0.0057, "sample_true_false": false, "window_id": "n084", "status": "ranked", "rank": 67.0, "valid_event_frac": 0.9402, "source": "neighbors"}, "geometry": {"type": "Polygon", "coordinates": [[[85.05127065690347, 27.864628422910624], [85.07726013537635, 27.864993281375277], [85.07685209657832, 27.888090509847665], [85.05085711114191, 27.887725296976992], [85.05127065690347, 27.864628422910624]]]}}, {"type": "Feature", "properties": {"task_name": "rasuwa n085", "observation_time": "2026-08-26T00:00:00Z", "sample_category": "ranked", "sample_number": 0.0013, "sample_true_false": false, "window_id": "n085", "status": "ranked", "rank": 126.0, "valid_event_frac": 0.9702, "source": "neighbors"}, "geometry": {"type": "Polygon", "coordinates": [[[85.6571407529552, 27.791302193497284], [85.6831206204143, 27.79155227497934], [85.6828419934764, 27.81465668699229], [85.65685663315413, 27.814406362087492], [85.6571407529552, 27.791302193497284]]]}}, {"type": "Feature", "properties": {"task_name": "rasuwa n086", "observation_time": "2026-08-26T00:00:00Z", "sample_category": "ranked", "sample_number": 0.0035, "sample_true_false": false, "window_id": "n086", "status": "ranked", "rank": 87.0, "valid_event_frac": 0.9099, "source": "neighbors"}, "geometry": {"type": "Polygon", "coordinates": [[[85.6638133914193, 27.76136286272065], [85.68978621703303, 27.76161144463671], [85.6895093508171, 27.784716018676338], [85.66353104073059, 27.784467194620415], [85.6638133914193, 27.76136286272065]]]}}, {"type": "Feature", "properties": {"task_name": "rasuwa n087", "observation_time": "2026-08-26T00:00:00Z", "sample_category": "ranked", "sample_number": 0.0003, "sample_true_false": false, "window_id": "n087", "status": "ranked", "rank": 142.0, "valid_event_frac": 0.9197, "source": "neighbors"}, "geometry": {"type": "Polygon", "coordinates": [[[85.6659062881321, 27.733603117275507], [85.69187255119586, 27.73385107921887], [85.69159645020075, 27.756955765339857], [85.66562471047129, 27.756707561697013], [85.6659062881321, 27.733603117275507]]]}}, {"type": "Feature", "properties": {"task_name": "rasuwa n088", "observation_time": "2026-08-26T00:00:00Z", "sample_category": "ranked", "sample_number": 0.0003, "sample_true_false": false, "window_id": "n088", "status": "ranked", "rank": 141.0, "valid_event_frac": 0.9128, "source": "neighbors"}, "geometry": {"type": "Polygon", "coordinates": [[[85.65905043957717, 27.703452580422184], [85.685009489775, 27.703701581189968], [85.6847322944806, 27.726806304357282], [85.6587677761673, 27.726557060699463], [85.65905043957717, 27.703452580422184]]]}}, {"type": "Feature", "properties": {"task_name": "rasuwa n089", "observation_time": "2026-08-26T00:00:00Z", "sample_category": "unobservable", "sample_number": -1.0, "sample_true_false": false, "window_id": "n089", "status": "unobservable", "rank": null, "valid_event_frac": 0.0281, "source": "neighbors"}, "geometry": {"type": "Polygon", "coordinates": [[[85.42924385229693, 28.426569935830585], [85.45537461232374, 28.42686896579409], [85.45503898383012, 28.44996893332083], [85.42890255154917, 28.449669616669322], [85.42924385229693, 28.426569935830585]]]}}, {"type": "Feature", "properties": {"task_name": "rasuwa n090", "observation_time": "2026-08-26T00:00:00Z", "sample_category": "unobservable", "sample_number": -1.0, "sample_true_false": false, "window_id": "n090", "status": "unobservable", "rank": null, "valid_event_frac": 0.1353, "source": "neighbors"}, "geometry": {"type": "Polygon", "coordinates": [[[85.43458678709204, 28.395900514313084], [85.4607100870766, 28.396198226158432], [85.46037604462732, 28.41929835591308], [85.43424708120405, 28.41900035843977], [85.43458678709204, 28.395900514313084]]]}}, {"type": "Feature", "properties": {"task_name": "rasuwa n091", "observation_time": "2026-08-26T00:00:00Z", "sample_category": "ranked", "sample_number": 0.0024, "sample_true_false": false, "window_id": "n091", "status": "ranked", "rank": 104.0, "valid_event_frac": 0.9172, "source": "neighbors"}, "geometry": {"type": "Polygon", "coordinates": [[[84.94944883815783, 27.80481982416717], [84.97542246499943, 27.805203113262575], [84.97499390619873, 27.82829912102714], [84.94901479064409, 27.82791545910714], [84.94944883815783, 27.80481982416717]]]}}, {"type": "Feature", "properties": {"task_name": "rasuwa n092", "observation_time": "2026-08-26T00:00:00Z", "sample_category": "ranked", "sample_number": 0.0254, "sample_true_false": false, "window_id": "n092", "status": "ranked", "rank": 17.0, "valid_event_frac": 0.7407, "source": "neighbors"}, "geometry": {"type": "Polygon", "coordinates": [[[84.90154577950845, 27.79129573458368], [84.92751540752427, 27.791687856506616], [84.92707696261085, 27.814783215723818], [84.90110185035647, 27.81439071227102], [84.90154577950845, 27.79129573458368]]]}}, {"type": "Feature", "properties": {"task_name": "rasuwa n093", "observation_time": "2026-08-26T00:00:00Z", "sample_category": "unobservable", "sample_number": -1.0, "sample_true_false": false, "window_id": "n093", "status": "unobservable", "rank": null, "valid_event_frac": 0.0266, "source": "neighbors"}, "geometry": {"type": "Polygon", "coordinates": [[[84.8689587641904, 27.797992881528987], [84.89492944040154, 27.79839121578881], [84.89448397864417, 27.82148607145818], [84.86850781676394, 27.821087349695112], [84.8689587641904, 27.797992881528987]]]}}, {"type": "Feature", "properties": {"task_name": "rasuwa n094", "observation_time": "2026-08-26T00:00:00Z", "sample_category": "unobservable", "sample_number": -1.0, "sample_true_false": false, "window_id": "n094", "status": "unobservable", "rank": null, "valid_event_frac": 0.0015, "source": "neighbors"}, "geometry": {"type": "Polygon", "coordinates": [[[84.83714251677044, 27.796910136498], [84.86311239672604, 27.797314437244076], [84.8626602256845, 27.820408819488797], [84.83668486081906, 27.820004125433083], [84.83714251677044, 27.796910136498]]]}}, {"type": "Feature", "properties": {"task_name": "rasuwa n095", "observation_time": "2026-08-26T00:00:00Z", "sample_category": "unobservable", "sample_number": -1.0, "sample_true_false": false, "window_id": "n095", "status": "unobservable", "rank": null, "valid_event_frac": 0.012, "source": "neighbors"}, "geometry": {"type": "Polygon", "coordinates": [[[84.81278416764522, 27.807297980508555], [84.8387560994252, 27.807706999712725], [84.83829857609834, 27.83080097721196], [84.81232115683129, 27.830391560214643], [84.81278416764522, 27.807297980508555]]]}}, {"type": "Feature", "properties": {"task_name": "rasuwa n096", "observation_time": "2026-08-26T00:00:00Z", "sample_category": "unobservable", "sample_number": -1.0, "sample_true_false": false, "window_id": "n096", "status": "unobservable", "rank": null, "valid_event_frac": 0.0054, "source": "neighbors"}, "geometry": {"type": "Polygon", "coordinates": [[[84.78930723167903, 27.803845972477834], [84.81527793520698, 27.804259359191075], [84.81481551140611, 27.827352987589784], [84.78883932170791, 27.826939198808443], [84.78930723167903, 27.803845972477834]]]}}, {"type": "Feature", "properties": {"task_name": "rasuwa n097", "observation_time": "2026-08-26T00:00:00Z", "sample_category": "unobservable", "sample_number": -1.0, "sample_true_false": false, "window_id": "n097", "status": "unobservable", "rank": null, "valid_event_frac": 0.0039, "source": "neighbors"}, "geometry": {"type": "Polygon", "coordinates": [[[84.77019960462962, 27.802154334167682], [84.79616957117211, 27.802571290093795], [84.795703138076, 27.82566462775419], [84.76972768612234, 27.82524726627711], [84.77019960462962, 27.802154334167682]]]}}, {"type": "Feature", "properties": {"task_name": "rasuwa n098", "observation_time": "2026-08-26T00:00:00Z", "sample_category": "unobservable", "sample_number": -1.0, "sample_true_false": false, "window_id": "n098", "status": "unobservable", "rank": null, "valid_event_frac": 0.0032, "source": "neighbors"}, "geometry": {"type": "Polygon", "coordinates": [[[84.74415286467215, 27.799632104472398], [84.77012177057848, 27.800053922084178], [84.7696498774837, 27.823146859988064], [84.7436754872657, 27.822724632078824], [84.74415286467215, 27.799632104472398]]]}}, {"type": "Feature", "properties": {"task_name": "rasuwa n099", "observation_time": "2026-08-26T00:00:00Z", "sample_category": "unobservable", "sample_number": -1.0, "sample_true_false": false, "window_id": "n099", "status": "unobservable", "rank": null, "valid_event_frac": 0.001, "source": "neighbors"}, "geometry": {"type": "Polygon", "coordinates": [[[84.71602754108099, 27.78628975720889], [84.7419927725573, 27.786716674215032], [84.74151519898254, 27.809809210524925], [84.71554448737919, 27.809381878134808], [84.71602754108099, 27.78628975720889]]]}}, {"type": "Feature", "properties": {"task_name": "rasuwa n100", "observation_time": "2026-08-26T00:00:00Z", "sample_category": "unobservable", "sample_number": -1.0, "sample_true_false": false, "window_id": "n100", "status": "unobservable", "rank": null, "valid_event_frac": 0.0056, "source": "neighbors"}, "geometry": {"type": "Polygon", "coordinates": [[[84.68424004472024, 27.796836970044478], [84.71020720538588, 27.7972700099581], [84.70972269658645, 27.820362000105142], [84.68375005330748, 27.819928538967314], [84.68424004472024, 27.796836970044478]]]}}, {"type": "Feature", "properties": {"task_name": "rasuwa n101", "observation_time": "2026-08-26T00:00:00Z", "sample_category": "unobservable", "sample_number": -1.0, "sample_true_false": false, "window_id": "n101", "status": "unobservable", "rank": null, "valid_event_frac": 0.021, "source": "neighbors"}, "geometry": {"type": "Polygon", "coordinates": [[[84.66529154653341, 27.803065309689956], [84.69125983997573, 27.80350200052506], [84.69077119550458, 27.826593661903065], [84.66479741798635, 27.826156546362338], [84.66529154653341, 27.803065309689956]]]}}, {"type": "Feature", "properties": {"task_name": "rasuwa n102", "observation_time": "2026-08-26T00:00:00Z", "sample_category": "unobservable", "sample_number": -1.0, "sample_true_false": false, "window_id": "n102", "status": "unobservable", "rank": null, "valid_event_frac": 0.0049, "source": "neighbors"}, "geometry": {"type": "Polygon", "coordinates": [[[84.6505502990188, 27.830183894017367], [84.67652477178105, 27.830623748123198], [84.67603244672851, 27.85371507758354], [84.65005248247171, 27.853274795981093], [84.6505502990188, 27.830183894017367]]]}}, {"type": "Feature", "properties": {"task_name": "rasuwa n103", "observation_time": "2026-08-26T00:00:00Z", "sample_category": "unobservable", "sample_number": -1.0, "sample_true_false": false, "window_id": "n103", "status": "unobservable", "rank": null, "valid_event_frac": 0.0198, "source": "neighbors"}, "geometry": {"type": "Polygon", "coordinates": [[[84.63659072810272, 27.84104263527797], [84.66256752706315, 27.841485273856325], [84.6620720190674, 27.864576337072858], [84.63608972576681, 27.86413326840896], [84.63659072810272, 27.84104263527797]]]}}, {"type": "Feature", "properties": {"task_name": "rasuwa n104", "observation_time": "2026-08-26T00:00:00Z", "sample_category": "ranked", "sample_number": 0.0035, "sample_true_false": false, "window_id": "n104", "status": "ranked", "rank": 89.0, "valid_event_frac": 0.7063, "source": "neighbors"}, "geometry": {"type": "Polygon", "coordinates": [[[85.23230211031957, 28.551811724847717], [85.25846112207697, 28.552149901323727], [85.25808074284753, 28.575247156199445], [85.2319160247559, 28.574908656471273], [85.23230211031957, 28.551811724847717]]]}}, {"type": "Feature", "properties": {"task_name": "rasuwa n105", "observation_time": "2026-08-26T00:00:00Z", "sample_category": "unobservable", "sample_number": -1.0, "sample_true_false": false, "window_id": "n105", "status": "unobservable", "rank": null, "valid_event_frac": 0.1919, "source": "neighbors"}, "geometry": {"type": "Polygon", "coordinates": [[[85.20943781350445, 28.525429764673365], [85.23558998685276, 28.525772058590846], [85.23520503568834, 28.548869119850803], [85.20904716395442, 28.548526498551293], [85.20943781350445, 28.525429764673365]]]}}, {"type": "Feature", "properties": {"task_name": "rasuwa n106", "observation_time": "2026-08-26T00:00:00Z", "sample_category": "unobservable", "sample_number": -1.0, "sample_true_false": false, "window_id": "n106", "status": "unobservable", "rank": null, "valid_event_frac": 0.167, "source": "neighbors"}, "geometry": {"type": "Polygon", "coordinates": [[[85.20353031560379, 28.509679293125107], [85.22967851909912, 28.510022551775798], [85.2292925312655, 28.533119592753874], [85.20313863403159, 28.532776005680603], [85.20353031560379, 28.509679293125107]]]}}, {"type": "Feature", "properties": {"task_name": "rasuwa n107", "observation_time": "2026-08-26T00:00:00Z", "sample_category": "unobservable", "sample_number": -1.0, "sample_true_false": false, "window_id": "n107", "status": "unobservable", "rank": null, "valid_event_frac": 0.0552, "source": "neighbors"}, "geometry": {"type": "Polygon", "coordinates": [[[85.20855348095598, 28.47712986816198], [85.23469373543566, 28.477471804634217], [85.2343093612226, 28.500569018913012], [85.20816342238577, 28.50022675503697], [85.20855348095598, 28.47712986816198]]]}}, {"type": "Feature", "properties": {"task_name": "rasuwa n108", "observation_time": "2026-08-26T00:00:00Z", "sample_category": "unobservable", "sample_number": -1.0, "sample_true_false": false, "window_id": "n108", "status": "unobservable", "rank": null, "valid_event_frac": 0.0085, "source": "neighbors"}, "geometry": {"type": "Polygon", "coordinates": [[[85.22182533598676, 28.447631171289665], [85.24795852094964, 28.4479702366916], [85.24757750199923, 28.47106771605803], [85.2214386410644, 28.4707283257778], [85.22182533598676, 28.447631171289665]]]}}, {"type": "Feature", "properties": {"task_name": "rasuwa n109", "observation_time": "2026-08-26T00:00:00Z", "sample_category": "unobservable", "sample_number": -1.0, "sample_true_false": false, "window_id": "n109", "status": "unobservable", "rank": null, "valid_event_frac": 0.0, "source": "neighbors"}, "geometry": {"type": "Polygon", "coordinates": [[[85.23325552362674, 28.43449224658719], [85.25938564017949, 28.43482897534322], [85.25900731252666, 28.45792664036894], [85.2328715236671, 28.457589588873457], [85.23325552362674, 28.43449224658719]]]}}, {"type": "Feature", "properties": {"task_name": "rasuwa n110", "observation_time": "2026-08-26T00:00:00Z", "sample_category": "unobservable", "sample_number": -1.0, "sample_true_false": false, "window_id": "n110", "status": "unobservable", "rank": null, "valid_event_frac": 0.0005, "source": "neighbors"}, "geometry": {"type": "Polygon", "coordinates": [[[85.25805497675944, 28.414314547715957], [85.2841804833833, 28.414646301573455], [85.28380785662387, 28.437744337965757], [85.25767668323347, 28.437412265984214], [85.25805497675944, 28.414314547715957]]]}}, {"type": "Feature", "properties": {"task_name": "rasuwa n111", "observation_time": "2026-08-26T00:00:00Z", "sample_category": "unobservable", "sample_number": -1.0, "sample_true_false": false, "window_id": "n111", "status": "unobservable", "rank": null, "valid_event_frac": 0.0464, "source": "neighbors"}, "geometry": {"type": "Polygon", "coordinates": [[[85.0939631725687, 28.595659108256722], [85.1201310166429, 28.596024448205213], [85.11971968610152, 28.619119783428253], [85.09354612468694, 28.618754094640334], [85.0939631725687, 28.595659108256722]]]}}, {"type": "Feature", "properties": {"task_name": "rasuwa n112", "observation_time": "2026-08-26T00:00:00Z", "sample_category": "unobservable", "sample_number": -1.0, "sample_true_false": false, "window_id": "n112", "status": "unobservable", "rank": null, "valid_event_frac": 0.011, "source": "neighbors"}, "geometry": {"type": "Polygon", "coordinates": [[[85.09755459634034, 28.579659496678858], [85.12371853345694, 28.58002395815421], [85.12330826002429, 28.603119395488978], [85.09713861017843, 28.602754585884902], [85.09755459634034, 28.579659496678858]]]}}, {"type": "Feature", "properties": {"task_name": "rasuwa n113", "observation_time": "2026-08-26T00:00:00Z", "sample_category": "unobservable", "sample_number": -1.0, "sample_true_false": false, "window_id": "n113", "status": "unobservable", "rank": null, "valid_event_frac": 0.0305, "source": "neighbors"}, "geometry": {"type": "Polygon", "coordinates": [[[85.09353881215067, 28.547099271068696], [85.1196946371843, 28.547464128388437], [85.11928403945215, 28.570559623135846], [85.09312251121293, 28.570194417050004], [85.09353881215067, 28.547099271068696]]]}}, {"type": "Feature", "properties": {"task_name": "rasuwa n114", "observation_time": "2026-08-26T00:00:00Z", "sample_category": "unobservable", "sample_number": -1.0, "sample_true_false": false, "window_id": "n114", "status": "unobservable", "rank": null, "valid_event_frac": 0.0339, "source": "neighbors"}, "geometry": {"type": "Polygon", "coordinates": [[[85.09463061879028, 28.530269438552587], [85.12078230396179, 28.530633889955723], [85.1203722303745, 28.55372945640938], [85.09421484687346, 28.553364656493326], [85.09463061879028, 28.530269438552587]]]}}, {"type": "Feature", "properties": {"task_name": "rasuwa n115", "observation_time": "2026-08-26T00:00:00Z", "sample_category": "unobservable", "sample_number": -1.0, "sample_true_false": false, "window_id": "n115", "status": "unobservable", "rank": null, "valid_event_frac": 0.0752, "source": "neighbors"}, "geometry": {"type": "Polygon", "coordinates": [[[85.07114621919987, 28.505327440904903], [85.09729139401713, 28.505696120212853], [85.09687662618911, 28.528791457515613], [85.07072576059392, 28.52842242545435], [85.07114621919987, 28.505327440904903]]]}}, {"type": "Feature", "properties": {"task_name": "rasuwa n116", "observation_time": "2026-08-26T00:00:00Z", "sample_category": "unobservable", "sample_number": -1.0, "sample_true_false": false, "window_id": "n116", "status": "unobservable", "rank": null, "valid_event_frac": 0.1494, "source": "neighbors"}, "geometry": {"type": "Polygon", "coordinates": [[[85.06270897714589, 28.489836752274222], [85.08885020502599, 28.49020687154136], [85.08843386594019, 28.513302147721397], [85.06228695188798, 28.512931674198633], [85.06270897714589, 28.489836752274222]]]}}, {"type": "Feature", "properties": {"task_name": "rasuwa n117", "observation_time": "2026-08-26T00:00:00Z", "sample_category": "unobservable", "sample_number": -1.0, "sample_true_false": false, "window_id": "n117", "status": "unobservable", "rank": null, "valid_event_frac": 0.0383, "source": "neighbors"}, "geometry": {"type": "Polygon", "coordinates": [[[85.04817197262615, 28.478465502667547], [85.07431017587483, 28.47883828159888], [85.07389086871434, 28.501933399260572], [85.04774698278474, 28.50156026343749], [85.04817197262615, 28.478465502667547]]]}}, {"type": "Feature", "properties": {"task_name": "rasuwa n118", "observation_time": "2026-08-26T00:00:00Z", "sample_category": "unobservable", "sample_number": -1.0, "sample_true_false": false, "window_id": "n118", "status": "unobservable", "rank": null, "valid_event_frac": 0.0024, "source": "neighbors"}, "geometry": {"type": "Polygon", "coordinates": [[[85.0305345800741, 28.473643949989356], [85.056671322129, 28.474020060963458], [85.05624826044881, 28.497114953825882], [85.03010583734812, 28.496738482733754], [85.0305345800741, 28.473643949989356]]]}}, {"type": "Feature", "properties": {"task_name": "rasuwa n119", "observation_time": "2026-08-26T00:00:00Z", "sample_category": "unobservable", "sample_number": -1.0, "sample_true_false": false, "window_id": "n119", "status": "unobservable", "rank": null, "valid_event_frac": 0.0259, "source": "neighbors"}, "geometry": {"type": "Polygon", "coordinates": [[[84.99736971491022, 28.462551043830775], [85.02350320495124, 28.462933392564242], [85.02307312377951, 28.486027863635982], [84.9969339563591, 28.485645148725602], [84.99736971491022, 28.462551043830775]]]}}, {"type": "Feature", "properties": {"task_name": "rasuwa n120", "observation_time": "2026-08-26T00:00:00Z", "sample_category": "unobservable", "sample_number": -1.0, "sample_true_false": false, "window_id": "n120", "status": "unobservable", "rank": null, "valid_event_frac": 0.0332, "source": "neighbors"}, "geometry": {"type": "Polygon", "coordinates": [[[84.97870226786777, 28.45926939744908], [85.00483465280347, 28.45965529173446], [85.0044005702177, 28.48274951192218], [84.9782625091111, 28.482363248040524], [84.97870226786777, 28.45926939744908]]]}}, {"type": "Feature", "properties": {"task_name": "rasuwa n121", "observation_time": "2026-08-26T00:00:00Z", "sample_category": "unobservable", "sample_number": -1.0, "sample_true_false": false, "window_id": "n121", "status": "unobservable", "rank": null, "valid_event_frac": 0.1008, "source": "neighbors"}, "geometry": {"type": "Polygon", "coordinates": [[[84.95889444269307, 28.4604876308247], [84.9850268080934, 28.460877344987445], [84.98458839543056, 28.483971280328348], [84.95845035378302, 28.48358119292587], [84.95889444269307, 28.4604876308247]]]}}, {"type": "Feature", "properties": {"task_name": "rasuwa n125", "observation_time": "2026-08-26T00:00:00Z", "sample_category": "unobservable", "sample_number": -1.0, "sample_true_false": false, "window_id": "n125", "status": "unobservable", "rank": null, "valid_event_frac": 0.1675, "source": "neighbors"}, "geometry": {"type": "Polygon", "coordinates": [[[85.64328670344739, 28.190919960655773], [85.6693624091522, 28.191175960649637], [85.66907609979093, 28.214278900718327], [85.64299478760955, 28.214022653912362], [85.64328670344739, 28.190919960655773]]]}}, {"type": "Feature", "properties": {"task_name": "rasuwa n126", "observation_time": "2026-08-26T00:00:00Z", "sample_category": "ranked", "sample_number": 0.0051, "sample_true_false": false, "window_id": "n126", "status": "ranked", "rank": 71.0, "valid_event_frac": 0.2864, "source": "neighbors"}, "geometry": {"type": "Polygon", "coordinates": [[[85.62189948228996, 28.187768034049462], [85.6479741926259, 28.1880280815668], [85.64768332039752, 28.211130829466047], [85.62160300468665, 28.210870531217964], [85.62189948228996, 28.187768034049462]]]}}, {"type": "Feature", "properties": {"task_name": "rasuwa n127", "observation_time": "2026-08-26T00:00:00Z", "sample_category": "unobservable", "sample_number": -1.0, "sample_true_false": false, "window_id": "n127", "status": "unobservable", "rank": null, "valid_event_frac": 0.021, "source": "neighbors"}, "geometry": {"type": "Polygon", "coordinates": [[[85.60211224936336, 28.183156257815515], [85.6281856243416, 28.18342003482146], [85.62789055257007, 28.206522607768044], [85.60181157372499, 28.20625857640996], [85.60211224936336, 28.183156257815515]]]}}, {"type": "Feature", "properties": {"task_name": "rasuwa n128", "observation_time": "2026-08-26T00:00:00Z", "sample_category": "unobservable", "sample_number": -1.0, "sample_true_false": false, "window_id": "n128", "status": "unobservable", "rank": null, "valid_event_frac": 0.1477, "source": "neighbors"}, "geometry": {"type": "Polygon", "coordinates": [[[85.42744399839712, 28.16613058915511], [85.45351119862114, 28.16642746486135], [85.45317880022023, 28.189528293476073], [85.4271060027615, 28.18923113140927], [85.42744399839712, 28.16613058915511]]]}}, {"type": "Feature", "properties": {"task_name": "rasuwa n129", "observation_time": "2026-08-26T00:00:00Z", "sample_category": "ranked", "sample_number": 0.0187, "sample_true_false": false, "window_id": "n129", "status": "ranked", "rank": 25.0, "valid_event_frac": 0.4431, "source": "neighbors"}, "geometry": {"type": "Polygon", "coordinates": [[[85.41878676778336, 28.150479862846723], [85.44485006902964, 28.150778234921738], [85.4445160285468, 28.173879021384618], [85.41844713464025, 28.173580361400454], [85.41878676778336, 28.150479862846723]]]}}, {"type": "Feature", "properties": {"task_name": "rasuwa n130", "observation_time": "2026-08-26T00:00:00Z", "sample_category": "ranked", "sample_number": 0.0014, "sample_true_false": false, "window_id": "n130", "status": "ranked", "rank": 120.0, "valid_event_frac": 0.3406, "source": "neighbors"}, "geometry": {"type": "Polygon", "coordinates": [[[85.40039947400595, 28.14506823402825], [85.42646123422358, 28.145370050823292], [85.42612332145092, 28.1684706521824], [85.40005597031954, 28.16816854411962], [85.40039947400595, 28.14506823402825]]]}}, {"type": "Feature", "properties": {"task_name": "rasuwa n131", "observation_time": "2026-08-26T00:00:00Z", "sample_category": "unobservable", "sample_number": -1.0, "sample_true_false": false, "window_id": "n131", "status": "unobservable", "rank": null, "valid_event_frac": 0.1299, "source": "neighbors"}, "geometry": {"type": "Polygon", "coordinates": [[[85.28488367606118, 27.95851859180361], [85.31089898428986, 27.95884041817551], [85.31053909215623, 27.98194031458628], [85.28451824749278, 27.981618176272217], [85.28488367606118, 27.95851859180361]]]}}, {"type": "Feature", "properties": {"task_name": "rasuwa n132", "observation_time": "2026-08-26T00:00:00Z", "sample_category": "ranked", "sample_number": 0.0099, "sample_true_false": false, "window_id": "n132", "status": "ranked", "rank": 42.0, "valid_event_frac": 0.6887, "source": "neighbors"}, "geometry": {"type": "Polygon", "coordinates": [[[85.29301465200794, 27.94161937196826], [85.31902602013452, 27.941939484575595], [85.31866811385659, 27.965039534526156], [85.29265121400097, 27.964719111510668], [85.29301465200794, 27.94161937196826]]]}}, {"type": "Feature", "properties": {"task_name": "rasuwa n133", "observation_time": "2026-08-26T00:00:00Z", "sample_category": "ranked", "sample_number": 0.0035, "sample_true_false": false, "window_id": "n133", "status": "ranked", "rank": 86.0, "valid_event_frac": 0.9766, "source": "neighbors"}, "geometry": {"type": "Polygon", "coordinates": [[[85.29220746992853, 27.91729938773101], [85.31821300520582, 27.917619398184783], [85.31785529248123, 27.940719520070886], [85.29184423238445, 27.94039919912678], [85.29220746992853, 27.91729938773101]]]}}, {"type": "Feature", "properties": {"task_name": "rasuwa n134", "observation_time": "2026-08-26T00:00:00Z", "sample_category": "ranked", "sample_number": 0.0268, "sample_true_false": false, "window_id": "n134", "status": "ranked", "rank": 14.0, "valid_event_frac": 0.3186, "source": "neighbors"}, "geometry": {"type": "Polygon", "coordinates": [[[85.08440004150354, 28.0161006790011], [85.11042630238164, 28.016461075888575], [85.11002273367997, 28.03955824303754], [85.08399092243495, 28.039197497341593], [85.08440004150354, 28.0161006790011]]]}}, {"type": "Feature", "properties": {"task_name": "rasuwa n135", "observation_time": "2026-08-26T00:00:00Z", "sample_category": "ranked", "sample_number": 0.0149, "sample_true_false": false, "window_id": "n135", "status": "ranked", "rank": 31.0, "valid_event_frac": 0.4434, "source": "neighbors"}, "geometry": {"type": "Polygon", "coordinates": [[[85.09830119547347, 27.991542004611087], [85.12432176482855, 27.991899482780276], [85.12392157630624, 28.0149969173819], [85.09789546339175, 28.014639093023245], [85.09830119547347, 27.991542004611087]]]}}, {"type": "Feature", "properties": {"task_name": "rasuwa n136", "observation_time": "2026-08-26T00:00:00Z", "sample_category": "ranked", "sample_number": 0.0103, "sample_true_false": false, "window_id": "n136", "status": "ranked", "rank": 41.0, "valid_event_frac": 0.5942, "source": "neighbors"}, "geometry": {"type": "Polygon", "coordinates": [[[85.12695949591688, 27.977484583457045], [85.15297711782118, 27.977836477722906], [85.15258327404631, 28.00093433659252], [85.12656011221567, 28.00058210142449], [85.12695949591688, 27.977484583457045]]]}}, {"type": "Feature", "properties": {"task_name": "rasuwa n137", "observation_time": "2026-08-26T00:00:00Z", "sample_category": "ranked", "sample_number": 0.005, "sample_true_false": false, "window_id": "n137", "status": "ranked", "rank": 73.0, "valid_event_frac": 0.8264, "source": "neighbors"}, "geometry": {"type": "Polygon", "coordinates": [[[85.14574749143941, 27.97626624210716], [85.17176509736247, 27.976614569237547], [85.17137527846795, 27.999712676264036], [85.14535213273018, 27.999364011673737], [85.14574749143941, 27.97626624210716]]]}}, {"type": "Feature", "properties": {"task_name": "rasuwa n138", "observation_time": "2026-08-26T00:00:00Z", "sample_category": "unobservable", "sample_number": -1.0, "sample_true_false": false, "window_id": "n138", "status": "unobservable", "rank": null, "valid_event_frac": 0.0005, "source": "neighbors"}, "geometry": {"type": "Polygon", "coordinates": [[[84.99513912853145, 27.9362432017703], [85.02114484722685, 27.936619518005674], [85.02072363472195, 27.959715732572807], [84.99471238951978, 27.959339051443976], [84.99513912853145, 27.9362432017703]]]}}, {"type": "Feature", "properties": {"task_name": "rasuwa n139", "observation_time": "2026-08-26T00:00:00Z", "sample_category": "ranked", "sample_number": 0.0129, "sample_true_false": false, "window_id": "n139", "status": "ranked", "rank": 33.0, "valid_event_frac": 0.2075, "source": "neighbors"}, "geometry": {"type": "Polygon", "coordinates": [[[84.96393175027869, 27.944800437046865], [84.98993902047842, 27.945182753862717], [84.98951101397739, 27.968278499755755], [84.96349821526552, 27.967895812311287], [84.96393175027869, 27.944800437046865]]]}}, {"type": "Feature", "properties": {"task_name": "rasuwa n140", "observation_time": "2026-08-26T00:00:00Z", "sample_category": "unobservable", "sample_number": -1.0, "sample_true_false": false, "window_id": "n140", "status": "unobservable", "rank": null, "valid_event_frac": 0.103, "source": "neighbors"}, "geometry": {"type": "Polygon", "coordinates": [[[84.93937539178602, 27.937298329410943], [84.96538046812917, 27.93768519006789], [84.96494737123783, 27.960780610045155], [84.93893676884707, 27.96039337429289], [84.93937539178602, 27.937298329410943]]]}}, {"type": "Feature", "properties": {"task_name": "rasuwa n141", "observation_time": "2026-08-26T00:00:00Z", "sample_category": "ranked", "sample_number": 0.0418, "sample_true_false": false, "window_id": "n141", "status": "ranked", "rank": 5.0, "valid_event_frac": 0.4087, "source": "neighbors"}, "geometry": {"type": "Polygon", "coordinates": [[[84.92214940921069, 27.91878691558527], [84.94814977384755, 27.919176793210884], [84.94771335107006, 27.942272026399646], [84.92170746587172, 27.941881770589426], [84.92214940921069, 27.91878691558527]]]}}, {"type": "Feature", "properties": {"task_name": "rasuwa n142", "observation_time": "2026-08-26T00:00:00Z", "sample_category": "ranked", "sample_number": 0.0695, "sample_true_false": false, "window_id": "n142", "status": "ranked", "rank": 2.0, "valid_event_frac": 0.6782, "source": "neighbors"}, "geometry": {"type": "Polygon", "coordinates": [[[84.90286273318004, 27.908675285404563], [84.92886036177435, 27.90906867288428], [84.9284200255338, 27.932163658876433], [84.90241687951183, 27.93176988971939], [84.90286273318004, 27.908675285404563]]]}}, {"type": "Feature", "properties": {"task_name": "rasuwa n143", "observation_time": "2026-08-26T00:00:00Z", "sample_category": "unobservable", "sample_number": -1.0, "sample_true_false": false, "window_id": "n143", "status": "unobservable", "rank": null, "valid_event_frac": 0.1992, "source": "neighbors"}, "geometry": {"type": "Polygon", "coordinates": [[[85.24634524282978, 27.98349509104957], [85.27236601570341, 27.98382447047754], [85.27199752871284, 28.006923817640914], [85.245971212754, 28.006594119147145], [85.24634524282978, 27.98349509104957]]]}}, {"type": "Feature", "properties": {"task_name": "rasuwa n144", "observation_time": "2026-08-26T00:00:00Z", "sample_category": "ranked", "sample_number": 0.0179, "sample_true_false": false, "window_id": "n144", "status": "ranked", "rank": 28.0, "valid_event_frac": 0.3413, "source": "neighbors"}, "geometry": {"type": "Polygon", "coordinates": [[[85.24433815555611, 27.959555002830665], [85.27035315732454, 27.95988450429289], [85.26998461257314, 27.98298390725906], [85.24396407454627, 27.982654086430106], [85.24433815555611, 27.959555002830665]]]}}, {"type": "Feature", "properties": {"task_name": "rasuwa n145", "observation_time": "2026-08-26T00:00:00Z", "sample_category": "ranked", "sample_number": 0.0028, "sample_true_false": false, "window_id": "n145", "status": "ranked", "rank": 98.0, "valid_event_frac": 0.7017, "source": "neighbors"}, "geometry": {"type": "Polygon", "coordinates": [[[85.2101617202863, 27.962361974587417], [85.23617691714847, 27.962697966998363], [85.23580104803888, 27.985796938523603], [85.20978031452641, 27.98546062048255], [85.2101617202863, 27.962361974587417]]]}}, {"type": "Feature", "properties": {"task_name": "rasuwa n146", "observation_time": "2026-08-26T00:00:00Z", "sample_category": "unobservable", "sample_number": -1.0, "sample_true_false": false, "window_id": "n146", "status": "unobservable", "rank": null, "valid_event_frac": 0.1663, "source": "neighbors"}, "geometry": {"type": "Polygon", "coordinates": [[[85.25816072940081, 28.011726032194744], [85.28418844704444, 28.012053477781524], [85.28382204622652, 28.03515287397008], [85.25778877732823, 28.034825111402764], [85.25816072940081, 28.011726032194744]]]}}, {"type": "Feature", "properties": {"task_name": "rasuwa n147", "observation_time": "2026-08-26T00:00:00Z", "sample_category": "unobservable", "sample_number": -1.0, "sample_true_false": false, "window_id": "n147", "status": "unobservable", "rank": null, "valid_event_frac": 0.0, "source": "neighbors"}, "geometry": {"type": "Polygon", "coordinates": [[[85.01715467898266, 27.681426260001157], [85.04310012988243, 27.681795312878634], [85.04268804846059, 27.704892685136347], [85.01673714267434, 27.70452327218621], [85.01715467898266, 27.681426260001157]]]}}, {"type": "Feature", "properties": {"task_name": "rasuwa n148", "observation_time": "2026-08-26T00:00:00Z", "sample_category": "unobservable", "sample_number": -1.0, "sample_true_false": false, "window_id": "n148", "status": "unobservable", "rank": null, "valid_event_frac": 0.001, "source": "neighbors"}, "geometry": {"type": "Polygon", "coordinates": [[[85.03605083474004, 27.697027829806956], [85.0620002677327, 27.697393532365112], [85.06159189501763, 27.720491112799856], [85.03563700250969, 27.72012505356989], [85.03605083474004, 27.697027829806956]]]}}, {"type": "Feature", "properties": {"task_name": "rasuwa n149", "observation_time": "2026-08-26T00:00:00Z", "sample_category": "unobservable", "sample_number": -1.0, "sample_true_false": false, "window_id": "n149", "status": "unobservable", "rank": null, "valid_event_frac": 0.0066, "source": "neighbors"}, "geometry": {"type": "Polygon", "coordinates": [[[85.04021825310059, 27.71627810708757], [85.06617230559706, 27.71664326086218], [85.06576447938971, 27.739740834165804], [85.03980496191264, 27.73937532442113], [85.04021825310059, 27.71627810708757]]]}}, {"type": "Feature", "properties": {"task_name": "rasuwa n150", "observation_time": "2026-08-26T00:00:00Z", "sample_category": "ranked", "sample_number": 0.0016, "sample_true_false": false, "window_id": "n150", "status": "ranked", "rank": 116.0, "valid_event_frac": 0.4465, "source": "neighbors"}, "geometry": {"type": "Polygon", "coordinates": [[[85.6647150136464, 27.83461276435567], [85.69070526858692, 27.834861775767926], [85.69042773893912, 27.857966113230844], [85.66443197882758, 27.85771685969093], [85.6647150136464, 27.83461276435567]]]}}, {"type": "Feature", "properties": {"task_name": "rasuwa n151", "observation_time": "2026-08-26T00:00:00Z", "sample_category": "ranked", "sample_number": 0.003, "sample_true_false": false, "window_id": "n151", "status": "ranked", "rank": 95.0, "valid_event_frac": 0.8088, "source": "neighbors"}, "geometry": {"type": "Polygon", "coordinates": [[[85.66674664962916, 27.81816298614917], [85.69273300814358, 27.81841148079148], [85.69245610063952, 27.841515892087347], [85.66646424158775, 27.841267155723422], [85.66674664962916, 27.81816298614917]]]}}, {"type": "Feature", "properties": {"task_name": "rasuwa n152", "observation_time": "2026-08-26T00:00:00Z", "sample_category": "ranked", "sample_number": 0.0, "sample_true_false": false, "window_id": "n152", "status": "ranked", "rank": 147.0, "valid_event_frac": 0.8901, "source": "neighbors"}, "geometry": {"type": "Polygon", "coordinates": [[[85.56971355295379, 27.763944474136004], [85.595685968923, 27.764210753405937], [85.59538918921663, 27.787314415809288], [85.56941128890662, 27.787047877187355], [85.56971355295379, 27.763944474136004]]]}}, {"type": "Feature", "properties": {"task_name": "rasuwa n153", "observation_time": "2026-08-26T00:00:00Z", "sample_category": "ranked", "sample_number": 0.0005, "sample_true_false": false, "window_id": "n153", "status": "ranked", "rank": 135.0, "valid_event_frac": 0.9001, "source": "neighbors"}, "geometry": {"type": "Polygon", "coordinates": [[[85.58141381003922, 27.750075552142576], [85.6073830658167, 27.750339513014247], [85.607088930231, 27.7734433374276], [85.58111419391312, 27.773179119373932], [85.58141381003922, 27.750075552142576]]]}}, {"type": "Feature", "properties": {"task_name": "rasuwa n154", "observation_time": "2026-08-26T00:00:00Z", "sample_category": "ranked", "sample_number": 0.0008, "sample_true_false": false, "window_id": "n154", "status": "ranked", "rank": 131.0, "valid_event_frac": 0.9231, "source": "neighbors"}, "geometry": {"type": "Polygon", "coordinates": [[[85.59325405354903, 27.73619664211994], [85.61922014954878, 27.736458260221045], [85.61892868482072, 27.75956224706287], [85.59295711208145, 27.75930037397488], [85.59325405354903, 27.73619664211994]]]}}, {"type": "Feature", "properties": {"task_name": "rasuwa n155", "observation_time": "2026-08-26T00:00:00Z", "sample_category": "ranked", "sample_number": 0.0008, "sample_true_false": false, "window_id": "n155", "status": "ranked", "rank": 130.0, "valid_event_frac": 0.9062, "source": "neighbors"}, "geometry": {"type": "Polygon", "coordinates": [[[85.60150496449613, 27.719927418817417], [85.62746729637142, 27.72018734897454], [85.62717777162065, 27.74329147043051], [85.60120996751183, 27.743031286830234], [85.60150496449613, 27.719927418817417]]]}}, {"type": "Feature", "properties": {"task_name": "rasuwa n156", "observation_time": "2026-08-26T00:00:00Z", "sample_category": "ranked", "sample_number": 0.0019, "sample_true_false": false, "window_id": "n156", "status": "ranked", "rank": 113.0, "valid_event_frac": 0.8857, "source": "neighbors"}, "geometry": {"type": "Polygon", "coordinates": [[[85.61898397699032, 27.71145899495856], [85.64494449427693, 27.711715574850214], [85.64465875801451, 27.734819893107716], [85.61869277071833, 27.734563062986002], [85.61898397699032, 27.71145899495856]]]}}, {"type": "Feature", "properties": {"task_name": "rasuwa n157", "observation_time": "2026-08-26T00:00:00Z", "sample_category": "ranked", "sample_number": 0.0, "sample_true_false": false, "window_id": "n157", "status": "ranked", "rank": 148.0, "valid_event_frac": 0.8601, "source": "neighbors"}, "geometry": {"type": "Polygon", "coordinates": [[[85.67065258233002, 27.672963687877676], [85.69660454434022, 27.67321026513756], [85.69633014749124, 27.696315197381207], [85.67037272583858, 27.69606837941476], [85.67065258233002, 27.672963687877676]]]}}, {"type": "Feature", "properties": {"task_name": "rasuwa n158", "observation_time": "2026-08-26T00:00:00Z", "sample_category": "ranked", "sample_number": 0.0021, "sample_true_false": false, "window_id": "n158", "status": "ranked", "rank": 109.0, "valid_event_frac": 0.8232, "source": "neighbors"}, "geometry": {"type": "Polygon", "coordinates": [[[85.68714378357757, 27.646045220032573], [85.7130895604355, 27.646288492100297], [85.712818942534, 27.66939366507393], [85.68686771345294, 27.669150155367845], [85.68714378357757, 27.646045220032573]]]}}, {"type": "Feature", "properties": {"task_name": "rasuwa n159", "observation_time": "2026-08-26T00:00:00Z", "sample_category": "ranked", "sample_number": 0.0051, "sample_true_false": false, "window_id": "n159", "status": "ranked", "rank": 72.0, "valid_event_frac": 0.9612, "source": "neighbors"}, "geometry": {"type": "Polygon", "coordinates": [[[85.53527875549875, 27.840701196476605], [85.56126903668984, 27.84097463306917], [85.56096399734676, 27.86407769274793], [85.53496821046464, 27.863803990331586], [85.53527875549875, 27.840701196476605]]]}}, {"type": "Feature", "properties": {"task_name": "rasuwa n160", "observation_time": "2026-08-26T00:00:00Z", "sample_category": "ranked", "sample_number": 0.0052, "sample_true_false": false, "window_id": "n160", "status": "ranked", "rank": 70.0, "valid_event_frac": 0.3262, "source": "neighbors"}, "geometry": {"type": "Polygon", "coordinates": [[[85.27205730290197, 28.204896561974934], [85.298131880984, 28.20522341929957], [85.29776550040432, 28.228322333085273], [85.27168531570973, 28.22799516079299], [85.27205730290197, 28.204896561974934]]]}}, {"type": "Feature", "properties": {"task_name": "rasuwa n161", "observation_time": "2026-08-26T00:00:00Z", "sample_category": "ranked", "sample_number": 0.0027, "sample_true_false": false, "window_id": "n161", "status": "ranked", "rank": 100.0, "valid_event_frac": 0.5403, "source": "neighbors"}, "geometry": {"type": "Polygon", "coordinates": [[[85.27757845335738, 28.18921711110141], [85.30364930125266, 28.1895427512527], [85.30328434773317, 28.21264178424489], [85.27720789765687, 28.21231583018204], [85.27757845335738, 28.18921711110141]]]}}, {"type": "Feature", "properties": {"task_name": "rasuwa n162", "observation_time": "2026-08-26T00:00:00Z", "sample_category": "ranked", "sample_number": 0.003, "sample_true_false": false, "window_id": "n162", "status": "ranked", "rank": 96.0, "valid_event_frac": 0.895, "source": "neighbors"}, "geometry": {"type": "Polygon", "coordinates": [[[85.30201795925922, 28.16898936315937], [85.32808423253357, 28.16931013879176], [85.32772483907453, 28.192409530950506], [85.30165296913272, 28.192088445944385], [85.30201795925922, 28.16898936315937]]]}}, {"type": "Feature", "properties": {"task_name": "rasuwa n172", "observation_time": "2026-08-26T00:00:00Z", "sample_category": "unobservable", "sample_number": -1.0, "sample_true_false": false, "window_id": "n172", "status": "unobservable", "rank": null, "valid_event_frac": 0.0002, "source": "neighbors"}, "geometry": {"type": "Polygon", "coordinates": [[[85.30193467319836, 28.021369878193333], [85.3279653038996, 28.021689135443147], [85.32760810405438, 28.044789023429054], [85.30157191884767, 28.044469457189386], [85.30193467319836, 28.021369878193333]]]}}, {"type": "Feature", "properties": {"task_name": "rasuwa n173", "observation_time": "2026-08-26T00:00:00Z", "sample_category": "unobservable", "sample_number": -1.0, "sample_true_false": false, "window_id": "n173", "status": "unobservable", "rank": null, "valid_event_frac": 0.0063, "source": "neighbors"}, "geometry": {"type": "Polygon", "coordinates": [[[85.11701474987923, 28.207932761190424], [85.14308785179809, 28.208289194729574], [85.14268805291384, 28.23138614810041], [85.11660934540886, 28.23102937114713], [85.11701474987923, 28.207932761190424]]]}}, {"type": "Feature", "properties": {"task_name": "rasuwa n174", "observation_time": "2026-08-26T00:00:00Z", "sample_category": "ranked", "sample_number": 0.0046, "sample_true_false": false, "window_id": "n174", "status": "ranked", "rank": 77.0, "valid_event_frac": 0.3179, "source": "neighbors"}, "geometry": {"type": "Polygon", "coordinates": [[[85.09435983328018, 28.18599084495703], [85.12042727086609, 28.186351339367274], [85.12002296622276, 28.20944806755018], [85.09394992963102, 28.209087225638278], [85.09435983328018, 28.18599084495703]]]}}, {"type": "Feature", "properties": {"task_name": "rasuwa n175", "observation_time": "2026-08-26T00:00:00Z", "sample_category": "unobservable", "sample_number": -1.0, "sample_true_false": false, "window_id": "n175", "status": "unobservable", "rank": null, "valid_event_frac": 0.1396, "source": "neighbors"}, "geometry": {"type": "Polygon", "coordinates": [[[85.66611645960002, 27.996392497016696], [85.69214543649313, 27.996642564217016], [85.691866315946, 28.019746372191992], [85.66583178796087, 28.019496062781503], [85.66611645960002, 27.996392497016696]]]}}, {"type": "Feature", "properties": {"task_name": "rasuwa n176", "observation_time": "2026-08-26T00:00:00Z", "sample_category": "unobservable", "sample_number": -1.0, "sample_true_false": false, "window_id": "n176", "status": "unobservable", "rank": null, "valid_event_frac": 0.0396, "source": "neighbors"}, "geometry": {"type": "Polygon", "coordinates": [[[85.64617999171507, 27.985000732231217], [85.67220602166819, 27.985254478908555], [85.67192278212029, 28.00835813940118], [85.64589120449646, 28.008104146884843], [85.64617999171507, 27.985000732231217]]]}}, {"type": "Feature", "properties": {"task_name": "rasuwa n177", "observation_time": "2026-08-26T00:00:00Z", "sample_category": "ranked", "sample_number": 0.0, "sample_true_false": false, "window_id": "n177", "status": "ranked", "rank": 149.0, "valid_event_frac": 0.5249, "source": "neighbors"}, "geometry": {"type": "Polygon", "coordinates": [[[85.66497458649907, 27.92622256461062], [85.69098672302461, 27.926472275335016], [85.69070817906777, 27.949576308283945], [85.66469051140861, 27.94932635528764], [85.66497458649907, 27.92622256461062]]]}}, {"type": "Feature", "properties": {"task_name": "rasuwa n178", "observation_time": "2026-08-26T00:00:00Z", "sample_category": "ranked", "sample_number": 0.0045, "sample_true_false": false, "window_id": "n178", "status": "ranked", "rank": 78.0, "valid_event_frac": 0.8643, "source": "neighbors"}, "geometry": {"type": "Polygon", "coordinates": [[[85.64298934376387, 27.905960642855042], [85.66899639963198, 27.906214337393415], [85.66871341882955, 27.929318233102666], [85.64270083777464, 27.92906429230951], [85.64298934376387, 27.905960642855042]]]}}, {"type": "Feature", "properties": {"task_name": "rasuwa n179", "observation_time": "2026-08-26T00:00:00Z", "sample_category": "ranked", "sample_number": 0.0038, "sample_true_false": false, "window_id": "n179", "status": "ranked", "rank": 83.0, "valid_event_frac": 0.8418, "source": "neighbors"}, "geometry": {"type": "Polygon", "coordinates": [[[84.97717064221584, 27.850612022940776], [85.00315561739868, 27.85099066863411], [85.00273210879415, 27.87408691738276], [84.97674163159137, 27.873707903783146], [84.97717064221584, 27.850612022940776]]]}}, {"type": "Feature", "properties": {"task_name": "rasuwa n180", "observation_time": "2026-08-26T00:00:00Z", "sample_category": "unobservable", "sample_number": -1.0, "sample_true_false": false, "window_id": "n180", "status": "unobservable", "rank": null, "valid_event_frac": 0.0, "source": "neighbors"}, "geometry": {"type": "Polygon", "coordinates": [[[85.58251820412673, 28.063274808697045], [85.60856237186466, 28.06354127937534], [85.60826458056604, 28.08664406482621], [85.58221484344257, 28.086377336470004], [85.58251820412673, 28.063274808697045]]]}}, {"type": "Feature", "properties": {"task_name": "rasuwa n181", "observation_time": "2026-08-26T00:00:00Z", "sample_category": "unobservable", "sample_number": -1.0, "sample_true_false": false, "window_id": "n181", "status": "unobservable", "rank": null, "valid_event_frac": 0.0, "source": "neighbors"}, "geometry": {"type": "Polygon", "coordinates": [[[85.58455154597661, 28.03199507496293], [85.61058820166214, 28.032260889332946], [85.61029123426503, 28.055363799968514], [85.58424901809622, 28.055097728363464], [85.58455154597661, 28.03199507496293]]]}}, {"type": "Feature", "properties": {"task_name": "rasuwa n182", "observation_time": "2026-08-26T00:00:00Z", "sample_category": "unobservable", "sample_number": -1.0, "sample_true_false": false, "window_id": "n182", "status": "unobservable", "rank": null, "valid_event_frac": 0.0, "source": "neighbors"}, "geometry": {"type": "Polygon", "coordinates": [[[85.58133377274098, 28.015634829910738], [85.60736645644427, 28.0159011121709], [85.60706900515449, 28.03900404615276], [85.58103076566029, 28.038737506104532], [85.58133377274098, 28.015634829910738]]]}}, {"type": "Feature", "properties": {"task_name": "rasuwa n183", "observation_time": "2026-08-26T00:00:00Z", "sample_category": "unobservable", "sample_number": -1.0, "sample_true_false": false, "window_id": "n183", "status": "unobservable", "rank": null, "valid_event_frac": 0.0012, "source": "neighbors"}, "geometry": {"type": "Polygon", "coordinates": [[[85.60103442580856, 27.990486664314552], [85.62706128413501, 27.99074900014509], [85.62676834859971, 28.01385221121027], [85.60073594145676, 28.013589621257417], [85.60103442580856, 27.990486664314552]]]}}, {"type": "Feature", "properties": {"task_name": "rasuwa n184", "observation_time": "2026-08-26T00:00:00Z", "sample_category": "ranked", "sample_number": 0.0012, "sample_true_false": false, "window_id": "n184", "status": "ranked", "rank": 128.0, "valid_event_frac": 0.9917, "source": "neighbors"}, "geometry": {"type": "Polygon", "coordinates": [[[85.58016262096126, 27.85064516903162], [85.60615578180477, 27.850910239711855], [85.60586013350596, 27.87401371554321], [85.57986146372807, 27.873748387229046], [85.58016262096126, 27.85064516903162]]]}}, {"type": "Feature", "properties": {"task_name": "rasuwa n185", "observation_time": "2026-08-26T00:00:00Z", "sample_category": "ranked", "sample_number": 0.0015, "sample_true_false": false, "window_id": "n185", "status": "ranked", "rank": 118.0, "valid_event_frac": 0.9885, "source": "neighbors"}, "geometry": {"type": "Polygon", "coordinates": [[[85.57030534320963, 27.836274329009928], [85.59629496813065, 27.836541130759812], [85.59599740917804, 27.859644557205716], [85.57000227948173, 27.85937749605039], [85.57030534320963, 27.836274329009928]]]}}, {"type": "Feature", "properties": {"task_name": "rasuwa n188", "observation_time": "2026-08-26T00:00:00Z", "sample_category": "unobservable", "sample_number": -1.0, "sample_true_false": false, "window_id": "n188", "status": "unobservable", "rank": null, "valid_event_frac": 0.0098, "source": "neighbors"}, "geometry": {"type": "Polygon", "coordinates": [[[85.29221877876505, 27.994699111484852], [85.31824286831977, 27.995019930006926], [85.3178839946367, 28.018119792390817], [85.29185435827848, 28.017798663171533], [85.29221877876505, 27.994699111484852]]]}}, {"type": "Feature", "properties": {"task_name": "rasuwa n189", "observation_time": "2026-08-26T00:00:00Z", "sample_category": "ranked", "sample_number": 0.0105, "sample_true_false": false, "window_id": "n189", "status": "ranked", "rank": 40.0, "valid_event_frac": 0.7651, "source": "neighbors"}, "geometry": {"type": "Polygon", "coordinates": [[[85.43739426262628, 27.710612908951667], [85.46335247968727, 27.710903531153424], [85.46302847137815, 27.734005995906255], [85.43706478630833, 27.733715090291852], [85.43739426262628, 27.710612908951667]]]}}, {"type": "Feature", "properties": {"task_name": "rasuwa n190", "observation_time": "2026-08-26T00:00:00Z", "sample_category": "ranked", "sample_number": 0.0088, "sample_true_false": false, "window_id": "n190", "status": "ranked", "rank": 45.0, "valid_event_frac": 0.5544, "source": "neighbors"}, "geometry": {"type": "Polygon", "coordinates": [[[85.4437132200474, 27.892152899250657], [85.46971469103372, 27.89244406943828], [85.46938953962221, 27.915545995818746], [85.4433825492967, 27.915254542930708], [85.4437132200474, 27.892152899250657]]]}}, {"type": "Feature", "properties": {"task_name": "rasuwa n191", "observation_time": "2026-08-26T00:00:00Z", "sample_category": "ranked", "sample_number": 0.0298, "sample_true_false": false, "window_id": "n191", "status": "ranked", "rank": 9.0, "valid_event_frac": 0.4419, "source": "neighbors"}, "geometry": {"type": "Polygon", "coordinates": [[[85.42949356654904, 27.903271600934126], [85.45549752002101, 27.90356556031389], [85.45516919462236, 27.926667294884886], [85.42915971880761, 27.926373050175002], [85.42949356654904, 27.903271600934126]]]}}, {"type": "Feature", "properties": {"task_name": "rasuwa n193", "observation_time": "2026-08-26T00:00:00Z", "sample_category": "unobservable", "sample_number": -1.0, "sample_true_false": false, "window_id": "n193", "status": "unobservable", "rank": null, "valid_event_frac": 0.0784, "source": "neighbors"}, "geometry": {"type": "Polygon", "coordinates": [[[85.15399482101766, 27.72159799222535], [85.17995183844151, 27.72194187293068], [85.17956791293675, 27.74504093824535], [85.15360542760415, 27.744696722329365], [85.15399482101766, 27.72159799222535]]]}}, {"type": "Feature", "properties": {"task_name": "rasuwa n194", "observation_time": "2026-08-26T00:00:00Z", "sample_category": "unobservable", "sample_number": -1.0, "sample_true_false": false, "window_id": "n194", "status": "unobservable", "rank": null, "valid_event_frac": 0.0322, "source": "neighbors"}, "geometry": {"type": "Polygon", "coordinates": [[[84.90850437768202, 27.887885875404397], [84.9344971318095, 27.88827793132224], [84.93405837812817, 27.911373069400632], [84.90806011238031, 27.91098063290554], [84.90850437768202, 27.887885875404397]]]}}, {"type": "Feature", "properties": {"task_name": "rasuwa n195", "observation_time": "2026-08-26T00:00:00Z", "sample_category": "ranked", "sample_number": 0.0033, "sample_true_false": false, "window_id": "n195", "status": "ranked", "rank": 91.0, "valid_event_frac": 0.8804, "source": "neighbors"}, "geometry": {"type": "Polygon", "coordinates": [[[85.21814204921583, 27.861753062744274], [85.24413329610859, 27.862086446808302], [85.24376070489599, 27.88518585472035], [85.21776394977965, 27.884852146769777], [85.21814204921583, 27.861753062744274]]]}}, {"type": "Feature", "properties": {"task_name": "rasuwa n196", "observation_time": "2026-08-26T00:00:00Z", "sample_category": "ranked", "sample_number": 0.0013, "sample_true_false": false, "window_id": "n196", "status": "ranked", "rank": 125.0, "valid_event_frac": 0.9622, "source": "neighbors"}, "geometry": {"type": "Polygon", "coordinates": [[[85.18775443640484, 27.871200354662996], [85.21374750699806, 27.871539569314912], [85.21336831886177, 27.894638565134645], [85.18736973773532, 27.89429902101233], [85.18775443640484, 27.871200354662996]]]}}, {"type": "Feature", "properties": {"task_name": "rasuwa n197", "observation_time": "2026-08-26T00:00:00Z", "sample_category": "ranked", "sample_number": 0.0081, "sample_true_false": false, "window_id": "n197", "status": "ranked", "rank": 53.0, "valid_event_frac": 0.9678, "source": "neighbors"}, "geometry": {"type": "Polygon", "coordinates": [[[85.15438752856411, 27.877397399618392], [85.18038159720989, 27.877742973168164], [85.17999522737617, 27.900841522952955], [85.15399564684984, 27.90049561381297], [85.15438752856411, 27.877397399618392]]]}}, {"type": "Feature", "properties": {"task_name": "rasuwa n198", "observation_time": "2026-08-26T00:00:00Z", "sample_category": "ranked", "sample_number": 0.0076, "sample_true_false": false, "window_id": "n198", "status": "ranked", "rank": 55.0, "valid_event_frac": 0.7734, "source": "neighbors"}, "geometry": {"type": "Polygon", "coordinates": [[[84.9533340212928, 28.025429138883784], [84.9793604742083, 28.02581447042729], [84.97892875434582, 28.048909794832486], [84.95289675015314, 28.048524090460184], [84.9533340212928, 28.025429138883784]]]}}, {"type": "Feature", "properties": {"task_name": "rasuwa n199", "observation_time": "2026-08-26T00:00:00Z", "sample_category": "ranked", "sample_number": 0.0035, "sample_true_false": false, "window_id": "n199", "status": "ranked", "rank": 88.0, "valid_event_frac": 0.844, "source": "neighbors"}, "geometry": {"type": "Polygon", "coordinates": [[[85.40029914226912, 27.7039696586792], [85.42625532584454, 27.704267170908572], [85.4259235906073, 27.727369249937972], [85.39996194127907, 27.72707144753496], [85.40029914226912, 27.7039696586792]]]}}, {"type": "Feature", "properties": {"task_name": "rasuwa n200", "observation_time": "2026-08-26T00:00:00Z", "sample_category": "ranked", "sample_number": 0.004, "sample_true_false": false, "window_id": "n200", "status": "ranked", "rank": 81.0, "valid_event_frac": 0.9229, "source": "neighbors"}, "geometry": {"type": "Polygon", "coordinates": [[[85.36678975980946, 27.910976011453393], [85.39279476439313, 27.911281879597357], [85.39245300211937, 27.934382889771484], [85.36644247367809, 27.934076724802352], [85.36678975980946, 27.910976011453393]]]}}, {"type": "Feature", "properties": {"task_name": "rasuwa n201", "observation_time": "2026-08-26T00:00:00Z", "sample_category": "ranked", "sample_number": 0.0143, "sample_true_false": false, "window_id": "n201", "status": "ranked", "rank": 32.0, "valid_event_frac": 0.6812, "source": "neighbors"}, "geometry": {"type": "Polygon", "coordinates": [[[85.63284152705356, 27.80835998112093], [85.65882519278772, 27.80861477409765], [85.65854122167828, 27.83171890074263], [85.63255205848051, 27.831463859862207], [85.63284152705356, 27.80835998112093]]]}}, {"type": "Feature", "properties": {"task_name": "rasuwa n204", "observation_time": "2026-08-26T00:00:00Z", "sample_category": "ranked", "sample_number": 0.0009, "sample_true_false": false, "window_id": "n204", "status": "ranked", "rank": 129.0, "valid_event_frac": 0.8093, "source": "neighbors"}, "geometry": {"type": "Polygon", "coordinates": [[[84.88088650024869, 27.987972989905362], [84.90690276026855, 27.98837155566164], [84.90645626955775, 28.01146595241775], [84.88043446992506, 28.011067000700464], [84.88088650024869, 27.987972989905362]]]}}, {"type": "Feature", "properties": {"task_name": "rasuwa n205", "observation_time": "2026-08-26T00:00:00Z", "sample_category": "ranked", "sample_number": 0.0595, "sample_true_false": false, "window_id": "n205", "status": "ranked", "rank": 3.0, "valid_event_frac": 0.574, "source": "neighbors"}, "geometry": {"type": "Polygon", "coordinates": [[[84.88968584063124, 27.894164209867395], [84.91567978232715, 27.894559895326164], [84.91523691593552, 27.917654736364796], [84.88923746110613, 27.91725866686824], [84.88968584063124, 27.894164209867395]]]}}, {"type": "Feature", "properties": {"task_name": "rasuwa n206", "observation_time": "2026-08-26T00:00:00Z", "sample_category": "ranked", "sample_number": 0.0015, "sample_true_false": false, "window_id": "n206", "status": "ranked", "rank": 117.0, "valid_event_frac": 0.9695, "source": "neighbors"}, "geometry": {"type": "Polygon", "coordinates": [[[85.26447211076278, 27.903856986859328], [85.29047405478137, 27.90418208974061], [85.29011064958209, 27.927281924189188], [85.26410318487379, 27.926956505779216], [85.26447211076278, 27.903856986859328]]]}}, {"type": "Feature", "properties": {"task_name": "rasuwa n207", "observation_time": "2026-08-26T00:00:00Z", "sample_category": "ranked", "sample_number": 0.0025, "sample_true_false": false, "window_id": "n207", "status": "ranked", "rank": 103.0, "valid_event_frac": 0.5837, "source": "neighbors"}, "geometry": {"type": "Polygon", "coordinates": [[[85.0478274581888, 28.165836817028865], [85.07388930024011, 28.166205930600352], [85.07347533812444, 28.189302100818832], [85.04740790344667, 28.188932631277748], [85.0478274581888, 28.165836817028865]]]}}, {"type": "Feature", "properties": {"task_name": "rasuwa n208", "observation_time": "2026-08-26T00:00:00Z", "sample_category": "ranked", "sample_number": 0.002, "sample_true_false": false, "window_id": "n208", "status": "ranked", "rank": 111.0, "valid_event_frac": 0.6194, "source": "neighbors"}, "geometry": {"type": "Polygon", "coordinates": [[[85.03504032498626, 28.153425742487606], [85.06109896290096, 28.153797139820085], [85.0606824694664, 28.176893177175707], [85.0346182426464, 28.176521421568925], [85.03504032498626, 28.153425742487606]]]}}, {"type": "Feature", "properties": {"task_name": "rasuwa n209", "observation_time": "2026-08-26T00:00:00Z", "sample_category": "ranked", "sample_number": 0.0044, "sample_true_false": false, "window_id": "n209", "status": "ranked", "rank": 79.0, "valid_event_frac": 0.2214, "source": "neighbors"}, "geometry": {"type": "Polygon", "coordinates": [[[85.03036262893183, 28.1376953987501], [85.05641738682989, 28.138067495997078], [85.05600016324026, 28.161163522144122], [85.0299398209981, 28.160791065815143], [85.03036262893183, 28.1376953987501]]]}}, {"type": "Feature", "properties": {"task_name": "rasuwa n210", "observation_time": "2026-08-26T00:00:00Z", "sample_category": "unobservable", "sample_number": -1.0, "sample_true_false": false, "window_id": "n210", "status": "unobservable", "rank": null, "valid_event_frac": 0.0208, "source": "neighbors"}, "geometry": {"type": "Polygon", "coordinates": [[[85.01815544080229, 28.12514437851026], [85.04420697245897, 28.125518643986446], [85.04378734949448, 28.148614544152164], [85.01773023724428, 28.148239917396946], [85.01815544080229, 28.12514437851026]]]}}, {"type": "Feature", "properties": {"task_name": "rasuwa n211", "observation_time": "2026-08-26T00:00:00Z", "sample_category": "unobservable", "sample_number": -1.0, "sample_true_false": false, "window_id": "n211", "status": "unobservable", "rank": null, "valid_event_frac": 0.0583, "source": "neighbors"}, "geometry": {"type": "Polygon", "coordinates": [[[84.99598070317421, 28.100922535423383], [85.0220260328264, 28.101300717149137], [85.02160208351428, 28.12439639052218], [84.99555118048514, 28.12401784353234], [84.99598070317421, 28.100922535423383]]]}}, {"type": "Feature", "properties": {"task_name": "rasuwa n212", "observation_time": "2026-08-26T00:00:00Z", "sample_category": "unobservable", "sample_number": -1.0, "sample_true_false": false, "window_id": "n212", "status": "unobservable", "rank": null, "valid_event_frac": 0.1328, "source": "neighbors"}, "geometry": {"type": "Polygon", "coordinates": [[[84.97915652148222, 28.066141214951948], [85.0051931922991, 28.066522160210436], [85.0047662601311, 28.089617714312972], [84.97872402608763, 28.089236400820994], [84.97915652148222, 28.066141214951948]]]}}, {"type": "Feature", "properties": {"task_name": "rasuwa n213", "observation_time": "2026-08-26T00:00:00Z", "sample_category": "unobservable", "sample_number": -1.0, "sample_true_false": false, "window_id": "n213", "status": "unobservable", "rank": null, "valid_event_frac": 0.0, "source": "neighbors"}, "geometry": {"type": "Polygon", "coordinates": [[[84.9248242501824, 27.6895382339933], [84.95077014255632, 27.689924681516437], [84.95033847778116, 27.71302071927143], [84.92438712948012, 27.712633894800636], [84.9248242501824, 27.6895382339933]]]}}, {"type": "Feature", "properties": {"task_name": "rasuwa n214", "observation_time": "2026-08-26T00:00:00Z", "sample_category": "unobservable", "sample_number": -1.0, "sample_true_false": false, "window_id": "n214", "status": "unobservable", "rank": null, "valid_event_frac": 0.114, "source": "neighbors"}, "geometry": {"type": "Polygon", "coordinates": [[[85.00618252025579, 27.894214354973247], [85.0321783608586, 27.894588071061452], [85.03176023711613, 27.917684580466947], [85.00575888176951, 27.917310501637587], [85.00618252025579, 27.894214354973247]]]}}, {"type": "Feature", "properties": {"task_name": "rasuwa n215", "observation_time": "2026-08-26T00:00:00Z", "sample_category": "ranked", "sample_number": 0.0012, "sample_true_false": false, "window_id": "n215", "status": "ranked", "rank": 127.0, "valid_event_frac": 0.9814, "source": "neighbors"}, "geometry": {"type": "Polygon", "coordinates": [[[85.19520184341401, 27.88691094810206], [85.22119877122836, 27.887248933140103], [85.2208209141214, 27.910347970212207], [85.19481847123625, 27.910009657021057], [85.19520184341401, 27.88691094810206]]]}}, {"type": "Feature", "properties": {"task_name": "rasuwa n216", "observation_time": "2026-08-26T00:00:00Z", "sample_category": "ranked", "sample_number": 0.0032, "sample_true_false": false, "window_id": "n216", "status": "ranked", "rank": 92.0, "valid_event_frac": 0.9856, "source": "neighbors"}, "geometry": {"type": "Polygon", "coordinates": [[[85.17547366079418, 27.890669198835138], [85.20147120408213, 27.891010946089892], [85.20108909715408, 27.91410972111435], [85.17508603796969, 27.913767642087382], [85.17547366079418, 27.890669198835138]]]}}, {"type": "Feature", "properties": {"task_name": "rasuwa n217", "observation_time": "2026-08-26T00:00:00Z", "sample_category": "unobservable", "sample_number": -1.0, "sample_true_false": false, "window_id": "n217", "status": "unobservable", "rank": null, "valid_event_frac": 0.0, "source": "neighbors"}, "geometry": {"type": "Polygon", "coordinates": [[[85.5182400928358, 28.022469155860584], [85.54427369961448, 28.02274744993948], [85.54396268572667, 28.045849725689216], [85.51792352182306, 28.045571162245064], [85.5182400928358, 28.022469155860584]]]}}, {"type": "Feature", "properties": {"task_name": "rasuwa n218", "observation_time": "2026-08-26T00:00:00Z", "sample_category": "unobservable", "sample_number": -1.0, "sample_true_false": false, "window_id": "n218", "status": "unobservable", "rank": null, "valid_event_frac": 0.0, "source": "neighbors"}, "geometry": {"type": "Polygon", "coordinates": [[[85.521571587374, 28.006019501300553], [85.54760127747038, 28.006297015508448], [85.54729118886249, 28.029399380779257], [85.52125594629318, 28.02912159785504], [85.521571587374, 28.006019501300553]]]}}, {"type": "Feature", "properties": {"task_name": "rasuwa n219", "observation_time": "2026-08-26T00:00:00Z", "sample_category": "unobservable", "sample_number": -1.0, "sample_true_false": false, "window_id": "n219", "status": "unobservable", "rank": null, "valid_event_frac": 0.1562, "source": "neighbors"}, "geometry": {"type": "Polygon", "coordinates": [[[85.5194454952986, 27.97369940398747], [85.54546739857409, 27.97397702797153], [85.54515727632926, 27.99707947993499], [85.51912982979809, 27.996801586920682], [85.5194454952986, 27.97369940398747]]]}}, {"type": "Feature", "properties": {"task_name": "rasuwa n220", "observation_time": "2026-08-26T00:00:00Z", "sample_category": "ranked", "sample_number": 0.0028, "sample_true_false": false, "window_id": "n220", "status": "ranked", "rank": 99.0, "valid_event_frac": 0.4426, "source": "neighbors"}, "geometry": {"type": "Polygon", "coordinates": [[[85.52544765804525, 27.948670012098994], [85.55146362891715, 27.948946274985516], [85.55115511005536, 27.972048872542793], [85.52513360298228, 27.97177234178361], [85.52544765804525, 27.948670012098994]]]}}, {"type": "Feature", "properties": {"task_name": "rasuwa n221", "observation_time": "2026-08-26T00:00:00Z", "sample_category": "ranked", "sample_number": 0.0004, "sample_true_false": false, "window_id": "n221", "status": "ranked", "rank": 140.0, "valid_event_frac": 0.6758, "source": "neighbors"}, "geometry": {"type": "Polygon", "coordinates": [[[85.54274870216906, 27.92231163205837], [85.56875856007332, 27.922584390239575], [85.56845406227416, 27.945687252326035], [85.5424386754835, 27.94541422950094], [85.54274870216906, 27.92231163205837]]]}}, {"type": "Feature", "properties": {"task_name": "rasuwa n222", "observation_time": "2026-08-26T00:00:00Z", "sample_category": "ranked", "sample_number": 0.0013, "sample_true_false": false, "window_id": "n222", "status": "ranked", "rank": 124.0, "valid_event_frac": 0.9377, "source": "neighbors"}, "geometry": {"type": "Polygon", "coordinates": [[[85.53653115500963, 27.906791120778138], [85.56253722840916, 27.907064913903668], [85.56223160720172, 27.930167764970445], [85.53622000937949, 27.929893706098422], [85.53653115500963, 27.906791120778138]]]}}, {"type": "Feature", "properties": {"task_name": "rasuwa n223", "observation_time": "2026-08-26T00:00:00Z", "sample_category": "ranked", "sample_number": 0.0, "sample_true_false": false, "window_id": "n223", "status": "ranked", "rank": 150.0, "valid_event_frac": 0.9617, "source": "neighbors"}, "geometry": {"type": "Polygon", "coordinates": [[[85.52909541998662, 27.8764105440582], [85.55509414805768, 27.876685466827347], [85.5547873378829, 27.89978834392234], [85.52878309407282, 27.89951315411576], [85.52909541998662, 27.8764105440582]]]}}, {"type": "Feature", "properties": {"task_name": "rasuwa n224", "observation_time": "2026-08-26T00:00:00Z", "sample_category": "ranked", "sample_number": 0.0, "sample_true_false": false, "window_id": "n224", "status": "ranked", "rank": 151.0, "valid_event_frac": 0.9202, "source": "neighbors"}, "geometry": {"type": "Polygon", "coordinates": [[[85.52793739748503, 27.860030487704286], [85.55393220283158, 27.860305481103747], [85.5536253580596, 27.883408401215867], [85.52762504162382, 27.883133140604883], [85.52793739748503, 27.860030487704286]]]}}, {"type": "Feature", "properties": {"task_name": "rasuwa n225", "observation_time": "2026-08-26T00:00:00Z", "sample_category": "ranked", "sample_number": 0.0013, "sample_true_false": false, "window_id": "n225", "status": "ranked", "rank": 123.0, "valid_event_frac": 0.9185, "source": "neighbors"}, "geometry": {"type": "Polygon", "coordinates": [[[85.47487873195628, 27.81203591265406], [85.50086147632881, 27.81232045531469], [85.50054401653787, 27.835422983603287], [85.47455577517708, 27.835138164137607], [85.47487873195628, 27.81203591265406]]]}}, {"type": "Feature", "properties": {"task_name": "rasuwa n226", "observation_time": "2026-08-26T00:00:00Z", "sample_category": "ranked", "sample_number": 0.0042, "sample_true_false": false, "window_id": "n226", "status": "ranked", "rank": 80.0, "valid_event_frac": 0.9392, "source": "neighbors"}, "geometry": {"type": "Polygon", "coordinates": [[[85.50521734701813, 27.79416865840515], [85.53119620180914, 27.794447329625754], [85.53088539910465, 27.817550235957864], [85.50490105206809, 27.817271293522705], [85.50521734701813, 27.79416865840515]]]}}, {"type": "Feature", "properties": {"task_name": "rasuwa n227", "observation_time": "2026-08-26T00:00:00Z", "sample_category": "ranked", "sample_number": 0.0007, "sample_true_false": false, "window_id": "n227", "status": "ranked", "rank": 133.0, "valid_event_frac": 0.9958, "source": "neighbors"}, "geometry": {"type": "Polygon", "coordinates": [[[85.53779479692011, 27.78451157970208], [85.56377173499729, 27.784784038979364], [85.56346794799906, 27.80788731214422], [85.53748552008354, 27.807614587632035], [85.53779479692011, 27.78451157970208]]]}}, {"type": "Feature", "properties": {"task_name": "rasuwa n228", "observation_time": "2026-08-26T00:00:00Z", "sample_category": "unobservable", "sample_number": -1.0, "sample_true_false": false, "window_id": "n228", "status": "unobservable", "rank": null, "valid_event_frac": 0.0, "source": "neighbors"}, "geometry": {"type": "Polygon", "coordinates": [[[85.054035098992, 28.091387685459683], [85.08007903314052, 28.091754730328656], [85.0796676867223, 28.114851235583558], [85.0536181811452, 28.114483836114328], [85.054035098992, 28.091387685459683]]]}}, {"type": "Feature", "properties": {"task_name": "rasuwa n229", "observation_time": "2026-08-26T00:00:00Z", "sample_category": "ranked", "sample_number": 0.0032, "sample_true_false": false, "window_id": "n229", "status": "ranked", "rank": 93.0, "valid_event_frac": 0.4626, "source": "neighbors"}, "geometry": {"type": "Polygon", "coordinates": [[[85.39676699938553, 27.90548868815829], [85.42277107390522, 27.90578884456956], [85.42243576192706, 27.928890210573435], [85.39642616478221, 27.928589762837085], [85.39676699938553, 27.90548868815829]]]}}, {"type": "Feature", "properties": {"task_name": "rasuwa n230", "observation_time": "2026-08-26T00:00:00Z", "sample_category": "ranked", "sample_number": 0.0057, "sample_true_false": false, "window_id": "n230", "status": "ranked", "rank": 68.0, "valid_event_frac": 0.9419, "source": "neighbors"}, "geometry": {"type": "Polygon", "coordinates": [[[85.34663211059859, 27.910284227762762], [85.37263668872049, 27.910593893345748], [85.37229065112166, 27.933694675361192], [85.34628054955928, 27.933384709265898], [85.34663211059859, 27.910284227762762]]]}}, {"type": "Feature", "properties": {"task_name": "rasuwa n231", "observation_time": "2026-08-26T00:00:00Z", "sample_category": "ranked", "sample_number": 0.0067, "sample_true_false": false, "window_id": "n231", "status": "ranked", "rank": 62.0, "valid_event_frac": 0.9885, "source": "neighbors"}, "geometry": {"type": "Polygon", "coordinates": [[[85.31315594767871, 27.909761266756874], [85.33915996012864, 27.910077244823643], [85.33880681378093, 27.933177639489465], [85.31279727841178, 27.932861354785878], [85.31315594767871, 27.909761266756874]]]}}, {"type": "Feature", "properties": {"task_name": "rasuwa n232", "observation_time": "2026-08-26T00:00:00Z", "sample_category": "ranked", "sample_number": 0.0081, "sample_true_false": false, "window_id": "n232", "status": "ranked", "rank": 52.0, "valid_event_frac": 0.6899, "source": "neighbors"}, "geometry": {"type": "Polygon", "coordinates": [[[85.33508043247218, 28.289511901755684], [85.36117644546488, 28.28982761098444], [85.36082238335361, 28.312926983144987], [85.33472073870934, 28.31261097028464], [85.33508043247218, 28.289511901755684]]]}}, {"type": "Feature", "properties": {"task_name": "rasuwa n233", "observation_time": "2026-08-26T00:00:00Z", "sample_category": "ranked", "sample_number": 0.0068, "sample_true_false": false, "window_id": "n233", "status": "ranked", "rank": 61.0, "valid_event_frac": 0.9385, "source": "neighbors"}, "geometry": {"type": "Polygon", "coordinates": [[[85.34458167583392, 28.35634252779831], [85.37069413921171, 28.35665709701535], [85.37034114967692, 28.379756352807735], [85.3442230352775, 28.379441481525394], [85.34458167583392, 28.35634252779831]]]}}, {"type": "Feature", "properties": {"task_name": "rasuwa n234", "observation_time": "2026-08-26T00:00:00Z", "sample_category": "ranked", "sample_number": 0.0229, "sample_true_false": false, "window_id": "n234", "status": "ranked", "rank": 18.0, "valid_event_frac": 0.6616, "source": "neighbors"}, "geometry": {"type": "Polygon", "coordinates": [[[85.33492607325942, 28.32770175737468], [85.36103140650596, 28.32801788438786], [85.36067674806606, 28.35111712559077], [85.33456577216865, 28.35080069481527], [85.33492607325942, 28.32770175737468]]]}}, {"type": "Feature", "properties": {"task_name": "rasuwa n235", "observation_time": "2026-08-26T00:00:00Z", "sample_category": "ranked", "sample_number": 0.0022, "sample_true_false": false, "window_id": "n235", "status": "ranked", "rank": 105.0, "valid_event_frac": 0.6604, "source": "neighbors"}, "geometry": {"type": "Polygon", "coordinates": [[[85.32695874977702, 28.312331094806584], [85.35306022361958, 28.312648589009665], [85.35270406928831, 28.33574778968315], [85.32659695731515, 28.33542999029584], [85.32695874977702, 28.312331094806584]]]}}, {"type": "Feature", "properties": {"task_name": "rasuwa n236", "observation_time": "2026-08-26T00:00:00Z", "sample_category": "unobservable", "sample_number": -1.0, "sample_true_false": false, "window_id": "n236", "status": "unobservable", "rank": null, "valid_event_frac": 0.1658, "source": "neighbors"}, "geometry": {"type": "Polygon", "coordinates": [[[85.23937829220606, 27.69373556350699], [85.2653299278507, 27.694063129360373], [85.26496443833933, 27.717163360482044], [85.23900734160397, 27.716835475089166], [85.23937829220606, 27.69373556350699]]]}}, {"type": "Feature", "properties": {"task_name": "rasuwa n237", "observation_time": "2026-08-26T00:00:00Z", "sample_category": "ranked", "sample_number": 0.026, "sample_true_false": false, "window_id": "n237", "status": "ranked", "rank": 16.0, "valid_event_frac": 0.2632, "source": "neighbors"}, "geometry": {"type": "Polygon", "coordinates": [[[85.46432889034801, 27.731835222678303], [85.49029246202493, 27.732120994613208], [85.48997384678124, 27.755223678619373], [85.46400480084579, 27.754937628142475], [85.46432889034801, 27.731835222678303]]]}}, {"type": "Feature", "properties": {"task_name": "rasuwa n238", "observation_time": "2026-08-26T00:00:00Z", "sample_category": "unobservable", "sample_number": -1.0, "sample_true_false": false, "window_id": "n238", "status": "unobservable", "rank": null, "valid_event_frac": 0.0, "source": "neighbors"}, "geometry": {"type": "Polygon", "coordinates": [[[85.34264409960196, 27.985523616773445], [85.36866665488895, 27.98583479918454], [85.36831867277911, 28.008935282901046], [85.34229057273, 28.008623799050902], [85.34264409960196, 27.985523616773445]]]}}, {"type": "Feature", "properties": {"task_name": "rasuwa n239", "observation_time": "2026-08-26T00:00:00Z", "sample_category": "unobservable", "sample_number": -1.0, "sample_true_false": false, "window_id": "n239", "status": "unobservable", "rank": null, "valid_event_frac": 0.0005, "source": "neighbors"}, "geometry": {"type": "Polygon", "coordinates": [[[85.34034637546061, 27.96762347419778], [85.3663646050627, 27.96793490932015], [85.36601639436327, 27.991035426598156], [85.33999262511344, 27.990723689662975], [85.34034637546061, 27.96762347419778]]]}}, {"type": "Feature", "properties": {"task_name": "rasuwa n240", "observation_time": "2026-08-26T00:00:00Z", "sample_category": "unobservable", "sample_number": -1.0, "sample_true_false": false, "window_id": "n240", "status": "unobservable", "rank": null, "valid_event_frac": 0.0457, "source": "neighbors"}, "geometry": {"type": "Polygon", "coordinates": [[[85.33131915791836, 27.951962727633852], [85.35733351410312, 27.952275709516638], [85.3569836096307, 27.975376174792082], [85.33096371834783, 27.975062889485024], [85.33131915791836, 27.951962727633852]]]}}, {"type": "Feature", "properties": {"task_name": "rasuwa n241", "observation_time": "2026-08-26T00:00:00Z", "sample_category": "ranked", "sample_number": 0.0281, "sample_true_false": false, "window_id": "n241", "status": "ranked", "rank": 11.0, "valid_event_frac": 0.3562, "source": "neighbors"}, "geometry": {"type": "Polygon", "coordinates": [[[85.31388177145088, 27.946251202601037], [85.33989452834788, 27.946567420870085], [85.33954099518948, 27.96966770172788], [85.31352270501179, 27.969351176857725], [85.31388177145088, 27.946251202601037]]]}}, {"type": "Feature", "properties": {"task_name": "rasuwa n242", "observation_time": "2026-08-26T00:00:00Z", "sample_category": "ranked", "sample_number": 0.002, "sample_true_false": false, "window_id": "n242", "status": "ranked", "rank": 110.0, "valid_event_frac": 0.9819, "source": "neighbors"}, "geometry": {"type": "Polygon", "coordinates": [[[85.22278803658205, 27.893033352423565], [85.24878681654425, 27.89336620224487], [85.24841472198518, 27.916465563028904], [85.2224104248886, 27.916132390083128], [85.22278803658205, 27.893033352423565]]]}}, {"type": "Feature", "properties": {"task_name": "rasuwa n243", "observation_time": "2026-08-26T00:00:00Z", "sample_category": "ranked", "sample_number": 0.0269, "sample_true_false": false, "window_id": "n243", "status": "ranked", "rank": 13.0, "valid_event_frac": 0.2271, "source": "neighbors"}, "geometry": {"type": "Polygon", "coordinates": [[[85.16525682408869, 27.782498732257395], [85.19122845018241, 27.782841187586993], [85.19084591851161, 27.805940194100998], [85.16486880721735, 27.805597405442583], [85.16525682408869, 27.782498732257395]]]}}, {"type": "Feature", "properties": {"task_name": "rasuwa n244", "observation_time": "2026-08-26T00:00:00Z", "sample_category": "ranked", "sample_number": 0.0111, "sample_true_false": false, "window_id": "n244", "status": "ranked", "rank": 38.0, "valid_event_frac": 0.2202, "source": "neighbors"}, "geometry": {"type": "Polygon", "coordinates": [[[85.2275201842022, 27.779034201675934], [85.25349187188543, 27.77936491852425], [85.2531225582819, 27.8024647191025], [85.22714538563048, 27.802133680312895], [85.2275201842022, 27.779034201675934]]]}}, {"type": "Feature", "properties": {"task_name": "rasuwa n245", "observation_time": "2026-08-26T00:00:00Z", "sample_category": "ranked", "sample_number": 0.0336, "sample_true_false": false, "window_id": "n245", "status": "ranked", "rank": 6.0, "valid_event_frac": 0.3413, "source": "neighbors"}, "geometry": {"type": "Polygon", "coordinates": [[[85.41094033531184, 27.772300375617757], [85.43691285047997, 27.77259655960055], [85.436582407244, 27.795698528557995], [85.4106044069642, 27.795402056176144], [85.41094033531184, 27.772300375617757]]]}}, {"type": "Feature", "properties": {"task_name": "rasuwa n246", "observation_time": "2026-08-26T00:00:00Z", "sample_category": "ranked", "sample_number": 0.0213, "sample_true_false": false, "window_id": "n246", "status": "ranked", "rank": 22.0, "valid_event_frac": 0.366, "source": "neighbors"}, "geometry": {"type": "Polygon", "coordinates": [[[85.41123223427587, 27.755000457297978], [85.43720064664754, 27.75529641776555], [85.4368705058426, 27.778398447727046], [85.410896613234, 27.778102198956727], [85.41123223427587, 27.755000457297978]]]}}, {"type": "Feature", "properties": {"task_name": "rasuwa n247", "observation_time": "2026-08-26T00:00:00Z", "sample_category": "ranked", "sample_number": 0.0019, "sample_true_false": false, "window_id": "n247", "status": "ranked", "rank": 114.0, "valid_event_frac": 0.8857, "source": "neighbors"}, "geometry": {"type": "Polygon", "coordinates": [[[85.40299578924261, 27.731379806959954], [85.4289584975602, 27.73167708245602], [85.4286269475052, 27.754779100021285], [85.40265876569195, 27.754481534775966], [85.40299578924261, 27.731379806959954]]]}}, {"type": "Feature", "properties": {"task_name": "rasuwa n248", "observation_time": "2026-08-26T00:00:00Z", "sample_category": "ranked", "sample_number": 0.0059, "sample_true_false": false, "window_id": "n248", "status": "ranked", "rank": 65.0, "valid_event_frac": 0.7839, "source": "neighbors"}, "geometry": {"type": "Polygon", "coordinates": [[[85.38396875617734, 27.72383815419719], [85.4099294372711, 27.724138924813207], [85.40959397940787, 27.747240754921975], [85.38362782714375, 27.746939691098895], [85.38396875617734, 27.72383815419719]]]}}, {"type": "Feature", "properties": {"task_name": "rasuwa n249", "observation_time": "2026-08-26T00:00:00Z", "sample_category": "ranked", "sample_number": 0.0029, "sample_true_false": false, "window_id": "n249", "status": "ranked", "rank": 97.0, "valid_event_frac": 0.3354, "source": "neighbors"}, "geometry": {"type": "Polygon", "coordinates": [[[85.3668527527573, 27.70510670960099], [85.3928087802467, 27.705410502907895], [85.39246998010066, 27.728512202045433], [85.36650848689538, 27.728208112451846], [85.3668527527573, 27.70510670960099]]]}}, {"type": "Feature", "properties": {"task_name": "rasuwa n250", "observation_time": "2026-08-26T00:00:00Z", "sample_category": "ranked", "sample_number": 0.0019, "sample_true_false": false, "window_id": "n250", "status": "ranked", "rank": 112.0, "valid_event_frac": 0.3774, "source": "neighbors"}, "geometry": {"type": "Polygon", "coordinates": [[[85.28911078091176, 27.71119985692436], [85.31506722794751, 27.711518287517823], [85.31471195237405, 27.73461906159094], [85.28875003876672, 27.734300320493734], [85.28911078091176, 27.71119985692436]]]}}, {"type": "Feature", "properties": {"task_name": "rasuwa n251", "observation_time": "2026-08-26T00:00:00Z", "sample_category": "ranked", "sample_number": 0.0015, "sample_true_false": false, "window_id": "n251", "status": "ranked", "rank": 119.0, "valid_event_frac": 0.6682, "source": "neighbors"}, "geometry": {"type": "Polygon", "coordinates": [[[85.37761599235873, 27.933626896090626], [85.40362655643429, 27.933930946142222], [85.40328677284192, 27.957032002983574], [85.37727067836512, 27.956727658030175], [85.37761599235873, 27.933626896090626]]]}}, {"type": "Feature", "properties": {"task_name": "rasuwa n252", "observation_time": "2026-08-26T00:00:00Z", "sample_category": "ranked", "sample_number": 0.0109, "sample_true_false": false, "window_id": "n252", "status": "ranked", "rank": 39.0, "valid_event_frac": 0.5371, "source": "neighbors"}, "geometry": {"type": "Polygon", "coordinates": [[[85.3448910407449, 28.274382833195975], [85.37098349447324, 28.274696514952584], [85.37063177295951, 28.297796051566458], [85.3445336918224, 28.297482068019836], [85.3448910407449, 28.274382833195975]]]}}, {"type": "Feature", "properties": {"task_name": "rasuwa n253", "observation_time": "2026-08-26T00:00:00Z", "sample_category": "ranked", "sample_number": 0.0084, "sample_true_false": false, "window_id": "n253", "status": "ranked", "rank": 50.0, "valid_event_frac": 0.5796, "source": "neighbors"}, "geometry": {"type": "Polygon", "coordinates": [[[85.38857315296266, 27.94786782196417], [85.41458726793365, 27.94816994305624], [85.41424961431872, 27.971271075373586], [85.38822996478498, 27.970968661349207], [85.38857315296266, 27.94786782196417]]]}}, {"type": "Feature", "properties": {"task_name": "rasuwa n254", "observation_time": "2026-08-26T00:00:00Z", "sample_category": "ranked", "sample_number": 0.0048, "sample_true_false": false, "window_id": "n254", "status": "ranked", "rank": 75.0, "valid_event_frac": 0.5073, "source": "neighbors"}, "geometry": {"type": "Polygon", "coordinates": [[[85.36535394003901, 28.140845114277624], [85.39141423066391, 28.141153553985742], [85.39106885462233, 28.164253775395178], [85.3650029746748, 28.163945038003327], [85.36535394003901, 28.140845114277624]]]}}, {"type": "Feature", "properties": {"task_name": "rasuwa n255", "observation_time": "2026-08-26T00:00:00Z", "sample_category": "ranked", "sample_number": 0.0039, "sample_true_false": false, "window_id": "n255", "status": "ranked", "rank": 82.0, "valid_event_frac": 0.4412, "source": "neighbors"}, "geometry": {"type": "Polygon", "coordinates": [[[85.34622611048121, 28.140903405729592], [85.37228616689019, 28.14121548330459], [85.37193668408234, 28.164315485712645], [85.34587103854633, 28.1640031069462], [85.34622611048121, 28.140903405729592]]]}}, {"type": "Feature", "properties": {"task_name": "rasuwa n256", "observation_time": "2026-08-26T00:00:00Z", "sample_category": "unobservable", "sample_number": -1.0, "sample_true_false": false, "window_id": "n256", "status": "unobservable", "rank": null, "valid_event_frac": 0.0, "source": "neighbors"}, "geometry": {"type": "Polygon", "coordinates": [[[85.6469903010024, 28.06898059696801], [85.67303654792816, 28.069234884524455], [85.67275248480442, 28.092338270301006], [85.64670066626503, 28.09208373687444], [85.6469903010024, 28.06898059696801]]]}}, {"type": "Feature", "properties": {"task_name": "rasuwa n257", "observation_time": "2026-08-26T00:00:00Z", "sample_category": "unobservable", "sample_number": -1.0, "sample_true_false": false, "window_id": "n257", "status": "unobservable", "rank": null, "valid_event_frac": 0.0139, "source": "neighbors"}, "geometry": {"type": "Polygon", "coordinates": [[[85.64261273244729, 28.052040244604868], [85.66865484922499, 28.052295222299175], [85.66837005092232, 28.075398623934458], [85.64232236740544, 28.07514339960379], [85.64261273244729, 28.052040244604868]]]}}, {"type": "Feature", "properties": {"task_name": "rasuwa n258", "observation_time": "2026-08-26T00:00:00Z", "sample_category": "unobservable", "sample_number": -1.0, "sample_true_false": false, "window_id": "n258", "status": "unobservable", "rank": null, "valid_event_frac": 0.011, "source": "neighbors"}, "geometry": {"type": "Polygon", "coordinates": [[[85.63681531519276, 28.035149764891067], [85.66285330201411, 28.035405701294543], [85.66256746574186, 28.05850910504695], [85.63652391705133, 28.05825292098073], [85.63681531519276, 28.035149764891067]]]}}, {"type": "Feature", "properties": {"task_name": "rasuwa n259", "observation_time": "2026-08-26T00:00:00Z", "sample_category": "unobservable", "sample_number": -1.0, "sample_true_false": false, "window_id": "n259", "status": "unobservable", "rank": null, "valid_event_frac": 0.0088, "source": "neighbors"}, "geometry": {"type": "Polygon", "coordinates": [[[85.62828968186645, 28.005289073529905], [85.65432039398517, 28.005546375454884], [85.65403309477497, 28.028649798720554], [85.6279968293734, 28.02839224763486], [85.62828968186645, 28.005289073529905]]]}}, {"type": "Feature", "properties": {"task_name": "rasuwa n260", "observation_time": "2026-08-26T00:00:00Z", "sample_category": "ranked", "sample_number": 0.0198, "sample_true_false": false, "window_id": "n260", "status": "ranked", "rank": 24.0, "valid_event_frac": 0.2092, "source": "neighbors"}, "geometry": {"type": "Polygon", "coordinates": [[[85.40040034644157, 28.312237695308557], [85.42650274776132, 28.312541145433464], [85.42616247301937, 28.335641182370544], [85.40005443277775, 28.335337440549626], [85.40040034644157, 28.312237695308557]]]}}, {"type": "Feature", "properties": {"task_name": "rasuwa n261", "observation_time": "2026-08-26T00:00:00Z", "sample_category": "ranked", "sample_number": 0.0299, "sample_true_false": false, "window_id": "n261", "status": "ranked", "rank": 8.0, "valid_event_frac": 0.5552, "source": "neighbors"}, "geometry": {"type": "Polygon", "coordinates": [[[85.396782666023, 28.2956474232833], [85.42288097264297, 28.29595140281543], [85.4225401510289, 28.319051455579164], [85.39643621030518, 28.318747183729364], [85.396782666023, 28.2956474232833]]]}}, {"type": "Feature", "properties": {"task_name": "rasuwa n262", "observation_time": "2026-08-26T00:00:00Z", "sample_category": "ranked", "sample_number": 0.0856, "sample_true_false": false, "window_id": "n262", "status": "ranked", "rank": 1.0, "valid_event_frac": 0.2937, "source": "neighbors"}, "geometry": {"type": "Polygon", "coordinates": [[[85.38442549410598, 28.283316352474543], [85.41052063633111, 28.28362257201344], [85.4101773211034, 28.306722528164176], [85.38407654845955, 28.306416014070372], [85.38442549410598, 28.283316352474543]]]}}, {"type": "Feature", "properties": {"task_name": "rasuwa n263", "observation_time": "2026-08-26T00:00:00Z", "sample_category": "ranked", "sample_number": 0.0089, "sample_true_false": false, "window_id": "n263", "status": "ranked", "rank": 44.0, "valid_event_frac": 0.5457, "source": "neighbors"}, "geometry": {"type": "Polygon", "coordinates": [[[85.31810872489947, 27.790422123897848], [85.34408435053084, 27.790735935865214], [85.3437340197097, 27.81383678793443], [85.31775290486004, 27.81352267055197], [85.31810872489947, 27.790422123897848]]]}}, {"type": "Feature", "properties": {"task_name": "rasuwa n265", "observation_time": "2026-08-26T00:00:00Z", "sample_category": "ranked", "sample_number": 0.0056, "sample_true_false": false, "window_id": "n265", "status": "ranked", "rank": 69.0, "valid_event_frac": 0.262, "source": "neighbors"}, "geometry": {"type": "Polygon", "coordinates": [[[85.37730366087588, 27.68641769195267], [85.40325540157843, 27.686719339854985], [85.40291906941067, 27.709821219674197], [85.37696186813507, 27.709519277441647], [85.37730366087588, 27.68641769195267]]]}}, {"type": "Feature", "properties": {"task_name": "rasuwa n266", "observation_time": "2026-08-26T00:00:00Z", "sample_category": "ranked", "sample_number": 0.0076, "sample_true_false": false, "window_id": "n266", "status": "ranked", "rank": 56.0, "valid_event_frac": 0.387, "source": "neighbors"}, "geometry": {"type": "Polygon", "coordinates": [[[85.34668887428793, 27.670245055695073], [85.37263639875874, 27.670552274787937], [85.37229385356116, 27.693653859574194], [85.34634087339214, 27.69334634060096], [85.34668887428793, 27.670245055695073]]]}}, {"type": "Feature", "properties": {"task_name": "rasuwa n267", "observation_time": "2026-08-26T00:00:00Z", "sample_category": "unobservable", "sample_number": -1.0, "sample_true_false": false, "window_id": "n267", "status": "unobservable", "rank": null, "valid_event_frac": 0.1177, "source": "neighbors"}, "geometry": {"type": "Polygon", "coordinates": [[[85.43497990718339, 28.36850063486467], [85.46109649804137, 28.368798009852114], [85.46076292057923, 28.39189823672778], [85.43464067419599, 28.391600576253868], [85.43497990718339, 28.36850063486467]]]}}, {"type": "Feature", "properties": {"task_name": "rasuwa n268", "observation_time": "2026-08-26T00:00:00Z", "sample_category": "ranked", "sample_number": 0.0121, "sample_true_false": false, "window_id": "n268", "status": "ranked", "rank": 35.0, "valid_event_frac": 0.4253, "source": "neighbors"}, "geometry": {"type": "Polygon", "coordinates": [[[85.43787154572539, 28.35143094883731], [85.4639839943825, 28.351727607246783], [85.46365127958859, 28.37482792336037], [85.43753318030356, 28.374530980038855], [85.43787154572539, 28.35143094883731]]]}}]}